-- phpMyAdmin SQL Dump
-- version 4.7.4
-- https://www.phpmyadmin.net/
--
-- Host: 127.0.0.1
-- Generation Time: 14 Sep 2018 pada 12.40
-- Versi Server: 10.1.28-MariaDB
-- PHP Version: 7.1.11

SET SQL_MODE = "NO_AUTO_VALUE_ON_ZERO";
SET AUTOCOMMIT = 0;
START TRANSACTION;
SET time_zone = "+00:00";


/*!40101 SET @OLD_CHARACTER_SET_CLIENT=@@CHARACTER_SET_CLIENT */;
/*!40101 SET @OLD_CHARACTER_SET_RESULTS=@@CHARACTER_SET_RESULTS */;
/*!40101 SET @OLD_COLLATION_CONNECTION=@@COLLATION_CONNECTION */;
/*!40101 SET NAMES utf8mb4 */;

--
-- Database: `theklakklik`
--

-- --------------------------------------------------------

--
-- Struktur dari tabel `ci_sessions`
--

CREATE TABLE `ci_sessions` (
  `id` varchar(40) NOT NULL,
  `ip_address` varchar(45) NOT NULL,
  `timestamp` int(10) UNSIGNED NOT NULL DEFAULT '0',
  `data` blob NOT NULL
) ENGINE=InnoDB DEFAULT CHARSET=latin1;

--
-- Dumping data untuk tabel `ci_sessions`
--

INSERT INTO `ci_sessions` (`id`, `ip_address`, `timestamp`, `data`) VALUES
('0vs0u2ea0jq6t1khsq878ke5q2osdb0u', '::1', 1536915409, 0x5f5f63695f6c6173745f726567656e65726174657c693a313533363931353430393b637573746f6d65725f69647c733a313a2239223b637573746f6d65725f6e616d615f757365727c733a363a227869616f6d69223b637573746f6d65725f656d61696c5f757365727c733a31353a2261646d696e40676d61696c2e636f6d223b637573746f6d65725f6c6f67696e5f73657373696f6e7c733a383a227575326365703169223b637573746f6d65725f746573745f73657373696f6e7c733a31353a224164612053657373696f6e204b6f6b223b637573746f6d65725f6c6576656c7c733a313a2230223b637573746f6d65725f70686f746f7c733a303a22223b637573746f6d65725f7065727573616861616e7c733a363a2247726f6f7468223b637573746f6d65725f616c616d61747c733a303a22223b6b6563616d6174616e5f6b656c75726168616e7c733a303a22223b637573746f6d65725f6b6f64655f706f737c733a303a22223b637573746f6d65725f6e6f5f74656c707c733a31313a223038393735313238353332223b69647c4e3b6e616d615f757365727c733a343a224661697a223b656d61696c5f757365727c733a31343a226661697a40676d61696c2e636f6d223b6c6f67696e5f73657373696f6e7c733a373a22616c6c6f776564223b746573745f73657373696f6e7c733a31353a224164612053657373696f6e204b6f6b223b6c6576656c7c733a323a223130223b70686f746f7c733a33363a2263326139396339326630363838656462323165653065633437333231316334332e6a7067223b),
('2ev8pntkoa54ficbrbgtuivgjeoib5ja', '::1', 1536917113, 0x5f5f63695f6c6173745f726567656e65726174657c693a313533363931373131333b637573746f6d65725f69647c733a313a2239223b637573746f6d65725f6e616d615f757365727c733a363a227869616f6d69223b637573746f6d65725f656d61696c5f757365727c733a31353a2261646d696e40676d61696c2e636f6d223b637573746f6d65725f6c6f67696e5f73657373696f6e7c733a383a227575326365703169223b637573746f6d65725f746573745f73657373696f6e7c733a31353a224164612053657373696f6e204b6f6b223b637573746f6d65725f6c6576656c7c733a313a2230223b637573746f6d65725f70686f746f7c733a303a22223b637573746f6d65725f7065727573616861616e7c733a363a2247726f6f7468223b637573746f6d65725f616c616d61747c733a303a22223b6b6563616d6174616e5f6b656c75726168616e7c733a303a22223b637573746f6d65725f6b6f64655f706f737c733a303a22223b637573746f6d65725f6e6f5f74656c707c733a31313a223038393735313238353332223b69647c4e3b6e616d615f757365727c733a343a224661697a223b656d61696c5f757365727c733a31343a226661697a40676d61696c2e636f6d223b6c6f67696e5f73657373696f6e7c733a373a22616c6c6f776564223b746573745f73657373696f6e7c733a31353a224164612053657373696f6e204b6f6b223b6c6576656c7c733a323a223130223b70686f746f7c733a33363a2263326139396339326630363838656462323165653065633437333231316334332e6a7067223b),
('2og407iv31v0te2qh2dls1ra3v26sh71', '::1', 1536913386, 0x5f5f63695f6c6173745f726567656e65726174657c693a313533363931333338363b637573746f6d65725f69647c733a313a2239223b637573746f6d65725f6e616d615f757365727c733a363a227869616f6d69223b637573746f6d65725f656d61696c5f757365727c733a31353a2261646d696e40676d61696c2e636f6d223b637573746f6d65725f6c6f67696e5f73657373696f6e7c733a383a227575326365703169223b637573746f6d65725f746573745f73657373696f6e7c733a31353a224164612053657373696f6e204b6f6b223b637573746f6d65725f6c6576656c7c733a313a2230223b637573746f6d65725f70686f746f7c733a303a22223b637573746f6d65725f7065727573616861616e7c733a363a2247726f6f7468223b637573746f6d65725f616c616d61747c733a303a22223b6b6563616d6174616e5f6b656c75726168616e7c733a303a22223b637573746f6d65725f6b6f64655f706f737c733a303a22223b637573746f6d65725f6e6f5f74656c707c733a31313a223038393735313238353332223b69647c4e3b6e616d615f757365727c733a343a224661697a223b656d61696c5f757365727c733a31343a226661697a40676d61696c2e636f6d223b6c6f67696e5f73657373696f6e7c733a373a22616c6c6f776564223b746573745f73657373696f6e7c733a31353a224164612053657373696f6e204b6f6b223b6c6576656c7c733a323a223130223b70686f746f7c733a33363a2263326139396339326630363838656462323165653065633437333231316334332e6a7067223b),
('2qv47m04kutuvfsn4tbqfkojj324avra', '::1', 1536919996, 0x5f5f63695f6c6173745f726567656e65726174657c693a313533363931393739393b637573746f6d65725f69647c733a313a2239223b637573746f6d65725f6e616d615f757365727c733a363a227869616f6d69223b637573746f6d65725f656d61696c5f757365727c733a31353a2261646d696e40676d61696c2e636f6d223b637573746f6d65725f6c6f67696e5f73657373696f6e7c733a383a227575326365703169223b637573746f6d65725f746573745f73657373696f6e7c733a31353a224164612053657373696f6e204b6f6b223b637573746f6d65725f6c6576656c7c733a313a2230223b637573746f6d65725f70686f746f7c733a303a22223b637573746f6d65725f7065727573616861616e7c733a363a2247726f6f7468223b637573746f6d65725f616c616d61747c733a303a22223b6b6563616d6174616e5f6b656c75726168616e7c733a303a22223b637573746f6d65725f6b6f64655f706f737c733a303a22223b637573746f6d65725f6e6f5f74656c707c733a31313a223038393735313238353332223b69647c4e3b6e616d615f757365727c733a343a224661697a223b656d61696c5f757365727c733a31343a226661697a40676d61696c2e636f6d223b6c6f67696e5f73657373696f6e7c733a373a22616c6c6f776564223b746573745f73657373696f6e7c733a31353a224164612053657373696f6e204b6f6b223b6c6576656c7c733a323a223130223b70686f746f7c733a33363a2263326139396339326630363838656462323165653065633437333231316334332e6a7067223b),
('4bn3cka7b9dgbgg54p94v8kr4i4u1ftb', '::1', 1536909423, 0x5f5f63695f6c6173745f726567656e65726174657c693a313533363930393432313b637573746f6d65725f69647c733a313a2231223b637573746f6d65725f6e616d615f757365727c733a343a224661697a223b637573746f6d65725f656d61696c5f757365727c733a31343a226661697a407961686f6f2e636f6d223b637573746f6d65725f6c6f67696e5f73657373696f6e7c733a383a227575326365703169223b637573746f6d65725f746573745f73657373696f6e7c733a31353a224164612053657373696f6e204b6f6b223b637573746f6d65725f6c6576656c7c733a313a2232223b637573746f6d65725f70686f746f7c733a393a2264756d6d792e6a7067223b637573746f6d65725f7065727573616861616e7c733a31343a2247726f6f746820436f6d70616e79223b637573746f6d65725f616c616d61747c733a32343a2252617761204c756d627520426c6f6b204e39204e6f203830223b6b6563616d6174616e5f6b656c75726168616e7c733a393a224e61726f676f6e6720223b637573746f6d65725f6b6f64655f706f737c733a353a223137313531223b637573746f6d65725f6e6f5f74656c707c733a31303a2230383838393939313233223b),
('4omhibb5b9973gh59c2fhpapb8qha1qe', '::1', 1536911111, 0x5f5f63695f6c6173745f726567656e65726174657c693a313533363931313131313b637573746f6d65725f69647c733a32313a22313135333333323532353331343831333039393737223b637573746f6d65725f6e616d615f757365727c733a383a227365652067756e73223b637573746f6d65725f656d61696c5f757365727c733a32313a226661697a73656567756e7340676d61696c2e636f6d223b637573746f6d65725f6c6f67696e5f73657373696f6e7c733a383a227575326365703169223b637573746f6d65725f746573745f73657373696f6e7c733a31353a224164612053657373696f6e204b6f6b223b637573746f6d65725f6c6576656c7c733a313a2234223b637573746f6d65725f70686f746f7c733a39323a2268747470733a2f2f6c68352e676f6f676c6575736572636f6e74656e742e636f6d2f2d5f4d473954674c653138772f41414141414141414141492f41414141414141414166302f422d396b635373625a48342f70686f746f2e6a7067223b637573746f6d65725f7065727573616861616e7c733a303a22223b637573746f6d65725f616c616d61747c733a303a22223b6b6563616d6174616e5f6b656c75726168616e7c733a303a22223b637573746f6d65725f6b6f64655f706f737c733a303a22223b637573746f6d65725f6e6f5f74656c707c733a303a22223b6c6f67676564496e7c623a313b75736572446174617c613a393a7b733a31343a226f617574685f70726f7669646572223b733a363a22676f6f676c65223b733a393a226f617574685f756964223b733a32313a22313135333333323532353331343831333039393737223b733a31303a2266697273745f6e616d65223b733a333a22736565223b733a393a226c6173745f6e616d65223b733a343a2267756e73223b733a353a22656d61696c223b733a32313a226661697a73656567756e7340676d61696c2e636f6d223b733a363a2267656e646572223b733a343a226d616c65223b733a363a226c6f63616c65223b733a323a22696e223b733a31313a2270726f66696c655f75726c223b733a34353a2268747470733a2f2f706c75732e676f6f676c652e636f6d2f313135333333323532353331343831333039393737223b733a31313a22706963747572655f75726c223b733a39323a2268747470733a2f2f6c68352e676f6f676c6575736572636f6e74656e742e636f6d2f2d5f4d473954674c653138772f41414141414141414141492f41414141414141414166302f422d396b635373625a48342f70686f746f2e6a7067223b7d),
('77gdr5vfpjkntkvt764gf6mfigc25ota', '::1', 1536908245, 0x5f5f63695f6c6173745f726567656e65726174657c693a313533363930383234353b636172745f636f6e74656e74737c613a353a7b733a31303a22636172745f746f74616c223b643a31323334363437303b733a31313a22746f74616c5f6974656d73223b643a31323b733a33323a223139636131346537656136333238613432653065623133643538356534633232223b613a393a7b733a323a226964223b733a323a223336223b733a343a226e616d65223b733a363a22424a55393930223b733a353a227072696365223b643a3831303030303b733a31323a2270726963655f6265666f7265223b733a363a22393030303030223b733a333a22717479223b643a313b733a333a22676272223b733a33363a2235393036666462303661363138326236363632653565616633616431313533652e6a7067223b733a383a2269645f6272616e64223b733a323a223130223b733a353a22726f776964223b733a33323a223139636131346537656136333238613432653065623133643538356534633232223b733a383a22737562746f74616c223b643a3831303030303b7d733a33323a226533363938353364663736366661343465316564306666363133663536336264223b613a393a7b733a323a226964223b733a323a223334223b733a343a226e616d65223b733a31303a225847503530302d564143223b733a353a227072696365223b643a313434303435303b733a31323a2270726963655f6265666f7265223b733a373a2231363030353030223b733a333a22717479223b643a333b733a333a22676272223b733a33363a2232623064323237626466393833613864303035656630623230333738363135612e4a5047223b733a383a2269645f6272616e64223b733a313a2232223b733a353a22726f776964223b733a33323a226533363938353364663736366661343465316564306666363133663536336264223b733a383a22737562746f74616c223b643a343332313335303b7d733a33323a223163333833636433306237633239386162353032393361646665636237623138223b613a393a7b733a323a226964223b733a323a223335223b733a343a226e616d65223b733a31313a22455a433130304833313030223b733a353a227072696365223b643a3930313839303b733a31323a2270726963655f6265666f7265223b733a373a2231303032313030223b733a333a22717479223b643a383b733a333a22676272223b733a33363a2230393539353339363962373836346635633431643161633465356133633430302e4a5047223b733a383a2269645f6272616e64223b733a313a2232223b733a353a22726f776964223b733a33323a223163333833636433306237633239386162353032393361646665636237623138223b733a383a22737562746f74616c223b643a373231353132303b7d7d637573746f6d65725f69647c733a313a2231223b637573746f6d65725f6e616d615f757365727c733a343a224661697a223b637573746f6d65725f656d61696c5f757365727c733a31343a226661697a407961686f6f2e636f6d223b637573746f6d65725f6c6f67696e5f73657373696f6e7c733a383a227575326365703169223b637573746f6d65725f746573745f73657373696f6e7c733a31353a224164612053657373696f6e204b6f6b223b637573746f6d65725f6c6576656c7c733a313a2232223b637573746f6d65725f70686f746f7c733a393a2264756d6d792e6a7067223b637573746f6d65725f7065727573616861616e7c733a31343a2247726f6f746820436f6d70616e79223b637573746f6d65725f616c616d61747c733a32343a2252617761204c756d627520426c6f6b204e39204e6f203830223b6b6563616d6174616e5f6b656c75726168616e7c733a393a224e61726f676f6e6720223b637573746f6d65725f6b6f64655f706f737c733a353a223137313531223b637573746f6d65725f6e6f5f74656c707c733a31303a2230383838393939313233223b),
('b04dqv4rha1ajunubvemcpf0an5elo2e', '::1', 1536908924, 0x5f5f63695f6c6173745f726567656e65726174657c693a313533363930383932343b637573746f6d65725f69647c733a313a2231223b637573746f6d65725f6e616d615f757365727c733a343a224661697a223b637573746f6d65725f656d61696c5f757365727c733a31343a226661697a407961686f6f2e636f6d223b637573746f6d65725f6c6f67696e5f73657373696f6e7c733a383a227575326365703169223b637573746f6d65725f746573745f73657373696f6e7c733a31353a224164612053657373696f6e204b6f6b223b637573746f6d65725f6c6576656c7c733a313a2232223b637573746f6d65725f70686f746f7c733a393a2264756d6d792e6a7067223b637573746f6d65725f7065727573616861616e7c733a31343a2247726f6f746820436f6d70616e79223b637573746f6d65725f616c616d61747c733a32343a2252617761204c756d627520426c6f6b204e39204e6f203830223b6b6563616d6174616e5f6b656c75726168616e7c733a393a224e61726f676f6e6720223b637573746f6d65725f6b6f64655f706f737c733a353a223137313531223b637573746f6d65725f6e6f5f74656c707c733a31303a2230383838393939313233223b),
('d40s0f4vm5mq62ai5cvuh1a8ummjjda6', '::1', 1536915009, 0x5f5f63695f6c6173745f726567656e65726174657c693a313533363931353030393b637573746f6d65725f69647c733a313a2239223b637573746f6d65725f6e616d615f757365727c733a363a227869616f6d69223b637573746f6d65725f656d61696c5f757365727c733a31353a2261646d696e40676d61696c2e636f6d223b637573746f6d65725f6c6f67696e5f73657373696f6e7c733a383a227575326365703169223b637573746f6d65725f746573745f73657373696f6e7c733a31353a224164612053657373696f6e204b6f6b223b637573746f6d65725f6c6576656c7c733a313a2230223b637573746f6d65725f70686f746f7c733a303a22223b637573746f6d65725f7065727573616861616e7c733a363a2247726f6f7468223b637573746f6d65725f616c616d61747c733a303a22223b6b6563616d6174616e5f6b656c75726168616e7c733a303a22223b637573746f6d65725f6b6f64655f706f737c733a303a22223b637573746f6d65725f6e6f5f74656c707c733a31313a223038393735313238353332223b69647c4e3b6e616d615f757365727c733a343a224661697a223b656d61696c5f757365727c733a31343a226661697a40676d61696c2e636f6d223b6c6f67696e5f73657373696f6e7c733a373a22616c6c6f776564223b746573745f73657373696f6e7c733a31353a224164612053657373696f6e204b6f6b223b6c6576656c7c733a323a223130223b70686f746f7c733a33363a2263326139396339326630363838656462323165653065633437333231316334332e6a7067223b),
('ddhoce3bv1vu1tteigaa4122vf81qrg7', '::1', 1536913727, 0x5f5f63695f6c6173745f726567656e65726174657c693a313533363931333732373b637573746f6d65725f69647c733a313a2239223b637573746f6d65725f6e616d615f757365727c733a363a227869616f6d69223b637573746f6d65725f656d61696c5f757365727c733a31353a2261646d696e40676d61696c2e636f6d223b637573746f6d65725f6c6f67696e5f73657373696f6e7c733a383a227575326365703169223b637573746f6d65725f746573745f73657373696f6e7c733a31353a224164612053657373696f6e204b6f6b223b637573746f6d65725f6c6576656c7c733a313a2230223b637573746f6d65725f70686f746f7c733a303a22223b637573746f6d65725f7065727573616861616e7c733a363a2247726f6f7468223b637573746f6d65725f616c616d61747c733a303a22223b6b6563616d6174616e5f6b656c75726168616e7c733a303a22223b637573746f6d65725f6b6f64655f706f737c733a303a22223b637573746f6d65725f6e6f5f74656c707c733a31313a223038393735313238353332223b69647c4e3b6e616d615f757365727c733a343a224661697a223b656d61696c5f757365727c733a31343a226661697a40676d61696c2e636f6d223b6c6f67696e5f73657373696f6e7c733a373a22616c6c6f776564223b746573745f73657373696f6e7c733a31353a224164612053657373696f6e204b6f6b223b6c6576656c7c733a323a223130223b70686f746f7c733a33363a2263326139396339326630363838656462323165653065633437333231316334332e6a7067223b),
('e3j9ri13vv8afu7ln0sgj4201k2h65mp', '::1', 1536909728, 0x5f5f63695f6c6173745f726567656e65726174657c693a313533363930393732383b637573746f6d65725f69647c733a313a2231223b637573746f6d65725f6e616d615f757365727c733a343a224661697a223b637573746f6d65725f656d61696c5f757365727c733a31343a226661697a407961686f6f2e636f6d223b637573746f6d65725f6c6f67696e5f73657373696f6e7c733a383a227575326365703169223b637573746f6d65725f746573745f73657373696f6e7c733a31353a224164612053657373696f6e204b6f6b223b637573746f6d65725f6c6576656c7c733a313a2232223b637573746f6d65725f70686f746f7c733a393a2264756d6d792e6a7067223b637573746f6d65725f7065727573616861616e7c733a31343a2247726f6f746820436f6d70616e79223b637573746f6d65725f616c616d61747c733a32343a2252617761204c756d627520426c6f6b204e39204e6f203830223b6b6563616d6174616e5f6b656c75726168616e7c733a393a224e61726f676f6e6720223b637573746f6d65725f6b6f64655f706f737c733a353a223137313531223b637573746f6d65725f6e6f5f74656c707c733a31303a2230383838393939313233223b69647c4e3b6e616d615f757365727c733a343a224661697a223b656d61696c5f757365727c733a31343a226661697a40676d61696c2e636f6d223b6c6f67696e5f73657373696f6e7c733a373a22616c6c6f776564223b746573745f73657373696f6e7c733a31353a224164612053657373696f6e204b6f6b223b6c6576656c7c733a323a223130223b70686f746f7c733a33363a2263326139396339326630363838656462323165653065633437333231316334332e6a7067223b),
('et96p7giq6e8tkmohfu6kjtlobj2h8su', '::1', 1536914038, 0x5f5f63695f6c6173745f726567656e65726174657c693a313533363931343033383b637573746f6d65725f69647c733a313a2239223b637573746f6d65725f6e616d615f757365727c733a363a227869616f6d69223b637573746f6d65725f656d61696c5f757365727c733a31353a2261646d696e40676d61696c2e636f6d223b637573746f6d65725f6c6f67696e5f73657373696f6e7c733a383a227575326365703169223b637573746f6d65725f746573745f73657373696f6e7c733a31353a224164612053657373696f6e204b6f6b223b637573746f6d65725f6c6576656c7c733a313a2230223b637573746f6d65725f70686f746f7c733a303a22223b637573746f6d65725f7065727573616861616e7c733a363a2247726f6f7468223b637573746f6d65725f616c616d61747c733a303a22223b6b6563616d6174616e5f6b656c75726168616e7c733a303a22223b637573746f6d65725f6b6f64655f706f737c733a303a22223b637573746f6d65725f6e6f5f74656c707c733a31313a223038393735313238353332223b69647c4e3b6e616d615f757365727c733a343a224661697a223b656d61696c5f757365727c733a31343a226661697a40676d61696c2e636f6d223b6c6f67696e5f73657373696f6e7c733a373a22616c6c6f776564223b746573745f73657373696f6e7c733a31353a224164612053657373696f6e204b6f6b223b6c6576656c7c733a323a223130223b70686f746f7c733a33363a2263326139396339326630363838656462323165653065633437333231316334332e6a7067223b),
('k3jao1q7m4tj6f2bj6g5vbn6flmljh4v', '::1', 1536910344, 0x5f5f63695f6c6173745f726567656e65726174657c693a313533363931303334343b637573746f6d65725f69647c733a313a2231223b637573746f6d65725f6e616d615f757365727c733a343a224661697a223b637573746f6d65725f656d61696c5f757365727c733a31343a226661697a407961686f6f2e636f6d223b637573746f6d65725f6c6f67696e5f73657373696f6e7c733a383a227575326365703169223b637573746f6d65725f746573745f73657373696f6e7c733a31353a224164612053657373696f6e204b6f6b223b637573746f6d65725f6c6576656c7c733a313a2232223b637573746f6d65725f70686f746f7c733a393a2264756d6d792e6a7067223b637573746f6d65725f7065727573616861616e7c733a31343a2247726f6f746820436f6d70616e79223b637573746f6d65725f616c616d61747c733a32343a2252617761204c756d627520426c6f6b204e39204e6f203830223b6b6563616d6174616e5f6b656c75726168616e7c733a393a224e61726f676f6e6720223b637573746f6d65725f6b6f64655f706f737c733a353a223137313531223b637573746f6d65725f6e6f5f74656c707c733a31303a2230383838393939313233223b69647c4e3b6e616d615f757365727c733a343a224661697a223b656d61696c5f757365727c733a31343a226661697a40676d61696c2e636f6d223b6c6f67696e5f73657373696f6e7c733a373a22616c6c6f776564223b746573745f73657373696f6e7c733a31353a224164612053657373696f6e204b6f6b223b6c6576656c7c733a323a223130223b70686f746f7c733a33363a2263326139396339326630363838656462323165653065633437333231316334332e6a7067223b),
('n2e4hi6hta2ea0nv9kpddbhunapvaso2', '::1', 1536919799, 0x5f5f63695f6c6173745f726567656e65726174657c693a313533363931393739393b637573746f6d65725f69647c733a313a2239223b637573746f6d65725f6e616d615f757365727c733a363a227869616f6d69223b637573746f6d65725f656d61696c5f757365727c733a31353a2261646d696e40676d61696c2e636f6d223b637573746f6d65725f6c6f67696e5f73657373696f6e7c733a383a227575326365703169223b637573746f6d65725f746573745f73657373696f6e7c733a31353a224164612053657373696f6e204b6f6b223b637573746f6d65725f6c6576656c7c733a313a2230223b637573746f6d65725f70686f746f7c733a303a22223b637573746f6d65725f7065727573616861616e7c733a363a2247726f6f7468223b637573746f6d65725f616c616d61747c733a303a22223b6b6563616d6174616e5f6b656c75726168616e7c733a303a22223b637573746f6d65725f6b6f64655f706f737c733a303a22223b637573746f6d65725f6e6f5f74656c707c733a31313a223038393735313238353332223b69647c4e3b6e616d615f757365727c733a343a224661697a223b656d61696c5f757365727c733a31343a226661697a40676d61696c2e636f6d223b6c6f67696e5f73657373696f6e7c733a373a22616c6c6f776564223b746573745f73657373696f6e7c733a31353a224164612053657373696f6e204b6f6b223b6c6576656c7c733a323a223130223b70686f746f7c733a33363a2263326139396339326630363838656462323165653065633437333231316334332e6a7067223b),
('nln09v51v6aoni9meatbastrpgp5g3hl', '::1', 1536911655, 0x5f5f63695f6c6173745f726567656e65726174657c693a313533363931313635353b637573746f6d65725f69647c733a313a2239223b637573746f6d65725f6e616d615f757365727c733a363a227869616f6d69223b637573746f6d65725f656d61696c5f757365727c733a31353a2261646d696e40676d61696c2e636f6d223b637573746f6d65725f6c6f67696e5f73657373696f6e7c733a383a227575326365703169223b637573746f6d65725f746573745f73657373696f6e7c733a31353a224164612053657373696f6e204b6f6b223b637573746f6d65725f6c6576656c7c733a313a2230223b637573746f6d65725f70686f746f7c733a303a22223b637573746f6d65725f7065727573616861616e7c733a363a2247726f6f7468223b637573746f6d65725f616c616d61747c733a303a22223b6b6563616d6174616e5f6b656c75726168616e7c733a303a22223b637573746f6d65725f6b6f64655f706f737c733a303a22223b637573746f6d65725f6e6f5f74656c707c733a31313a223038393735313238353332223b),
('okvpk4n5lbun7bffiav5rl7l0c9hdb6q', '::1', 1536910041, 0x5f5f63695f6c6173745f726567656e65726174657c693a313533363931303034313b637573746f6d65725f69647c733a313a2231223b637573746f6d65725f6e616d615f757365727c733a343a224661697a223b637573746f6d65725f656d61696c5f757365727c733a31343a226661697a407961686f6f2e636f6d223b637573746f6d65725f6c6f67696e5f73657373696f6e7c733a383a227575326365703169223b637573746f6d65725f746573745f73657373696f6e7c733a31353a224164612053657373696f6e204b6f6b223b637573746f6d65725f6c6576656c7c733a313a2232223b637573746f6d65725f70686f746f7c733a393a2264756d6d792e6a7067223b637573746f6d65725f7065727573616861616e7c733a31343a2247726f6f746820436f6d70616e79223b637573746f6d65725f616c616d61747c733a32343a2252617761204c756d627520426c6f6b204e39204e6f203830223b6b6563616d6174616e5f6b656c75726168616e7c733a393a224e61726f676f6e6720223b637573746f6d65725f6b6f64655f706f737c733a353a223137313531223b637573746f6d65725f6e6f5f74656c707c733a31303a2230383838393939313233223b69647c4e3b6e616d615f757365727c733a343a224661697a223b656d61696c5f757365727c733a31343a226661697a40676d61696c2e636f6d223b6c6f67696e5f73657373696f6e7c733a373a22616c6c6f776564223b746573745f73657373696f6e7c733a31353a224164612053657373696f6e204b6f6b223b6c6576656c7c733a323a223130223b70686f746f7c733a33363a2263326139396339326630363838656462323165653065633437333231316334332e6a7067223b),
('prbmma0bitaj5opee4ujk0kfjgobde9i', '::1', 1536916675, 0x5f5f63695f6c6173745f726567656e65726174657c693a313533363931363637353b637573746f6d65725f69647c733a313a2239223b637573746f6d65725f6e616d615f757365727c733a363a227869616f6d69223b637573746f6d65725f656d61696c5f757365727c733a31353a2261646d696e40676d61696c2e636f6d223b637573746f6d65725f6c6f67696e5f73657373696f6e7c733a383a227575326365703169223b637573746f6d65725f746573745f73657373696f6e7c733a31353a224164612053657373696f6e204b6f6b223b637573746f6d65725f6c6576656c7c733a313a2230223b637573746f6d65725f70686f746f7c733a303a22223b637573746f6d65725f7065727573616861616e7c733a363a2247726f6f7468223b637573746f6d65725f616c616d61747c733a303a22223b6b6563616d6174616e5f6b656c75726168616e7c733a303a22223b637573746f6d65725f6b6f64655f706f737c733a303a22223b637573746f6d65725f6e6f5f74656c707c733a31313a223038393735313238353332223b69647c4e3b6e616d615f757365727c733a343a224661697a223b656d61696c5f757365727c733a31343a226661697a40676d61696c2e636f6d223b6c6f67696e5f73657373696f6e7c733a373a22616c6c6f776564223b746573745f73657373696f6e7c733a31353a224164612053657373696f6e204b6f6b223b6c6576656c7c733a323a223130223b70686f746f7c733a33363a2263326139396339326630363838656462323165653065633437333231316334332e6a7067223b),
('r1abugq7p8tar3o5usn53s3h21lakfkr', '::1', 1536916049, 0x5f5f63695f6c6173745f726567656e65726174657c693a313533363931363034393b637573746f6d65725f69647c733a313a2239223b637573746f6d65725f6e616d615f757365727c733a363a227869616f6d69223b637573746f6d65725f656d61696c5f757365727c733a31353a2261646d696e40676d61696c2e636f6d223b637573746f6d65725f6c6f67696e5f73657373696f6e7c733a383a227575326365703169223b637573746f6d65725f746573745f73657373696f6e7c733a31353a224164612053657373696f6e204b6f6b223b637573746f6d65725f6c6576656c7c733a313a2230223b637573746f6d65725f70686f746f7c733a303a22223b637573746f6d65725f7065727573616861616e7c733a363a2247726f6f7468223b637573746f6d65725f616c616d61747c733a303a22223b6b6563616d6174616e5f6b656c75726168616e7c733a303a22223b637573746f6d65725f6b6f64655f706f737c733a303a22223b637573746f6d65725f6e6f5f74656c707c733a31313a223038393735313238353332223b69647c4e3b6e616d615f757365727c733a343a224661697a223b656d61696c5f757365727c733a31343a226661697a40676d61696c2e636f6d223b6c6f67696e5f73657373696f6e7c733a373a22616c6c6f776564223b746573745f73657373696f6e7c733a31353a224164612053657373696f6e204b6f6b223b6c6576656c7c733a323a223130223b70686f746f7c733a33363a2263326139396339326630363838656462323165653065633437333231316334332e6a7067223b),
('s3ckdhb54f9ul81vgao17acgbiidvc82', '::1', 1536917672, 0x5f5f63695f6c6173745f726567656e65726174657c693a313533363931373637323b637573746f6d65725f69647c733a313a2239223b637573746f6d65725f6e616d615f757365727c733a363a227869616f6d69223b637573746f6d65725f656d61696c5f757365727c733a31353a2261646d696e40676d61696c2e636f6d223b637573746f6d65725f6c6f67696e5f73657373696f6e7c733a383a227575326365703169223b637573746f6d65725f746573745f73657373696f6e7c733a31353a224164612053657373696f6e204b6f6b223b637573746f6d65725f6c6576656c7c733a313a2230223b637573746f6d65725f70686f746f7c733a303a22223b637573746f6d65725f7065727573616861616e7c733a363a2247726f6f7468223b637573746f6d65725f616c616d61747c733a303a22223b6b6563616d6174616e5f6b656c75726168616e7c733a303a22223b637573746f6d65725f6b6f64655f706f737c733a303a22223b637573746f6d65725f6e6f5f74656c707c733a31313a223038393735313238353332223b69647c4e3b6e616d615f757365727c733a343a224661697a223b656d61696c5f757365727c733a31343a226661697a40676d61696c2e636f6d223b6c6f67696e5f73657373696f6e7c733a373a22616c6c6f776564223b746573745f73657373696f6e7c733a31353a224164612053657373696f6e204b6f6b223b6c6576656c7c733a323a223130223b70686f746f7c733a33363a2263326139396339326630363838656462323165653065633437333231316334332e6a7067223b),
('up469vo0tdv678hdeoto4p47rac9mhdo', '::1', 1536919481, 0x5f5f63695f6c6173745f726567656e65726174657c693a313533363931393438313b637573746f6d65725f69647c733a313a2239223b637573746f6d65725f6e616d615f757365727c733a363a227869616f6d69223b637573746f6d65725f656d61696c5f757365727c733a31353a2261646d696e40676d61696c2e636f6d223b637573746f6d65725f6c6f67696e5f73657373696f6e7c733a383a227575326365703169223b637573746f6d65725f746573745f73657373696f6e7c733a31353a224164612053657373696f6e204b6f6b223b637573746f6d65725f6c6576656c7c733a313a2230223b637573746f6d65725f70686f746f7c733a303a22223b637573746f6d65725f7065727573616861616e7c733a363a2247726f6f7468223b637573746f6d65725f616c616d61747c733a303a22223b6b6563616d6174616e5f6b656c75726168616e7c733a303a22223b637573746f6d65725f6b6f64655f706f737c733a303a22223b637573746f6d65725f6e6f5f74656c707c733a31313a223038393735313238353332223b69647c4e3b6e616d615f757365727c733a343a224661697a223b656d61696c5f757365727c733a31343a226661697a40676d61696c2e636f6d223b6c6f67696e5f73657373696f6e7c733a373a22616c6c6f776564223b746573745f73657373696f6e7c733a31353a224164612053657373696f6e204b6f6b223b6c6576656c7c733a323a223130223b70686f746f7c733a33363a2263326139396339326630363838656462323165653065633437333231316334332e6a7067223b);

-- --------------------------------------------------------

--
-- Struktur dari tabel `t_admin`
--

CREATE TABLE `t_admin` (
  `id_admin` int(11) NOT NULL,
  `nama` varchar(100) NOT NULL,
  `email` varchar(60) NOT NULL,
  `password` varchar(255) NOT NULL,
  `status` varchar(50) NOT NULL,
  `type` varchar(100) NOT NULL,
  `photo` varchar(255) NOT NULL
) ENGINE=InnoDB DEFAULT CHARSET=latin1;

--
-- Dumping data untuk tabel `t_admin`
--

INSERT INTO `t_admin` (`id_admin`, `nama`, `email`, `password`, `status`, `type`, `photo`) VALUES
(61, 'Ardhi Ramadhan', 'rama@gmail.com', '21232f297a57a5a743894a0e4a801fc3', '1', '10', '95ae805be0a9808c5a78805e47737232.jpg'),
(62, 'Agustinu Pristya Putra', 'putra@gmail.com', '21232f297a57a5a743894a0e4a801fc3', '1', '10', 'a2bc1348d5cc09953c3ba4cbf3139cb7.jpg'),
(63, 'Brian Adi Kusumo', 'brian@gmail.com', '21232f297a57a5a743894a0e4a801fc3', '1', '10', '332119f1ccf23a98ad9616d5d0bbcdac.jpg'),
(73, 'Faiz', 'faiz@gmail.com', '21232f297a57a5a743894a0e4a801fc3', '1', '10', 'c2a99c92f0688edb21ee0ec473211c43.jpg');

-- --------------------------------------------------------

--
-- Struktur dari tabel `t_brand`
--

CREATE TABLE `t_brand` (
  `id` int(11) NOT NULL,
  `nama_brand` varchar(200) NOT NULL,
  `logo` varchar(255) NOT NULL,
  `website` varchar(255) NOT NULL
) ENGINE=InnoDB DEFAULT CHARSET=latin1;

--
-- Dumping data untuk tabel `t_brand`
--

INSERT INTO `t_brand` (`id`, `nama_brand`, `logo`, `website`) VALUES
(1, 'Philips', 'schneider.png', 'Philips.com'),
(2, 'Scheniders', '299f0da36b38f635ce6af2d584ebb1cc.png', 'asas.co'),
(10, 'Philips', '596f59b52dd44fdfe5dd03435b6b7b4a.png', 'phil.co.id');

-- --------------------------------------------------------

--
-- Struktur dari tabel `t_coupon`
--

CREATE TABLE `t_coupon` (
  `id` int(11) NOT NULL,
  `judul_coupon` varchar(150) NOT NULL,
  `coupon_code` varchar(50) NOT NULL,
  `discount` int(11) NOT NULL,
  `tanggal_aktif` date NOT NULL,
  `tanggal_selesai` date NOT NULL,
  `status` int(11) NOT NULL COMMENT '1=Aktif,0=Nonaktif',
  `gambar` varchar(255) NOT NULL,
  `keterangan` varchar(150) NOT NULL
) ENGINE=InnoDB DEFAULT CHARSET=latin1;

--
-- Dumping data untuk tabel `t_coupon`
--

INSERT INTO `t_coupon` (`id`, `judul_coupon`, `coupon_code`, `discount`, `tanggal_aktif`, `tanggal_selesai`, `status`, `gambar`, `keterangan`) VALUES
(1, 'Diskon 17 Agustusan ', 'UU2CEP1I', 50, '2018-09-10', '2018-09-12', 1, '977ec974f8b1134dc46e11fb5413ba85.jpg', 'Anniv Kita'),
(2, 'Pesta Gajian FAST', 'GJI0110', 10, '1970-01-01', '1970-01-01', 1, '38736c2f1d20652c671751c858206239.png', 'Untuk Yang Gajian Ajah'),
(3, 'Aye 30', 'DISC30', 30, '2018-09-10', '2018-09-18', 1, '07e3fd3d814e7032d00204420cbac63c.png', 'Aye 30%');

-- --------------------------------------------------------

--
-- Struktur dari tabel `t_customer`
--

CREATE TABLE `t_customer` (
  `id` int(11) NOT NULL,
  `nama` varchar(150) NOT NULL,
  `email` varchar(150) NOT NULL,
  `password` varchar(255) NOT NULL,
  `perusahaan` varchar(150) NOT NULL,
  `photo` varchar(255) NOT NULL,
  `level` int(11) NOT NULL,
  `status` int(11) NOT NULL COMMENT '1==Aktif , 0 == Nonaktif',
  `media_sosial` varchar(200) NOT NULL,
  `alamat` varchar(255) NOT NULL,
  `provinsi` varchar(50) NOT NULL,
  `kota` varchar(50) NOT NULL,
  `kecamatan_kelurahan` varchar(100) NOT NULL,
  `kode_pos` varchar(100) NOT NULL,
  `no_telp` varchar(15) NOT NULL,
  `jenis_kelamin` varchar(50) NOT NULL
) ENGINE=InnoDB DEFAULT CHARSET=latin1;

--
-- Dumping data untuk tabel `t_customer`
--

INSERT INTO `t_customer` (`id`, `nama`, `email`, `password`, `perusahaan`, `photo`, `level`, `status`, `media_sosial`, `alamat`, `provinsi`, `kota`, `kecamatan_kelurahan`, `kode_pos`, `no_telp`, `jenis_kelamin`) VALUES
(1, 'Faiz', 'faiz@yahoo.com', '21232f297a57a5a743894a0e4a801fc3', 'Grooth Company', 'dummy.jpg', 2, 1, 'Instagram', 'Rawa Lumbu Blok N9 No 80', 'Jawa Barat', 'Kota Bandung', 'Narogong ', '17151', '0888999123', 'L'),
(7, 'Ardhi Ramadhans', 'rama@gmail.com', '21232f297a57a5a743894a0e4a801fc3', 'PT. Grooth Technology', '49714163b0177999ccf702edd4b134e8.jpg', 4, 1, 'ardhir10', 'Perumahan Mutiara Gading Timur Blok K 2 no 7', 'Jawa Barat', 'Kota Bekasi', 'Mustika Jaya', '17151', '0821132228834', 'L'),
(8, 'Imam Rohimam', 'imams@gmail.com', '21232f297a57a5a743894a0e4a801fc3', 'Pt . Mampus', '', 0, 1, 'IG', 'Ruko Aster 10', 'Jawa Barat', 'Kab. Bekasi', 'Galaxy City', '17155', '082100000000', 'L'),
(9, 'xiaomi', 'admin@gmail.com', '21232f297a57a5a743894a0e4a801fc3', 'Grooth', '', 0, 1, '', 'Perumahan Mutiara Gading Timur Blok K 2 no 7', 'Kalimantan Timur', 'Kab. Kutai Timur', 'Mustika Jaya', '17151', '08975128532', '');

-- --------------------------------------------------------

--
-- Struktur dari tabel `t_kategori`
--

CREATE TABLE `t_kategori` (
  `id` int(11) NOT NULL,
  `nama_kategori` varchar(50) NOT NULL,
  `id_parent` int(11) NOT NULL,
  `posisi` int(11) NOT NULL,
  `status` int(11) NOT NULL COMMENT '1=aktif,0=nonaktif'
) ENGINE=InnoDB DEFAULT CHARSET=latin1;

--
-- Dumping data untuk tabel `t_kategori`
--

INSERT INTO `t_kategori` (`id`, `nama_kategori`, `id_parent`, `posisi`, `status`) VALUES
(1, 'Handphone', 0, 2, 1),
(2, 'Laptop', 22, 1, 1),
(3, 'Mesin', 1, 1, 1),
(6, 'Mesin Uang', 1, 2, 1),
(7, 'X8809', 6, 0, 0),
(8, 'V02', 7, 0, 0),
(9, 'Acer', 2, 0, 0),
(10, 'Asus', 2, 0, 0),
(11, 'Core i3', 10, 0, 0),
(12, 'Core i5', 10, 0, 0),
(13, 'Type A455L', 11, 0, 0),
(14, 'Residential and Small Business', 0, 0, 1),
(15, ' Electrical Protection and Control', 14, 1, 1),
(16, 'Electrical Protection', 0, 4, 1),
(17, 'Critical power', 0, 5, 1),
(18, 'Industrial automation', 0, 6, 1),
(19, 'Building Automation', 0, 7, 1),
(22, 'Medium Voltage', 19, 0, 1);

-- --------------------------------------------------------

--
-- Struktur dari tabel `t_konfirmasi`
--

CREATE TABLE `t_konfirmasi` (
  `id` int(11) NOT NULL,
  `nama_rekening` varchar(100) NOT NULL,
  `no_rekening` int(11) NOT NULL,
  `nama_bank` varchar(100) NOT NULL,
  `jum_transfer` int(11) NOT NULL,
  `no_order` varchar(50) NOT NULL,
  `status` int(11) NOT NULL COMMENT '1=verified',
  `gambar` varchar(1000) NOT NULL
) ENGINE=InnoDB DEFAULT CHARSET=latin1;

--
-- Dumping data untuk tabel `t_konfirmasi`
--

INSERT INTO `t_konfirmasi` (`id`, `nama_rekening`, `no_rekening`, `nama_bank`, `jum_transfer`, `no_order`, `status`, `gambar`) VALUES
(20, 'younglex', 8888292, 'youngbank', 890000000, '222', 0, 'ec501f686641266aa55e7a700e70d9c4.png'),
(21, 'sapi udin', 899000, 'bca', 690000, '8829', 1, 'faa3d15a66a70857bc095f322167fe16.jpg'),
(22, 'ini nama ', 9998211, 'Climb Niaga', 100000, '1', 1, 'b52409f3782e26d8e9014679d051e337.png'),
(26, 'ini nama ', 2, '2', 2, '22', 1, '6019a76b7337838f3b6d8d67e5fb5317.png'),
(27, 'imam', 379123718, 'BRI', 200000, 'QUO201809130005', 1, '1a4c76f3d9d50412b0fe4b8b582f68cb.png'),
(28, 'joni', 77262616, 'BCA', 200000, 'ORD201809130003', 1, '3020480f218fbd557451b06682d72979.png'),
(29, 'Rama', 2147483647, 'Bank Permata', 890000, 'ORD201809140010', 0, 'dcff428dee9facb293a0da135f6c7c6b.png');

-- --------------------------------------------------------

--
-- Struktur dari tabel `t_ongkir`
--

CREATE TABLE `t_ongkir` (
  `id` int(11) NOT NULL,
  `kode_pos` varchar(7) NOT NULL,
  `value` int(11) NOT NULL,
  `detail` varchar(100) NOT NULL
) ENGINE=InnoDB DEFAULT CHARSET=latin1;

--
-- Dumping data untuk tabel `t_ongkir`
--

INSERT INTO `t_ongkir` (`id`, `kode_pos`, `value`, `detail`) VALUES
(1, '17155', 10000, 'Mustika Jaya'),
(2, '17151', 8000, 'Bantargebang');

-- --------------------------------------------------------

--
-- Struktur dari tabel `t_order`
--

CREATE TABLE `t_order` (
  `id` int(11) NOT NULL,
  `no_order` varchar(50) NOT NULL,
  `id_customer` int(11) NOT NULL,
  `tanggal_order` date NOT NULL,
  `perusahaan` varchar(100) NOT NULL,
  `alamat_pengiriman` varchar(150) NOT NULL,
  `no_telp` varchar(15) NOT NULL,
  `kurir` varchar(50) NOT NULL,
  `kode_pos` varchar(200) NOT NULL,
  `status_order` varchar(50) NOT NULL,
  `payment_method` varchar(50) NOT NULL,
  `coupon` varchar(50) NOT NULL,
  `total_bayar` decimal(10,0) NOT NULL
) ENGINE=InnoDB DEFAULT CHARSET=latin1;

--
-- Dumping data untuk tabel `t_order`
--

INSERT INTO `t_order` (`id`, `no_order`, `id_customer`, `tanggal_order`, `perusahaan`, `alamat_pengiriman`, `no_telp`, `kurir`, `kode_pos`, `status_order`, `payment_method`, `coupon`, `total_bayar`) VALUES
(45, 'ORD201809130001', 7, '2018-09-13', 'PT. Grooth Technology', 'Perumahan Mutiara Gading Timur Blok K 2 no 7 Jawa Barat,Kota Bekasi,Mustika Jaya,17155 ', '0821132228834', 'Klak Klik Express', '17155', '0', '--Pilih Metode Pembayaran', '', '2111560'),
(46, 'ORD201809130002', 7, '2018-09-13', 'PT. Grooth Technology', 'Perumahan Mutiara Gading Timur Blok K 2 no 7 Jawa Barat,Kota Bekasi,Mustika Jaya,17155 ', '0821132228834', 'Klak Klik Express', '17155', '5', 'Transfer BANK BRI', '', '2651560'),
(47, 'ORD201809130003', 7, '2018-09-13', 'PT. Grooth Technology', 'Perumahan Mutiara Gading Timur Blok K 2 no 7 Jawa Barat,Kota Bekasi,Mustika Jaya,17151 ', '0821132228834', 'Klak Klik Express', '17151', '1', '--Pilih Metode Pembayaran', 'DISC30', '1101092'),
(48, 'ORD201809130004', 7, '2018-09-13', 'PT. Grooth Technology', 'Perumahan Mutiara Gading Timur Blok K 2 no 7 Jawa Barat,Kota Bekasi,Mustika Jaya,17151 ', '0821132228834', 'Klak Klik Express', '17151', '2', 'Transfer BANK BCA', '', '6795200'),
(49, 'ORD201809130005', 7, '2018-09-13', 'PT. Grooth Technology', 'Perumahan Mutiara Gading Timur Blok K 2 no 7 Jawa Barat,Kota Bekasi,Mustika Jaya,17151 ', '0821132228834', 'Klak Klik Express', '17151', '1', 'Transfer BANK BRI', '', '1088000'),
(57, 'QUO201809130004', 7, '2018-09-13', 'PT. Grooth Technology', 'Perumahan Mutiara Gading Timur Blok K 2 no 7 Jawa Barat,Kota Bekasi,Mustika Jaya,17151 ', '0821132228834', 'Klak Klik Express', '17151', '5', '', 'DISC30', '1101092'),
(58, 'QUO201809130003', 7, '2018-09-13', 'PT. Grooth Technology', 'Perumahan Mutiara Gading Timur Blok K 2 no 7 Jawa Barat,Kota Bekasi,Mustika Jaya,17155 ', '0821132228834', 'Klak Klik Express', '17155', '4', '', 'uu2cep1i', '1060780'),
(66, 'ORD201809130006', 1, '2018-09-13', 'Grooth Company', 'Rawa Lumbu Blok N9 No 80 Jawa Barat,Kota Bandung,Narogong ,17151 ', '0888999123', 'Klak Klik Express', '17151', '2', '--Pilih Metode Pembayaran', '', '6312680'),
(67, 'ORD201809130007', 8, '2018-09-13', 'Pt . Mampus', 'Ruko Aster 10 Jawa Barat,Kab. Bekasi,Galaxy City,17155 ', '082100000000', 'Klak Klik Express', '17155', '2', '--Pilih Metode Pembayaran', 'uu2cep1i', '1812350'),
(68, 'QUO201809130005', 7, '2018-09-13', 'PT. Grooth Technology', 'Perumahan Mutiara Gading Timur Blok K 2 no 7 Jawa Barat,Kota Bekasi,Mustika Jaya,17151 ', '0821132228834', 'Klak Klik Express', '17151', '1', '', '', '1689260'),
(69, 'ORD201809130008', 7, '2018-09-13', 'PT. Grooth Technology', 'Perumahan Mutiara Gading Timur Blok K 2 no 7 Jawa Barat,Kota Bekasi,Mustika Jaya,17151 ', '0821132228834', 'Klak Klik Express', '17151', '1', 'Transfer BANK BCA', '', '4030160'),
(70, 'ORD201809140009', 1, '2018-09-14', 'Grooth Company', 'Rawa Lumbu Blok N9 No 80 Jawa Barat,Kota Bandung,Narogong ,17151 ', '0888999123', 'Klak Klik Express', '17151', '3', 'Transfer BANK BCA', '', '12354470'),
(71, 'ORD201809140010', 9, '2018-09-14', 'Grooth', 'Perumahan Mutiara Gading Timur Blok K 2 no 7 Kalimantan Timur,Kab. Kutai Timur,Mustika Jaya,17151 ', '08975128532', 'Klak Klik Express', '17151', '', 'Transfer BANK BCA', 'uu2cep1i', '1910100');

-- --------------------------------------------------------

--
-- Struktur dari tabel `t_order_detail`
--

CREATE TABLE `t_order_detail` (
  `no_order` varchar(50) NOT NULL,
  `id_produk` int(11) NOT NULL,
  `sku` varchar(150) NOT NULL,
  `qty` int(11) NOT NULL,
  `price` decimal(10,0) NOT NULL,
  `price_discount` int(11) NOT NULL,
  `sub_total` decimal(10,0) NOT NULL
) ENGINE=InnoDB DEFAULT CHARSET=latin1;

--
-- Dumping data untuk tabel `t_order_detail`
--

INSERT INTO `t_order_detail` (`no_order`, `id_produk`, `sku`, `qty`, `price`, `price_discount`, `sub_total`) VALUES
('ORD201809130001', 36, 'BJU990', 1, '900000', 540000, '540000'),
('ORD201809130001', 35, 'EZC100H3100', 1, '1002100', 601260, '601260'),
('ORD201809130001', 34, 'XGP500-VAC', 1, '1600500', 960300, '960300'),
('ORD201809130002', 36, 'BJU990', 2, '900000', 540000, '1080000'),
('ORD201809130002', 35, 'EZC100H3100', 1, '1002100', 601260, '601260'),
('ORD201809130002', 34, 'XGP500-VAC', 1, '1600500', 960300, '960300'),
('ORD201809130003', 35, 'EZC100H3100', 1, '1002100', 601260, '601260'),
('ORD201809130003', 34, 'XGP500-VAC', 1, '1600500', 960300, '960300'),
('ORD201809130004', 35, 'EZC100H3100', 3, '1002100', 1002100, '3006300'),
('ORD201809130004', 34, 'XGP500-VAC', 3, '1600500', 960300, '2880900'),
('ORD201809130004', 36, 'BJU990', 1, '900000', 900000, '900000'),
('ORD201809130005', 36, 'BJU990', 2, '900000', 540000, '1080000'),
('QUO201809130004', 35, 'EZC100H3100', 1, '1002100', 601260, '601260'),
('QUO201809130004', 34, 'XGP500-VAC', 1, '1600500', 960300, '960300'),
('QUO201809130003', 36, 'BJU990', 1, '900000', 540000, '540000'),
('QUO201809130003', 35, 'EZC100H3100', 1, '1002100', 601260, '601260'),
('QUO201809130003', 34, 'XGP500-VAC', 1, '1600500', 960300, '960300'),
('ORD201809130006', 34, 'XGP500-VAC', 2, '1600500', 1440450, '2880900'),
('ORD201809130006', 35, 'EZC100H3100', 2, '1002100', 901890, '1803780'),
('ORD201809130006', 36, 'BJU990', 2, '900000', 810000, '1620000'),
('ORD201809130007', 35, 'EZC100H3100', 2, '1002100', 1002100, '2004200'),
('ORD201809130007', 34, 'XGP500-VAC', 1, '1600500', 1600500, '1600500'),
('QUO201809130005', 36, 'BJU990', 2, '900000', 540000, '1080000'),
('QUO201809130005', 35, 'EZC100H3100', 1, '1002100', 601260, '601260'),
('ORD201809130008', 36, 'BJU990', 1, '900000', 540000, '540000'),
('ORD201809130008', 35, 'EZC100H3100', 1, '1002100', 601260, '601260'),
('ORD201809130008', 34, 'XGP500-VAC', 3, '1600500', 960300, '2880900'),
('ORD201809140009', 36, 'BJU990', 1, '900000', 810000, '810000'),
('ORD201809140009', 34, 'XGP500-VAC', 3, '1600500', 1440450, '4321350'),
('ORD201809140009', 35, 'EZC100H3100', 8, '1002100', 901890, '7215120'),
('ORD201809140010', 36, 'BJU990', 2, '900000', 900000, '1800000'),
('ORD201809140010', 35, 'EZC100H3100', 2, '1002100', 1002100, '2004200');

-- --------------------------------------------------------

--
-- Struktur dari tabel `t_produk`
--

CREATE TABLE `t_produk` (
  `id` int(11) NOT NULL,
  `gambar_produk` varchar(255) NOT NULL,
  `sku` varchar(1000) NOT NULL,
  `local_code` varchar(20) NOT NULL,
  `short_deskripsi` text NOT NULL,
  `id_kategori` varchar(1000) NOT NULL,
  `id_brand` int(11) NOT NULL,
  `harga` int(11) NOT NULL,
  `description` text NOT NULL,
  `spesification` text NOT NULL,
  `stok` int(11) NOT NULL,
  `visible` int(11) DEFAULT NULL,
  `featured` int(11) DEFAULT NULL,
  `tags` varchar(255) NOT NULL,
  `berat` decimal(10,0) NOT NULL
) ENGINE=InnoDB DEFAULT CHARSET=latin1;

--
-- Dumping data untuk tabel `t_produk`
--

INSERT INTO `t_produk` (`id`, `gambar_produk`, `sku`, `local_code`, `short_deskripsi`, `id_kategori`, `id_brand`, `harga`, `description`, `spesification`, `stok`, `visible`, `featured`, `tags`, `berat`) VALUES
(34, '2b0d227bdf983a8d005ef0b20378615a.JPG', 'XGP500-VAC', 'EE$%', ' Philips Luxeon® K2  OBL LED, with superior packaging and low thermal resistance -100-240 V AC - 5W - Red light - 50,000 hours (70% lumen maintenance)  ', '18', 2, 1600500, '<p>Lorem ipsum dolor sit amet, consectetur adipiscing elit. Praesent sollicitudin diam tortor, non mollis arcu facilisis condimentum. Praesent pretium nulla turpis, id luctus turpis posuere ac. Donec et enim viverra, viverra erat eget, bibendum felis. Quisque porta augue quis mauris ultrices suscipit. Interdum et malesuada fames ac ante ipsum primis in faucibus. Curabitur bibendum mauris leo, at vehicula lorem molestie quis. Nulla vel urna malesuada, auctor metus sit amet, gravida libero. Mauris et erat cursus sapien dapibus sagittis non sagittis arcu. Sed vel leo feugiat justo faucibus ullamcorper. Cras eu fermentum nibh. Praesent ut lectus ipsum. Orci varius natoque penatibus et magnis dis parturient montes, nascetur ridiculus mus. Integer quis malesuada sapien. Orci varius natoque penatibus et magnis dis parturient montes, nascetur ridiculus mus. Aliquam finibus eros dolor, eu semper leo feugiat vel.</p>\r\n\r\n<p>Fusce lobortis nec ligula eget varius. Sed volutpat tincidunt arcu, at porttitor nunc varius eget. Pellentesque tempor leo elit, sit amet ullamcorper nisl lobortis ac. In nec mauris quis mi malesuada maximus nec in felis. Mauris pulvinar ac tellus vel convallis. Pellentesque risus nibh, semper quis justo eu, euismod malesuada mauris. Quisque in erat in enim aliquam consequat. Aenean tincidunt gravida leo, non luctus nulla pretium sed. Donec tincidunt risus vitae felis imperdiet congue quis a est. Vivamus tincidunt, orci posuere porta pretium, diam purus dapibus ipsum, nec cursus odio libero eu velit. Cras id ornare ex. Pellentesque nisi nunc, semper in malesuada ut, bibendum et turpis. Phasellus maximus quam faucibus tellus euismod rutrum. Duis eget ante suscipit, faucibus arcu at, dapibus leo. Sed in iaculis tortor, a gravida orci.</p>\r\n\r\n<p>Vivamus eu elit a est consequat volutpat. Ut a luctus diam. Nulla ut mi placerat erat fringilla porta sit amet pharetra justo. Nulla a ultricies urna, in semper elit. Nullam rutrum lectus turpis, vel tempor risus mattis at. Phasellus mauris leo, pellentesque et elementum quis, pulvinar eu elit. In hac habitasse platea dictumst. Nulla facilisi. Duis placerat eros quis nunc commodo interdum. Ut dolor sem, pretium sed ullamcorper ut, imperdiet vitae enim. Pellentesque a ex pulvinar, interdum elit vel, dictum arcu. Orci varius natoque penatibus et magnis dis parturient montes, nascetur ridiculus mus.</p>\r\n\r\n<p>Nullam eget diam vitae tellus finibus blandit ac in tellus. Nullam at tincidunt enim. Aenean id odio eros. Suspendisse fermentum erat non nulla egestas, ut auctor eros lobortis. Aenean condimentum felis a dolor pulvinar dignissim. Phasellus ac lectus ultrices lectus eleifend laoreet a et arcu. Fusce congue convallis nunc, sit amet volutpat mi vehicula id. Vivamus cursus, orci at molestie tempus, erat enim auctor sapien, quis condimentum urna urna eu nisl. Suspendisse tempus tempor tempus.</p>\r\n', '<table border=\"0\" cellpadding=\"1\" cellspacing=\"1\" style=\"width:100%\">\r\n	<tbody>\r\n		<tr>\r\n			<td>Volt</td>\r\n			<td><strong>200Wat</strong></td>\r\n		</tr>\r\n		<tr>\r\n			<td>Range</td>\r\n			<td><strong>22Ghx</strong></td>\r\n		</tr>\r\n		<tr>\r\n			<td>Sub Range</td>\r\n			<td><strong>78Ampere</strong></td>\r\n		</tr>\r\n		<tr>\r\n			<td>&nbsp;</td>\r\n			<td>&nbsp;</td>\r\n		</tr>\r\n		<tr>\r\n			<td>&nbsp;</td>\r\n			<td>&nbsp;</td>\r\n		</tr>\r\n		<tr>\r\n			<td>&nbsp;</td>\r\n			<td>&nbsp;</td>\r\n		</tr>\r\n	</tbody>\r\n</table>\r\n\r\n<p>&nbsp;</p>\r\n', 19, 1, NULL, 'XGP500,XGP500PHILIPS', '0'),
(35, '095953969b7864f5c41d1ac4e5a3c400.JPG', 'EZC100H3100', 'BALLACK', 'Moulded Case Circuit Breaker (MCCB) - Schneider Electric (EasyPact EZC) - EZC100H 3P 100A - 3 poles (3P3d) - Rated current 100A - Short circuit breaking capacity (Icu) (400-415Vac) 30kA - Thermal-Magnetic (fixed) trip unit (TMD) - Lug terminals', '22', 2, 1002100, '<p>eu fermentum nibh. Praesent ut lectus ipsum. Orci varius natoque penatibus et magnis dis parturient montes, nascetur ridiculus mus. Integer quis malesuada sapien. Orci varius natoque penatibus et magnis dis parturient montes, nascetur ridiculus mus. Aliquam finibus eros dolor, eu semper leo feugiat vel.</p>\r\n\r\n<p>Fusce lobortis nec ligula eget varius. Sed volutpat tincidunt arcu, at porttitor nunc varius eget. Pellentesque tempor leo elit, sit amet ullamcorper nisl lobortis ac. In nec mauris quis mi malesuada maximus nec in felis. Mauris pulvinar ac tellus vel convallis. Pellentesque risus nibh, semper quis justo eu, euismod malesuada mauris. Quisque in erat in enim aliquam consequat. Aenean tincidunt gravida leo, non luctus nulla pretium sed. Donec tincidunt risus vitae felis imperdiet congue quis a est. Vivamus tincidunt, orci posuere porta pretium, diam purus dapibus ipsum, nec cursus odio libero eu velit. Cras id ornare ex. Pellentesque nisi nunc, semper in malesuada ut, bibendum et turpis. Phasellus maximus quam faucibus tellus euismod rutrum. Duis eget ante suscipit, faucibus arcu at, dapibus leo. Sed in iaculis tortor, a gravida orci.</p>\r\n\r\n<p>Vivamus eu elit a est consequat volutpat. Ut a luctus diam. Nulla ut mi placerat erat fringilla porta sit amet pharetra justo. Nulla a ultricies urna, in semper elit. Nullam rutrum lectus turpis, vel tempor risus mattis at. Phasellus mauris leo, pellentesque et elementum quis, pulvinar eu elit. In hac habitasse platea dictumst. Nulla facilisi. Duis placerat eros quis nunc commodo interdum. Ut dolor sem, pretium sed ullamcorper ut, imperdiet vitae enim. Pellentesque a ex pulvinar, interdum elit vel, dictum arcu. Orci varius natoque penatibus et magnis dis parturient montes, nascetur ridiculus mus.</p>\r\n\r\n<p>Nullam eget diam vitae tellus finibus blandit ac in tellus. Nullam at tincidunt enim. Aenean id odio eros. Suspendisse fermentum erat non nulla egestas, ut auctor eros lobortis. Aenean condimentum felis a dolor pulvinar dignissim. Phasellus ac lectus ultrices lectus eleifend laoreet a et arcu. Fusce congue convallis nunc, sit amet volutpat mi vehicula id. Vivamus cursus, orci at molestie tempus, erat enim auctor sapien, quis condimentum urna urna eu nisl. Suspendisse tempus tempor tempus.</p>\r\n\r\n<p><small><strong>BALLACK</strong></small></p>\r\n', '<p>&nbsp;</p>\r\n\r\n<table class=\"mt-3\">\r\n	<tbody>\r\n		<tr>\r\n			<td><small>PRODUCT NAME</small></td>\r\n			<td><small><strong>&nbsp;&nbsp;&nbsp;&nbsp;&nbsp;&nbsp;LK99OLZ</strong></small></td>\r\n		</tr>\r\n		<tr>\r\n			<td style=\"vertical-align:text-bottom\"><small>RATED VOLTAGE IN VOILT ELECTRICT </small></td>\r\n			<td><small><strong>&nbsp;&nbsp;&nbsp;&nbsp;&nbsp;&nbsp;(888Vlt)<br />\r\n			&nbsp;&nbsp;&nbsp;&nbsp;&nbsp;&nbsp;(888sVlt)<br />\r\n			&nbsp;&nbsp;&nbsp;&nbsp;&nbsp;&nbsp;(K88Vlt)</strong></small></td>\r\n		</tr>\r\n		<tr>\r\n			<td style=\"vertical-align:text-bottom\"><small>RATED VOLTAGE IN VOILT ELECTRICT </small></td>\r\n			<td>\r\n			<p><small><strong>&nbsp;&nbsp;&nbsp;&nbsp;&nbsp;&nbsp;(888Vlt : AC 2) 9A<br />\r\n			&nbsp;&nbsp;&nbsp;&nbsp;&nbsp;&nbsp;(888sVlt : AC 2) 9A<br />\r\n			&nbsp;&nbsp;&nbsp;&nbsp;&nbsp;&nbsp;(K88Vlt : AC 2) 9A)</strong></small></p>\r\n\r\n			<p><small><strong>BALLACK</strong></small></p>\r\n			</td>\r\n		</tr>\r\n	</tbody>\r\n</table>\r\n\r\n<table class=\"mt-3\">\r\n	<tbody>\r\n		<tr>\r\n			<td><small>PRODUCT NAME</small></td>\r\n			<td><small><strong>&nbsp;&nbsp;&nbsp;&nbsp;&nbsp;&nbsp;LK99OLZ</strong></small></td>\r\n		</tr>\r\n		<tr>\r\n			<td style=\"vertical-align:text-bottom\"><small>RATED VOLTAGE IN VOILT ELECTRICT </small></td>\r\n			<td><small><strong>&nbsp;&nbsp;&nbsp;&nbsp;&nbsp;&nbsp;(888Vlt)<br />\r\n			&nbsp;&nbsp;&nbsp;&nbsp;&nbsp;&nbsp;(888sVlt)<br />\r\n			&nbsp;&nbsp;&nbsp;&nbsp;&nbsp;&nbsp;(K88Vlt)</strong></small></td>\r\n		</tr>\r\n		<tr>\r\n			<td style=\"vertical-align:text-bottom\"><small>RATED VOLTAGE IN VOILT ELECTRICT </small></td>\r\n			<td>\r\n			<p><small><strong>&nbsp;&nbsp;&nbsp;&nbsp;&nbsp;&nbsp;(888Vlt : AC 2) 9A<br />\r\n			&nbsp;&nbsp;&nbsp;&nbsp;&nbsp;&nbsp;(888sVlt : AC 2) 9A<br />\r\n			&nbsp;&nbsp;&nbsp;&nbsp;&nbsp;&nbsp;(K88Vlt : AC 2) 9A)</strong></small></p>\r\n\r\n			<p><small><strong>BALLACK</strong></small></p>\r\n			</td>\r\n		</tr>\r\n	</tbody>\r\n</table>\r\n\r\n<table class=\"mt-3\">\r\n	<tbody>\r\n		<tr>\r\n			<td><small>PRODUCT NAME</small></td>\r\n			<td><small><strong>&nbsp;&nbsp;&nbsp;&nbsp;&nbsp;&nbsp;LK99OLZ</strong></small></td>\r\n		</tr>\r\n		<tr>\r\n			<td style=\"vertical-align:text-bottom\"><small>RATED VOLTAGE IN VOILT ELECTRICT </small></td>\r\n			<td><small><strong>&nbsp;&nbsp;&nbsp;&nbsp;&nbsp;&nbsp;(888Vlt)<br />\r\n			&nbsp;&nbsp;&nbsp;&nbsp;&nbsp;&nbsp;(888sVlt)<br />\r\n			&nbsp;&nbsp;&nbsp;&nbsp;&nbsp;&nbsp;(K88Vlt)</strong></small></td>\r\n		</tr>\r\n		<tr>\r\n			<td style=\"vertical-align:text-bottom\"><small>RATED VOLTAGE IN VOILT ELECTRICT </small></td>\r\n			<td>\r\n			<p><small><strong>&nbsp;&nbsp;&nbsp;&nbsp;&nbsp;&nbsp;(888Vlt : AC 2) 9A<br />\r\n			&nbsp;&nbsp;&nbsp;&nbsp;&nbsp;&nbsp;(888sVlt : AC 2) 9A<br />\r\n			&nbsp;&nbsp;&nbsp;&nbsp;&nbsp;&nbsp;(K88Vlt : AC 2) 9A)</strong></small></p>\r\n\r\n			<p><small><strong>BALLACK</strong></small></p>\r\n			</td>\r\n		</tr>\r\n	</tbody>\r\n</table>\r\n', 94, 1, 1, 'SCHNEIDER ELECTRIC,EZC100H3100', '0'),
(36, '5906fdb06a6182b6662e5eaf3ad1153e.jpg', 'BJU990', '8878', 'BAJU MURAH - BAJU KOTAK', '18', 10, 900000, '<p>HVGHVKJNIUU</p>\r\n', '<p>HVGHVGVG</p>\r\n', 98, 1, 1, 'baju,gesper', '0');

-- --------------------------------------------------------

--
-- Struktur dari tabel `t_quotation`
--

CREATE TABLE `t_quotation` (
  `id` int(11) NOT NULL,
  `no_order` varchar(50) NOT NULL,
  `id_customer` int(11) NOT NULL,
  `tanggal_order` date NOT NULL,
  `perusahaan` varchar(100) NOT NULL,
  `alamat_pengiriman` varchar(150) NOT NULL,
  `no_telp` varchar(15) NOT NULL,
  `kurir` varchar(50) NOT NULL,
  `kode_pos` varchar(200) NOT NULL,
  `status_order` varchar(50) NOT NULL,
  `payment_method` varchar(50) NOT NULL,
  `coupon` varchar(50) NOT NULL,
  `total_bayar` decimal(10,0) NOT NULL
) ENGINE=InnoDB DEFAULT CHARSET=latin1;

--
-- Dumping data untuk tabel `t_quotation`
--

INSERT INTO `t_quotation` (`id`, `no_order`, `id_customer`, `tanggal_order`, `perusahaan`, `alamat_pengiriman`, `no_telp`, `kurir`, `kode_pos`, `status_order`, `payment_method`, `coupon`, `total_bayar`) VALUES
(9, 'QUO201809130001', 7, '2018-09-13', 'PT. Grooth Technology', 'Perumahan Mutiara Gading Timur Blok K 2 no 7 Jawa Barat,Kota Bekasi,Mustika Jaya,17155 ', '0821132228834', 'Klak Klik Express', '17155', '1', '', 'uu2cep1i', '1060780'),
(10, 'QUO201809130002', 7, '2018-09-13', 'PT. Grooth Technology', 'Perumahan Mutiara Gading Timur Blok K 2 no 7 Jawa Barat,Kota Bekasi,Mustika Jaya,17155 ', '0821132228834', 'Klak Klik Express', '17155', '0', '', '', '4992460'),
(11, 'QUO201809130003', 7, '2018-09-13', 'PT. Grooth Technology', 'Perumahan Mutiara Gading Timur Blok K 2 no 7 Jawa Barat,Kota Bekasi,Mustika Jaya,17155 ', '0821132228834', 'Klak Klik Express', '17155', '1', '', 'uu2cep1i', '1060780'),
(12, 'QUO201809130004', 7, '2018-09-13', 'PT. Grooth Technology', 'Perumahan Mutiara Gading Timur Blok K 2 no 7 Jawa Barat,Kota Bekasi,Mustika Jaya,17151 ', '0821132228834', 'Klak Klik Express', '17151', '1', '', 'DISC30', '1101092'),
(13, 'QUO201809130005', 7, '2018-09-13', 'PT. Grooth Technology', 'Perumahan Mutiara Gading Timur Blok K 2 no 7 Jawa Barat,Kota Bekasi,Mustika Jaya,17151 ', '0821132228834', 'Klak Klik Express', '17151', '1', '', '', '1689260');

-- --------------------------------------------------------

--
-- Struktur dari tabel `t_quotation_detail`
--

CREATE TABLE `t_quotation_detail` (
  `no_order` varchar(50) NOT NULL,
  `id_produk` int(11) NOT NULL,
  `sku` varchar(150) NOT NULL,
  `qty` int(11) NOT NULL,
  `price` decimal(10,0) NOT NULL,
  `price_discount` int(11) NOT NULL,
  `sub_total` decimal(10,0) NOT NULL
) ENGINE=InnoDB DEFAULT CHARSET=latin1;

--
-- Dumping data untuk tabel `t_quotation_detail`
--

INSERT INTO `t_quotation_detail` (`no_order`, `id_produk`, `sku`, `qty`, `price`, `price_discount`, `sub_total`) VALUES
('QUO201809130001', 36, 'BJU990', 1, '900000', 540000, '540000'),
('QUO201809130001', 35, 'EZC100H3100', 1, '1002100', 601260, '601260'),
('QUO201809130001', 34, 'XGP500-VAC', 1, '1600500', 960300, '960300'),
('QUO201809130002', 36, 'BJU990', 1, '900000', 540000, '540000'),
('QUO201809130002', 35, 'EZC100H3100', 1, '1002100', 601260, '601260'),
('QUO201809130002', 34, 'XGP500-VAC', 4, '1600500', 960300, '3841200'),
('QUO201809130003', 36, 'BJU990', 1, '900000', 540000, '540000'),
('QUO201809130003', 35, 'EZC100H3100', 1, '1002100', 601260, '601260'),
('QUO201809130003', 34, 'XGP500-VAC', 1, '1600500', 960300, '960300'),
('QUO201809130004', 35, 'EZC100H3100', 1, '1002100', 601260, '601260'),
('QUO201809130004', 34, 'XGP500-VAC', 1, '1600500', 960300, '960300'),
('QUO201809130001', 36, 'BJU990', 1, '900000', 540000, '540000'),
('QUO201809130001', 35, 'EZC100H3100', 1, '1002100', 601260, '601260'),
('QUO201809130001', 34, 'XGP500-VAC', 1, '1600500', 960300, '960300'),
('QUO201809130005', 36, 'BJU990', 2, '900000', 540000, '1080000'),
('QUO201809130005', 35, 'EZC100H3100', 1, '1002100', 601260, '601260');

-- --------------------------------------------------------

--
-- Struktur dari tabel `t_slider`
--

CREATE TABLE `t_slider` (
  `id` int(11) NOT NULL,
  `gambar` varchar(1000) NOT NULL,
  `link_url` varchar(1000) NOT NULL
) ENGINE=InnoDB DEFAULT CHARSET=latin1;

--
-- Dumping data untuk tabel `t_slider`
--

INSERT INTO `t_slider` (`id`, `gambar`, `link_url`) VALUES
(1, '2.jpg', 'home.php'),
(2, '99292929.png', 'index.php'),
(4, '5114cfdf0b438deb9b8b03894c563aab.jpg', 'ini link');

-- --------------------------------------------------------

--
-- Struktur dari tabel `t_type_admin`
--

CREATE TABLE `t_type_admin` (
  `id` int(11) NOT NULL,
  `type` varchar(150) NOT NULL
) ENGINE=InnoDB DEFAULT CHARSET=latin1;

--
-- Dumping data untuk tabel `t_type_admin`
--

INSERT INTO `t_type_admin` (`id`, `type`) VALUES
(9, 'Admin'),
(10, 'Superuser');

-- --------------------------------------------------------

--
-- Struktur dari tabel `t_type_customer`
--

CREATE TABLE `t_type_customer` (
  `id` int(11) NOT NULL,
  `nama_type` varchar(50) NOT NULL,
  `discount` int(11) NOT NULL,
  `keterangan` varchar(200) NOT NULL
) ENGINE=InnoDB DEFAULT CHARSET=latin1;

--
-- Dumping data untuk tabel `t_type_customer`
--

INSERT INTO `t_type_customer` (`id`, `nama_type`, `discount`, `keterangan`) VALUES
(1, 'Type A', 20, 'Discount 20% untuk all Item'),
(2, 'Type B', 10, 'Discount 10% untuk all Item'),
(4, 'Type D', 40, 'Mendapat discount 40% disemua'),
(5, 'Type E', 50, '50% Untuk Kategori Mesin'),
(6, 'Type C', 25, 'Dapatkan diskon 25%');

-- --------------------------------------------------------

--
-- Struktur dari tabel `t_video`
--

CREATE TABLE `t_video` (
  `id` int(11) NOT NULL,
  `judul` varchar(150) NOT NULL,
  `link` varchar(255) NOT NULL
) ENGINE=InnoDB DEFAULT CHARSET=latin1;

--
-- Dumping data untuk tabel `t_video`
--

INSERT INTO `t_video` (`id`, `judul`, `link`) VALUES
(1, 'President 2019', '<iframe class=\"embed-responsive-item\" width=\"500\" height=\"315\" src=\"https://www.youtube.com/embed/AybX-OtH4t4\" frameborder=\"0\" allow=\"autoplay; encrypted-media\" allowfullscreen></iframe>'),
(2, 'Young Blood', '<iframe class=\"embed-responsive-item\" width=\"500\" height=\"315\" src=\"https://www.youtube.com/embed/-RJSbO8UZVY\" frameborder=\"0\" allow=\"autoplay; encrypted-media\" allowfullscreen></iframe>');

-- --------------------------------------------------------

--
-- Struktur dari tabel `user`
--

CREATE TABLE `user` (
  `id` int(11) NOT NULL,
  `nama` varchar(50) NOT NULL,
  `alamat` text NOT NULL,
  `pekerjaan` varchar(50) NOT NULL
) ENGINE=InnoDB DEFAULT CHARSET=latin1;

--
-- Dumping data untuk tabel `user`
--

INSERT INTO `user` (`id`, `nama`, `alamat`, `pekerjaan`) VALUES
(1, 'Andi', 'Surabaya', 'web programmer'),
(2, 'Santoso', 'Jakarta', 'Web Designer'),
(6, 'Samsul', 'Sumedang', 'Pegawai'),
(7, 'Bob', 'jakarta', 'penyanyi'),
(8, 'marley', 'afrika', 'penyanyi'),
(9, 'Bob', 'jakarta', 'penyanyi'),
(10, 'Bob', 'jakarta', 'penyanyi'),
(11, 'Bob', 'jakarta', 'penyanyi'),
(12, 'Bob', 'jakarta', 'penyanyi'),
(13, 'Bob', 'jakarta', 'penyanyi'),
(14, 'Bob', 'jakarta', 'penyanyi'),
(15, 'Bob', 'jakarta', 'penyanyi'),
(16, 'Bob', 'jakarta', 'penyanyi'),
(17, 'Bob', 'jakarta', 'penyanyi'),
(18, 'marley', 'afrika', 'penyanyi'),
(19, 'Bob', 'jakarta', 'penyanyi'),
(20, 'Bob', 'jakarta', 'penyanyi'),
(21, 'Bob', 'jakarta', 'penyanyi'),
(22, 'Bob', 'jakarta', 'penyanyi'),
(23, 'Bob', 'jakarta', 'penyanyi'),
(24, 'Bob', 'jakarta', 'penyanyi'),
(25, 'Bob', 'jakarta', 'penyanyi'),
(26, 'Bob', 'jakarta', 'penyanyi'),
(27, 'Bob', 'jakarta', 'penyanyi'),
(28, 'Bob', 'jakarta', 'penyanyi'),
(29, 'Bob', 'jakarta', 'penyanyi'),
(30, 'Bob', 'jakarta', 'penyanyi'),
(31, 'Bob', 'jakarta', 'penyanyi'),
(32, 'marley', 'afrika', 'penyanyi'),
(33, 'Bob', 'jakarta', 'penyanyi'),
(34, 'Bob', 'jakarta', 'penyanyi'),
(35, 'Bob', 'jakarta', 'penyanyi'),
(36, 'Bob', 'jakarta', 'penyanyi'),
(37, 'Bob', 'jakarta', 'penyanyi'),
(38, 'Bob', 'jakarta', 'penyanyi'),
(39, 'Bob', 'jakarta', 'penyanyi'),
(40, 'Bob', 'jakarta', 'penyanyi'),
(41, 'Bob', 'jakarta', 'penyanyi'),
(42, 'Bob', 'jakarta', 'penyanyi'),
(43, 'Bob', 'jakarta', 'penyanyi'),
(44, 'Bob', 'jakarta', 'penyanyi'),
(45, 'Bob', 'jakarta', 'penyanyi'),
(46, 'Bob', 'jakarta', 'penyanyi'),
(47, 'marley', 'afrika', 'penyanyi'),
(48, 'Bob', 'jakarta', 'penyanyi'),
(49, 'Bob', 'jakarta', 'penyanyi'),
(50, 'Bob', 'jakarta', 'penyanyi'),
(51, 'Bob', 'jakarta', 'penyanyi'),
(52, 'Bob', 'jakarta', 'penyanyi'),
(53, 'Bob', 'jakarta', 'penyanyi'),
(54, 'Bob', 'jakarta', 'penyanyi'),
(55, 'Bob', 'jakarta', 'penyanyi'),
(56, 'Bob', 'jakarta', 'penyanyi'),
(57, 'Bob', 'jakarta', 'penyanyi'),
(58, 'Bob', 'jakarta', 'penyanyi');

-- --------------------------------------------------------

--
-- Struktur dari tabel `users`
--

CREATE TABLE `users` (
  `id` int(11) NOT NULL,
  `oauth_provider` varchar(255) COLLATE utf8_unicode_ci NOT NULL,
  `oauth_uid` varchar(255) COLLATE utf8_unicode_ci NOT NULL,
  `first_name` varchar(100) COLLATE utf8_unicode_ci NOT NULL,
  `last_name` varchar(100) COLLATE utf8_unicode_ci NOT NULL,
  `email` varchar(255) COLLATE utf8_unicode_ci NOT NULL,
  `gender` varchar(10) COLLATE utf8_unicode_ci DEFAULT NULL,
  `locale` varchar(10) COLLATE utf8_unicode_ci DEFAULT NULL,
  `profile_url` varchar(255) COLLATE utf8_unicode_ci DEFAULT NULL,
  `picture_url` varchar(255) COLLATE utf8_unicode_ci NOT NULL,
  `created` datetime NOT NULL,
  `modified` datetime NOT NULL
) ENGINE=InnoDB DEFAULT CHARSET=utf8 COLLATE=utf8_unicode_ci;

--
-- Dumping data untuk tabel `users`
--

INSERT INTO `users` (`id`, `oauth_provider`, `oauth_uid`, `first_name`, `last_name`, `email`, `gender`, `locale`, `profile_url`, `picture_url`, `created`, `modified`) VALUES
(2, 'google', '115333252531481309977', 'see', 'guns', 'faizseeguns@gmail.com', 'male', 'id', 'https://plus.google.com/115333252531481309977', 'https://lh5.googleusercontent.com/-_MG9TgLe18w/AAAAAAAAAAI/AAAAAAAAAf0/B-9kcSsbZH4/photo.jpg', '2018-09-12 10:12:35', '2018-09-14 09:47:12');

--
-- Indexes for dumped tables
--

--
-- Indexes for table `ci_sessions`
--
ALTER TABLE `ci_sessions`
  ADD PRIMARY KEY (`id`),
  ADD KEY `ci_sessions_timestamp` (`timestamp`);

--
-- Indexes for table `t_admin`
--
ALTER TABLE `t_admin`
  ADD PRIMARY KEY (`id_admin`),
  ADD UNIQUE KEY `email` (`email`);

--
-- Indexes for table `t_brand`
--
ALTER TABLE `t_brand`
  ADD PRIMARY KEY (`id`);

--
-- Indexes for table `t_coupon`
--
ALTER TABLE `t_coupon`
  ADD PRIMARY KEY (`id`);

--
-- Indexes for table `t_customer`
--
ALTER TABLE `t_customer`
  ADD PRIMARY KEY (`id`);

--
-- Indexes for table `t_kategori`
--
ALTER TABLE `t_kategori`
  ADD PRIMARY KEY (`id`);

--
-- Indexes for table `t_konfirmasi`
--
ALTER TABLE `t_konfirmasi`
  ADD PRIMARY KEY (`id`);

--
-- Indexes for table `t_ongkir`
--
ALTER TABLE `t_ongkir`
  ADD PRIMARY KEY (`id`);

--
-- Indexes for table `t_order`
--
ALTER TABLE `t_order`
  ADD PRIMARY KEY (`id`),
  ADD UNIQUE KEY `no_order` (`no_order`);

--
-- Indexes for table `t_produk`
--
ALTER TABLE `t_produk`
  ADD PRIMARY KEY (`id`);

--
-- Indexes for table `t_quotation`
--
ALTER TABLE `t_quotation`
  ADD PRIMARY KEY (`id`);

--
-- Indexes for table `t_slider`
--
ALTER TABLE `t_slider`
  ADD PRIMARY KEY (`id`);

--
-- Indexes for table `t_type_admin`
--
ALTER TABLE `t_type_admin`
  ADD PRIMARY KEY (`id`);

--
-- Indexes for table `t_type_customer`
--
ALTER TABLE `t_type_customer`
  ADD PRIMARY KEY (`id`);

--
-- Indexes for table `t_video`
--
ALTER TABLE `t_video`
  ADD PRIMARY KEY (`id`);

--
-- Indexes for table `user`
--
ALTER TABLE `user`
  ADD PRIMARY KEY (`id`);

--
-- Indexes for table `users`
--
ALTER TABLE `users`
  ADD PRIMARY KEY (`id`);

--
-- AUTO_INCREMENT for dumped tables
--

--
-- AUTO_INCREMENT for table `t_admin`
--
ALTER TABLE `t_admin`
  MODIFY `id_admin` int(11) NOT NULL AUTO_INCREMENT, AUTO_INCREMENT=74;

--
-- AUTO_INCREMENT for table `t_brand`
--
ALTER TABLE `t_brand`
  MODIFY `id` int(11) NOT NULL AUTO_INCREMENT, AUTO_INCREMENT=11;

--
-- AUTO_INCREMENT for table `t_coupon`
--
ALTER TABLE `t_coupon`
  MODIFY `id` int(11) NOT NULL AUTO_INCREMENT, AUTO_INCREMENT=4;

--
-- AUTO_INCREMENT for table `t_customer`
--
ALTER TABLE `t_customer`
  MODIFY `id` int(11) NOT NULL AUTO_INCREMENT, AUTO_INCREMENT=10;

--
-- AUTO_INCREMENT for table `t_kategori`
--
ALTER TABLE `t_kategori`
  MODIFY `id` int(11) NOT NULL AUTO_INCREMENT, AUTO_INCREMENT=23;

--
-- AUTO_INCREMENT for table `t_konfirmasi`
--
ALTER TABLE `t_konfirmasi`
  MODIFY `id` int(11) NOT NULL AUTO_INCREMENT, AUTO_INCREMENT=30;

--
-- AUTO_INCREMENT for table `t_ongkir`
--
ALTER TABLE `t_ongkir`
  MODIFY `id` int(11) NOT NULL AUTO_INCREMENT, AUTO_INCREMENT=3;

--
-- AUTO_INCREMENT for table `t_order`
--
ALTER TABLE `t_order`
  MODIFY `id` int(11) NOT NULL AUTO_INCREMENT, AUTO_INCREMENT=72;

--
-- AUTO_INCREMENT for table `t_produk`
--
ALTER TABLE `t_produk`
  MODIFY `id` int(11) NOT NULL AUTO_INCREMENT, AUTO_INCREMENT=37;

--
-- AUTO_INCREMENT for table `t_quotation`
--
ALTER TABLE `t_quotation`
  MODIFY `id` int(11) NOT NULL AUTO_INCREMENT, AUTO_INCREMENT=14;

--
-- AUTO_INCREMENT for table `t_slider`
--
ALTER TABLE `t_slider`
  MODIFY `id` int(11) NOT NULL AUTO_INCREMENT, AUTO_INCREMENT=6;

--
-- AUTO_INCREMENT for table `t_type_admin`
--
ALTER TABLE `t_type_admin`
  MODIFY `id` int(11) NOT NULL AUTO_INCREMENT, AUTO_INCREMENT=11;

--
-- AUTO_INCREMENT for table `t_type_customer`
--
ALTER TABLE `t_type_customer`
  MODIFY `id` int(11) NOT NULL AUTO_INCREMENT, AUTO_INCREMENT=7;

--
-- AUTO_INCREMENT for table `t_video`
--
ALTER TABLE `t_video`
  MODIFY `id` int(11) NOT NULL AUTO_INCREMENT, AUTO_INCREMENT=3;

--
-- AUTO_INCREMENT for table `user`
--
ALTER TABLE `user`
  MODIFY `id` int(11) NOT NULL AUTO_INCREMENT, AUTO_INCREMENT=59;

--
-- AUTO_INCREMENT for table `users`
--
ALTER TABLE `users`
  MODIFY `id` int(11) NOT NULL AUTO_INCREMENT, AUTO_INCREMENT=3;
COMMIT;

/*!40101 SET CHARACTER_SET_CLIENT=@OLD_CHARACTER_SET_CLIENT */;
/*!40101 SET CHARACTER_SET_RESULTS=@OLD_CHARACTER_SET_RESULTS */;
/*!40101 SET COLLATION_CONNECTION=@OLD_COLLATION_CONNECTION */;
