-- phpMyAdmin SQL Dump
-- version 4.7.4
-- https://www.phpmyadmin.net/
--
-- Host: 127.0.0.1
-- Generation Time: 05 Sep 2018 pada 12.54
-- Versi Server: 10.1.28-MariaDB
-- PHP Version: 7.1.11

SET SQL_MODE = "NO_AUTO_VALUE_ON_ZERO";
SET AUTOCOMMIT = 0;
START TRANSACTION;
SET time_zone = "+00:00";


/*!40101 SET @OLD_CHARACTER_SET_CLIENT=@@CHARACTER_SET_CLIENT */;
/*!40101 SET @OLD_CHARACTER_SET_RESULTS=@@CHARACTER_SET_RESULTS */;
/*!40101 SET @OLD_COLLATION_CONNECTION=@@COLLATION_CONNECTION */;
/*!40101 SET NAMES utf8mb4 */;

--
-- Database: `theklakklik`
--

-- --------------------------------------------------------

--
-- Struktur dari tabel `ci_sessions`
--

CREATE TABLE `ci_sessions` (
  `id` varchar(40) NOT NULL,
  `ip_address` varchar(45) NOT NULL,
  `timestamp` int(10) UNSIGNED NOT NULL DEFAULT '0',
  `data` blob NOT NULL
) ENGINE=InnoDB DEFAULT CHARSET=latin1;

--
-- Dumping data untuk tabel `ci_sessions`
--

INSERT INTO `ci_sessions` (`id`, `ip_address`, `timestamp`, `data`) VALUES
('1qjga5lor3pst0ug4aqnrr6fnjssf5qg', '::1', 1536130489, 0x5f5f63695f6c6173745f726567656e65726174657c693a313533363133303438393b69647c4e3b6e616d615f757365727c733a31343a2241726468692052616d616468616e223b656d61696c5f757365727c733a31343a2272616d6140676d61696c2e636f6d223b6c6f67696e5f73657373696f6e7c733a373a22616c6c6f776564223b746573745f73657373696f6e7c733a31353a224164612053657373696f6e204b6f6b223b6c6576656c7c733a323a223130223b70686f746f7c733a33363a2239356165383035626530613938303863356137383830356534373733373233322e6a7067223b),
('23s1l4t010alaf8nmo43od1r6261tml5', '::1', 1536119623, 0x5f5f63695f6c6173745f726567656e65726174657c693a313533363131393632333b636172745f636f6e74656e74737c613a353a7b733a31303a22636172745f746f74616c223b643a383632393939393b733a31313a22746f74616c5f6974656d73223b643a383b733a33323a223337363933636663373438303439653435643837623863376438623961616364223b613a373a7b733a323a226964223b733a323a223233223b733a343a226e616d65223b733a393a2241394b315234313036223b733a353a227072696365223b643a39303030303b733a333a22717479223b643a363b733a333a22676272223b733a33363a2261646430323634303765313934376238633961343065373335396465323161382e6a7067223b733a353a22726f776964223b733a33323a223337363933636663373438303439653435643837623863376438623961616364223b733a383a22737562746f74616c223b643a3534303030303b7d733a33323a226236643736376432663865643564323161343462306535383836363830636239223b613a373a7b733a323a226964223b733a323a223232223b733a343a226e616d65223b733a31303a2244463242524e30323030223b733a353a227072696365223b643a38393939393b733a333a22717479223b643a313b733a333a22676272223b733a33363a2261646430323634303765313934376238633961343065373335396465323161382e6a7067223b733a353a22726f776964223b733a33323a226236643736376432663865643564323161343462306535383836363830636239223b733a383a22737562746f74616c223b643a38393939393b7d733a33323a223166306533646164393939303833343566373433396638666661626466666334223b613a373a7b733a323a226964223b733a323a223139223b733a343a226e616d65223b733a31323a22444f4d313133523431534e49223b733a353a227072696365223b643a383030303030303b733a333a22717479223b643a313b733a333a22676272223b733a33363a2261646430323634303765313934376238633961343065373335396465323161382e6a7067223b733a353a22726f776964223b733a33323a223166306533646164393939303833343566373433396638666661626466666334223b733a383a22737562746f74616c223b643a383030303030303b7d7d),
('49djp6cro70d1brggftuca4ib3c2s19n', '::1', 1536118888, 0x5f5f63695f6c6173745f726567656e65726174657c693a313533363131383838383b636172745f636f6e74656e74737c613a353a7b733a31303a22636172745f746f74616c223b643a383931393939363b733a31313a22746f74616c5f6974656d73223b643a373b733a33323a223166663164653737343030356638646131336634323934333838316336353566223b613a373a7b733a323a226964223b733a323a223234223b733a343a226e616d65223b733a31323a22455a43315230304833313030223b733a353a227072696365223b643a3238303030303b733a333a22717479223b643a323b733a333a22676272223b733a33363a2261646430323634303765313934376238633961343065373335396465323161382e6a7067223b733a353a22726f776964223b733a33323a223166663164653737343030356638646131336634323934333838316336353566223b733a383a22737562746f74616c223b643a3536303030303b7d733a33323a226236643736376432663865643564323161343462306535383836363830636239223b613a373a7b733a323a226964223b733a323a223232223b733a343a226e616d65223b733a31303a2244463242524e30323030223b733a353a227072696365223b643a38393939393b733a333a22717479223b643a343b733a333a22676272223b733a33363a2261646430323634303765313934376238633961343065373335396465323161382e6a7067223b733a353a22726f776964223b733a33323a226236643736376432663865643564323161343462306535383836363830636239223b733a383a22737562746f74616c223b643a3335393939363b7d733a33323a223363353964633034386538383530323433626538303739613563373464303739223b613a373a7b733a323a226964223b733a323a223231223b733a343a226e616d65223b733a393a224c43314446524b4d37223b733a353a227072696365223b643a383030303030303b733a333a22717479223b643a313b733a333a22676272223b733a33363a2261646430323634303765313934376238633961343065373335396465323161382e6a7067223b733a353a22726f776964223b733a33323a223363353964633034386538383530323433626538303739613563373464303739223b733a383a22737562746f74616c223b643a383030303030303b7d7d),
('4i19rdofqvlv6nugl1pne0abmo40060m', '::1', 1536112686, 0x5f5f63695f6c6173745f726567656e65726174657c693a313533363131323638363b636172745f636f6e74656e74737c613a31313a7b733a31303a22636172745f746f74616c223b643a32303631313939373b733a31313a22746f74616c5f6974656d73223b643a31333b733a33323a223136373930393163356138383066616636666235653630383765623162326463223b613a373a7b733a323a226964223b733a313a2236223b733a343a226e616d65223b733a383a224c43443052393939223b733a353a227072696365223b643a3930303030303b733a333a22717479223b643a313b733a333a22676272223b733a33363a2261646430323634303765313934376238633961343065373335396465323161382e6a7067223b733a353a22726f776964223b733a33323a223136373930393163356138383066616636666235653630383765623162326463223b733a383a22737562746f74616c223b643a3930303030303b7d733a33323a226334636134323338613062393233383230646363353039613666373538343962223b613a373a7b733a323a226964223b733a313a2231223b733a343a226e616d65223b733a383a224c434430394d3752223b733a353a227072696365223b643a333030303030303b733a333a22717479223b643a313b733a333a22676272223b733a33363a2261646430323634303765313934376238633961343065373335396465323161382e6a7067223b733a353a22726f776964223b733a33323a226334636134323338613062393233383230646363353039613666373538343962223b733a383a22737562746f74616c223b643a333030303030303b7d733a33323a223337363933636663373438303439653435643837623863376438623961616364223b613a373a7b733a323a226964223b733a323a223233223b733a343a226e616d65223b733a393a2241394b315234313036223b733a353a227072696365223b643a39303030303b733a333a22717479223b643a323b733a333a22676272223b733a33363a2261646430323634303765313934376238633961343065373335396465323161382e6a7067223b733a353a22726f776964223b733a33323a223337363933636663373438303439653435643837623863376438623961616364223b733a383a22737562746f74616c223b643a3138303030303b7d733a33323a226236643736376432663865643564323161343462306535383836363830636239223b613a373a7b733a323a226964223b733a323a223232223b733a343a226e616d65223b733a31303a2244463242524e30323030223b733a353a227072696365223b643a38393939393b733a333a22717479223b643a333b733a333a22676272223b733a33363a2261646430323634303765313934376238633961343065373335396465323161382e6a7067223b733a353a22726f776964223b733a33323a226236643736376432663865643564323161343462306535383836363830636239223b733a383a22737562746f74616c223b643a3236393939373b7d733a33323a223938663133373038323130313934633437353638376265363130366133623834223b613a373a7b733a323a226964223b733a323a223230223b733a343a226e616d65223b733a31313a22584750353052302d564143223b733a353a227072696365223b643a343030303b733a333a22717479223b643a323b733a333a22676272223b733a33363a2261646430323634303765313934376238633961343065373335396465323161382e6a7067223b733a353a22726f776964223b733a33323a223938663133373038323130313934633437353638376265363130366133623834223b733a383a22737562746f74616c223b643a383030303b7d733a33323a223166306533646164393939303833343566373433396638666661626466666334223b613a373a7b733a323a226964223b733a323a223139223b733a343a226e616d65223b733a31323a22444f4d313133523431534e49223b733a353a227072696365223b643a383030303030303b733a333a22717479223b643a313b733a333a22676272223b733a33363a2261646430323634303765313934376238633961343065373335396465323161382e6a7067223b733a353a22726f776964223b733a33323a223166306533646164393939303833343566373433396638666661626466666334223b733a383a22737562746f74616c223b643a383030303030303b7d733a33323a223363353964633034386538383530323433626538303739613563373464303739223b613a373a7b733a323a226964223b733a323a223231223b733a343a226e616d65223b733a393a224c43314446524b4d37223b733a353a227072696365223b643a383030303030303b733a333a22717479223b643a313b733a333a22676272223b733a33363a2261646430323634303765313934376238633961343065373335396465323161382e6a7067223b733a353a22726f776964223b733a33323a223363353964633034386538383530323433626538303739613563373464303739223b733a383a22737562746f74616c223b643a383030303030303b7d733a33323a223666343932326634353536383136316138636466346164323239396636643233223b613a373a7b733a323a226964223b733a323a223138223b733a343a226e616d65223b733a373a2247563252503134223b733a353a227072696365223b643a343030303b733a333a22717479223b643a313b733a333a22676272223b733a33363a2261646430323634303765313934376238633961343065373335396465323161382e6a7067223b733a353a22726f776964223b733a33323a223666343932326634353536383136316138636466346164323239396636643233223b733a383a22737562746f74616c223b643a343030303b7d733a33323a223730656664663265633962303836303739373935633434323633366235356662223b613a373a7b733a323a226964223b733a323a223137223b733a343a226e616d65223b733a393a224c4344523039353637223b733a353a227072696365223b643a3235303030303b733a333a22717479223b643a313b733a333a22676272223b733a33363a2261646430323634303765313934376238633961343065373335396465323161382e6a7067223b733a353a22726f776964223b733a33323a223730656664663265633962303836303739373935633434323633366235356662223b733a383a22737562746f74616c223b643a3235303030303b7d7d),
('6u4rkai3ins8e9tb4n9ciudn4ftbg211', '::1', 1536130800, 0x5f5f63695f6c6173745f726567656e65726174657c693a313533363133303830303b69647c4e3b6e616d615f757365727c733a31343a2241726468692052616d616468616e223b656d61696c5f757365727c733a31343a2272616d6140676d61696c2e636f6d223b6c6f67696e5f73657373696f6e7c733a373a22616c6c6f776564223b746573745f73657373696f6e7c733a31353a224164612053657373696f6e204b6f6b223b6c6576656c7c733a323a223130223b70686f746f7c733a33363a2239356165383035626530613938303863356137383830356534373733373233322e6a7067223b),
('90ci8ljnefosedl1q97aaojgocuk5c22', '::1', 1536126854, 0x5f5f63695f6c6173745f726567656e65726174657c693a313533363132363835343b69647c4e3b6e616d615f757365727c733a31343a2241726468692052616d616468616e223b656d61696c5f757365727c733a31343a2272616d6140676d61696c2e636f6d223b6c6f67696e5f73657373696f6e7c733a373a22616c6c6f776564223b746573745f73657373696f6e7c733a31353a224164612053657373696f6e204b6f6b223b6c6576656c7c733a323a223130223b70686f746f7c733a33363a2239356165383035626530613938303863356137383830356534373733373233322e6a7067223b636172745f636f6e74656e74737c613a373a7b733a31303a22636172745f746f74616c223b643a33323130393939393b733a31313a22746f74616c5f6974656d73223b643a31303b733a33323a223938663133373038323130313934633437353638376265363130366133623834223b613a373a7b733a323a226964223b733a323a223230223b733a343a226e616d65223b733a31313a22584750353052302d564143223b733a353a227072696365223b643a343030303b733a333a22717479223b643a333b733a333a22676272223b733a33363a2261646430323634303765313934376238633961343065373335396465323161382e6a7067223b733a353a22726f776964223b733a33323a223938663133373038323130313934633437353638376265363130366133623834223b733a383a22737562746f74616c223b643a31323030303b7d733a33323a223166306533646164393939303833343566373433396638666661626466666334223b613a373a7b733a323a226964223b733a323a223139223b733a343a226e616d65223b733a31323a22444f4d313133523431534e49223b733a353a227072696365223b643a383030303030303b733a333a22717479223b643a333b733a333a22676272223b733a33363a2261646430323634303765313934376238633961343065373335396465323161382e6a7067223b733a353a22726f776964223b733a33323a223166306533646164393939303833343566373433396638666661626466666334223b733a383a22737562746f74616c223b643a32343030303030303b7d733a33323a223666343932326634353536383136316138636466346164323239396636643233223b613a373a7b733a323a226964223b733a323a223138223b733a343a226e616d65223b733a373a2247563252503134223b733a353a227072696365223b643a343030303b733a333a22717479223b643a323b733a333a22676272223b733a33363a2261646430323634303765313934376238633961343065373335396465323161382e6a7067223b733a353a22726f776964223b733a33323a223666343932326634353536383136316138636466346164323239396636643233223b733a383a22737562746f74616c223b643a383030303b7d733a33323a226236643736376432663865643564323161343462306535383836363830636239223b613a373a7b733a323a226964223b733a323a223232223b733a343a226e616d65223b733a31303a2244463242524e30323030223b733a353a227072696365223b643a38393939393b733a333a22717479223b643a313b733a333a22676272223b733a33363a2261646430323634303765313934376238633961343065373335396465323161382e6a7067223b733a353a22726f776964223b733a33323a226236643736376432663865643564323161343462306535383836363830636239223b733a383a22737562746f74616c223b643a38393939393b7d733a33323a223363353964633034386538383530323433626538303739613563373464303739223b613a373a7b733a323a226964223b733a323a223231223b733a343a226e616d65223b733a393a224c43314446524b4d37223b733a353a227072696365223b643a383030303030303b733a333a22717479223b643a313b733a333a22676272223b733a33363a2261646430323634303765313934376238633961343065373335396465323161382e6a7067223b733a353a22726f776964223b733a33323a223363353964633034386538383530323433626538303739613563373464303739223b733a383a22737562746f74616c223b643a383030303030303b7d7d),
('9s9r18125l77gqjlud9heiba6fl510nm', '::1', 1536113281, 0x5f5f63695f6c6173745f726567656e65726174657c693a313533363131333238313b636172745f636f6e74656e74737c613a31323a7b733a31303a22636172745f746f74616c223b643a32303639333939393b733a31313a22746f74616c5f6974656d73223b643a31303b733a33323a223136373930393163356138383066616636666235653630383765623162326463223b613a373a7b733a323a226964223b733a313a2236223b733a343a226e616d65223b733a383a224c43443052393939223b733a353a227072696365223b643a3930303030303b733a333a22717479223b643a313b733a333a22676272223b733a33363a2261646430323634303765313934376238633961343065373335396465323161382e6a7067223b733a353a22726f776964223b733a33323a223136373930393163356138383066616636666235653630383765623162326463223b733a383a22737562746f74616c223b643a3930303030303b7d733a33323a226334636134323338613062393233383230646363353039613666373538343962223b613a373a7b733a323a226964223b733a313a2231223b733a343a226e616d65223b733a383a224c434430394d3752223b733a353a227072696365223b643a333030303030303b733a333a22717479223b643a313b733a333a22676272223b733a33363a2261646430323634303765313934376238633961343065373335396465323161382e6a7067223b733a353a22726f776964223b733a33323a226334636134323338613062393233383230646363353039613666373538343962223b733a383a22737562746f74616c223b643a333030303030303b7d733a33323a223730656664663265633962303836303739373935633434323633366235356662223b613a373a7b733a323a226964223b733a323a223137223b733a343a226e616d65223b733a393a224c4344523039353637223b733a353a227072696365223b643a3235303030303b733a333a22717479223b643a313b733a333a22676272223b733a33363a2261646430323634303765313934376238633961343065373335396465323161382e6a7067223b733a353a22726f776964223b733a33323a223730656664663265633962303836303739373935633434323633366235356662223b733a383a22737562746f74616c223b643a3235303030303b7d733a33323a223166306533646164393939303833343566373433396638666661626466666334223b613a373a7b733a323a226964223b733a323a223139223b733a343a226e616d65223b733a31323a22444f4d313133523431534e49223b733a353a227072696365223b643a383030303030303b733a333a22717479223b643a313b733a333a22676272223b733a33363a2261646430323634303765313934376238633961343065373335396465323161382e6a7067223b733a353a22726f776964223b733a33323a223166306533646164393939303833343566373433396638666661626466666334223b733a383a22737562746f74616c223b643a383030303030303b7d733a33323a223865323936613036376133373536333337306465643035663561336266336563223b613a373a7b733a323a226964223b733a323a223235223b733a343a226e616d65223b733a373a224c41444e523232223b733a353a227072696365223b643a38303030303b733a333a22717479223b643a313b733a333a22676272223b733a33363a2261646430323634303765313934376238633961343065373335396465323161382e6a7067223b733a353a22726f776964223b733a33323a223865323936613036376133373536333337306465643035663561336266336563223b733a383a22737562746f74616c223b643a38303030303b7d733a33323a223166663164653737343030356638646131336634323934333838316336353566223b613a373a7b733a323a226964223b733a323a223234223b733a343a226e616d65223b733a31323a22455a43315230304833313030223b733a353a227072696365223b643a3238303030303b733a333a22717479223b643a313b733a333a22676272223b733a33363a2261646430323634303765313934376238633961343065373335396465323161382e6a7067223b733a353a22726f776964223b733a33323a223166663164653737343030356638646131336634323934333838316336353566223b733a383a22737562746f74616c223b643a3238303030303b7d733a33323a223337363933636663373438303439653435643837623863376438623961616364223b613a373a7b733a323a226964223b733a323a223233223b733a343a226e616d65223b733a393a2241394b315234313036223b733a353a227072696365223b643a39303030303b733a333a22717479223b643a313b733a333a22676272223b733a33363a2261646430323634303765313934376238633961343065373335396465323161382e6a7067223b733a353a22726f776964223b733a33323a223337363933636663373438303439653435643837623863376438623961616364223b733a383a22737562746f74616c223b643a39303030303b7d733a33323a226236643736376432663865643564323161343462306535383836363830636239223b613a373a7b733a323a226964223b733a323a223232223b733a343a226e616d65223b733a31303a2244463242524e30323030223b733a353a227072696365223b643a38393939393b733a333a22717479223b643a313b733a333a22676272223b733a33363a2261646430323634303765313934376238633961343065373335396465323161382e6a7067223b733a353a22726f776964223b733a33323a226236643736376432663865643564323161343462306535383836363830636239223b733a383a22737562746f74616c223b643a38393939393b7d733a33323a223363353964633034386538383530323433626538303739613563373464303739223b613a373a7b733a323a226964223b733a323a223231223b733a343a226e616d65223b733a393a224c43314446524b4d37223b733a353a227072696365223b643a383030303030303b733a333a22717479223b643a313b733a333a22676272223b733a33363a2261646430323634303765313934376238633961343065373335396465323161382e6a7067223b733a353a22726f776964223b733a33323a223363353964633034386538383530323433626538303739613563373464303739223b733a383a22737562746f74616c223b643a383030303030303b7d733a33323a223938663133373038323130313934633437353638376265363130366133623834223b613a373a7b733a323a226964223b733a323a223230223b733a343a226e616d65223b733a31313a22584750353052302d564143223b733a353a227072696365223b643a343030303b733a333a22717479223b643a313b733a333a22676272223b733a33363a2261646430323634303765313934376238633961343065373335396465323161382e6a7067223b733a353a22726f776964223b733a33323a223938663133373038323130313934633437353638376265363130366133623834223b733a383a22737562746f74616c223b643a343030303b7d7d),
('aa81bjc2bb8e4kcfvhqqdc1rb0gd77i9', '::1', 1536120305, 0x5f5f63695f6c6173745f726567656e65726174657c693a313533363132303330343b636172745f636f6e74656e74737c613a333a7b733a31303a22636172745f746f74616c223b643a35363030303030303b733a31313a22746f74616c5f6974656d73223b643a373b733a33323a223363353964633034386538383530323433626538303739613563373464303739223b613a373a7b733a323a226964223b733a323a223231223b733a343a226e616d65223b733a393a224c43314446524b4d37223b733a353a227072696365223b643a383030303030303b733a333a22717479223b643a373b733a333a22676272223b733a33363a2261646430323634303765313934376238633961343065373335396465323161382e6a7067223b733a353a22726f776964223b733a33323a223363353964633034386538383530323433626538303739613563373464303739223b733a383a22737562746f74616c223b643a35363030303030303b7d7d),
('b8a2j32kap8j45i21cpon3q0a63c3dt2', '::1', 1536129288, 0x5f5f63695f6c6173745f726567656e65726174657c693a313533363132393238383b69647c4e3b6e616d615f757365727c733a31343a2241726468692052616d616468616e223b656d61696c5f757365727c733a31343a2272616d6140676d61696c2e636f6d223b6c6f67696e5f73657373696f6e7c733a373a22616c6c6f776564223b746573745f73657373696f6e7c733a31353a224164612053657373696f6e204b6f6b223b6c6576656c7c733a323a223130223b70686f746f7c733a33363a2239356165383035626530613938303863356137383830356534373733373233322e6a7067223b),
('burdavpamc0l6ilk29jknnbj3u2bqvre', '::1', 1536127634, 0x5f5f63695f6c6173745f726567656e65726174657c693a313533363132373633343b69647c4e3b6e616d615f757365727c733a31343a2241726468692052616d616468616e223b656d61696c5f757365727c733a31343a2272616d6140676d61696c2e636f6d223b6c6f67696e5f73657373696f6e7c733a373a22616c6c6f776564223b746573745f73657373696f6e7c733a31353a224164612053657373696f6e204b6f6b223b6c6576656c7c733a323a223130223b70686f746f7c733a33363a2239356165383035626530613938303863356137383830356534373733373233322e6a7067223b636172745f636f6e74656e74737c613a373a7b733a31303a22636172745f746f74616c223b643a33323130393939393b733a31313a22746f74616c5f6974656d73223b643a31303b733a33323a223938663133373038323130313934633437353638376265363130366133623834223b613a373a7b733a323a226964223b733a323a223230223b733a343a226e616d65223b733a31313a22584750353052302d564143223b733a353a227072696365223b643a343030303b733a333a22717479223b643a333b733a333a22676272223b733a33363a2261646430323634303765313934376238633961343065373335396465323161382e6a7067223b733a353a22726f776964223b733a33323a223938663133373038323130313934633437353638376265363130366133623834223b733a383a22737562746f74616c223b643a31323030303b7d733a33323a223166306533646164393939303833343566373433396638666661626466666334223b613a373a7b733a323a226964223b733a323a223139223b733a343a226e616d65223b733a31323a22444f4d313133523431534e49223b733a353a227072696365223b643a383030303030303b733a333a22717479223b643a333b733a333a22676272223b733a33363a2261646430323634303765313934376238633961343065373335396465323161382e6a7067223b733a353a22726f776964223b733a33323a223166306533646164393939303833343566373433396638666661626466666334223b733a383a22737562746f74616c223b643a32343030303030303b7d733a33323a223666343932326634353536383136316138636466346164323239396636643233223b613a373a7b733a323a226964223b733a323a223138223b733a343a226e616d65223b733a373a2247563252503134223b733a353a227072696365223b643a343030303b733a333a22717479223b643a323b733a333a22676272223b733a33363a2261646430323634303765313934376238633961343065373335396465323161382e6a7067223b733a353a22726f776964223b733a33323a223666343932326634353536383136316138636466346164323239396636643233223b733a383a22737562746f74616c223b643a383030303b7d733a33323a226236643736376432663865643564323161343462306535383836363830636239223b613a373a7b733a323a226964223b733a323a223232223b733a343a226e616d65223b733a31303a2244463242524e30323030223b733a353a227072696365223b643a38393939393b733a333a22717479223b643a313b733a333a22676272223b733a33363a2261646430323634303765313934376238633961343065373335396465323161382e6a7067223b733a353a22726f776964223b733a33323a226236643736376432663865643564323161343462306535383836363830636239223b733a383a22737562746f74616c223b643a38393939393b7d733a33323a223363353964633034386538383530323433626538303739613563373464303739223b613a373a7b733a323a226964223b733a323a223231223b733a343a226e616d65223b733a393a224c43314446524b4d37223b733a353a227072696365223b643a383030303030303b733a333a22717479223b643a313b733a333a22676272223b733a33363a2261646430323634303765313934376238633961343065373335396465323161382e6a7067223b733a353a22726f776964223b733a33323a223363353964633034386538383530323433626538303739613563373464303739223b733a383a22737562746f74616c223b643a383030303030303b7d7d),
('ci91koda96kvsqr9vbastd0sf6cav6dj', '::1', 1536113686, 0x5f5f63695f6c6173745f726567656e65726174657c693a313533363131333638363b636172745f636f6e74656e74737c613a31333a7b733a31303a22636172745f746f74616c223b643a3134353835313939393b733a31313a22746f74616c5f6974656d73223b643a34323b733a33323a223136373930393163356138383066616636666235653630383765623162326463223b613a373a7b733a323a226964223b733a313a2236223b733a343a226e616d65223b733a383a224c43443052393939223b733a353a227072696365223b643a3930303030303b733a333a22717479223b643a323b733a333a22676272223b733a33363a2261646430323634303765313934376238633961343065373335396465323161382e6a7067223b733a353a22726f776964223b733a33323a223136373930393163356138383066616636666235653630383765623162326463223b733a383a22737562746f74616c223b643a313830303030303b7d733a33323a226334636134323338613062393233383230646363353039613666373538343962223b613a373a7b733a323a226964223b733a313a2231223b733a343a226e616d65223b733a383a224c434430394d3752223b733a353a227072696365223b643a333030303030303b733a333a22717479223b643a32313b733a333a22676272223b733a33363a2261646430323634303765313934376238633961343065373335396465323161382e6a7067223b733a353a22726f776964223b733a33323a226334636134323338613062393233383230646363353039613666373538343962223b733a383a22737562746f74616c223b643a36333030303030303b7d733a33323a223730656664663265633962303836303739373935633434323633366235356662223b613a373a7b733a323a226964223b733a323a223137223b733a343a226e616d65223b733a393a224c4344523039353637223b733a353a227072696365223b643a3235303030303b733a333a22717479223b643a323b733a333a22676272223b733a33363a2261646430323634303765313934376238633961343065373335396465323161382e6a7067223b733a353a22726f776964223b733a33323a223730656664663265633962303836303739373935633434323633366235356662223b733a383a22737562746f74616c223b643a3530303030303b7d733a33323a223166306533646164393939303833343566373433396638666661626466666334223b613a373a7b733a323a226964223b733a323a223139223b733a343a226e616d65223b733a31323a22444f4d313133523431534e49223b733a353a227072696365223b643a383030303030303b733a333a22717479223b643a373b733a333a22676272223b733a33363a2261646430323634303765313934376238633961343065373335396465323161382e6a7067223b733a353a22726f776964223b733a33323a223166306533646164393939303833343566373433396638666661626466666334223b733a383a22737562746f74616c223b643a35363030303030303b7d733a33323a223865323936613036376133373536333337306465643035663561336266336563223b613a373a7b733a323a226964223b733a323a223235223b733a343a226e616d65223b733a373a224c41444e523232223b733a353a227072696365223b643a38303030303b733a333a22717479223b643a313b733a333a22676272223b733a33363a2261646430323634303765313934376238633961343065373335396465323161382e6a7067223b733a353a22726f776964223b733a33323a223865323936613036376133373536333337306465643035663561336266336563223b733a383a22737562746f74616c223b643a38303030303b7d733a33323a223166663164653737343030356638646131336634323934333838316336353566223b613a373a7b733a323a226964223b733a323a223234223b733a343a226e616d65223b733a31323a22455a43315230304833313030223b733a353a227072696365223b643a3238303030303b733a333a22717479223b643a313b733a333a22676272223b733a33363a2261646430323634303765313934376238633961343065373335396465323161382e6a7067223b733a353a22726f776964223b733a33323a223166663164653737343030356638646131336634323934333838316336353566223b733a383a22737562746f74616c223b643a3238303030303b7d733a33323a223337363933636663373438303439653435643837623863376438623961616364223b613a373a7b733a323a226964223b733a323a223233223b733a343a226e616d65223b733a393a2241394b315234313036223b733a353a227072696365223b643a39303030303b733a333a22717479223b643a313b733a333a22676272223b733a33363a2261646430323634303765313934376238633961343065373335396465323161382e6a7067223b733a353a22726f776964223b733a33323a223337363933636663373438303439653435643837623863376438623961616364223b733a383a22737562746f74616c223b643a39303030303b7d733a33323a226236643736376432663865643564323161343462306535383836363830636239223b613a373a7b733a323a226964223b733a323a223232223b733a343a226e616d65223b733a31303a2244463242524e30323030223b733a353a227072696365223b643a38393939393b733a333a22717479223b643a313b733a333a22676272223b733a33363a2261646430323634303765313934376238633961343065373335396465323161382e6a7067223b733a353a22726f776964223b733a33323a226236643736376432663865643564323161343462306535383836363830636239223b733a383a22737562746f74616c223b643a38393939393b7d733a33323a223363353964633034386538383530323433626538303739613563373464303739223b613a373a7b733a323a226964223b733a323a223231223b733a343a226e616d65223b733a393a224c43314446524b4d37223b733a353a227072696365223b643a383030303030303b733a333a22717479223b643a333b733a333a22676272223b733a33363a2261646430323634303765313934376238633961343065373335396465323161382e6a7067223b733a353a22726f776964223b733a33323a223363353964633034386538383530323433626538303739613563373464303739223b733a383a22737562746f74616c223b643a32343030303030303b7d733a33323a223938663133373038323130313934633437353638376265363130366133623834223b613a373a7b733a323a226964223b733a323a223230223b733a343a226e616d65223b733a31313a22584750353052302d564143223b733a353a227072696365223b643a343030303b733a333a22717479223b643a313b733a333a22676272223b733a33363a2261646430323634303765313934376238633961343065373335396465323161382e6a7067223b733a353a22726f776964223b733a33323a223938663133373038323130313934633437353638376265363130366133623834223b733a383a22737562746f74616c223b643a343030303b7d733a33323a223666343932326634353536383136316138636466346164323239396636643233223b613a373a7b733a323a226964223b733a323a223138223b733a343a226e616d65223b733a373a2247563252503134223b733a353a227072696365223b643a343030303b733a333a22717479223b643a323b733a333a22676272223b733a33363a2261646430323634303765313934376238633961343065373335396465323161382e6a7067223b733a353a22726f776964223b733a33323a223666343932326634353536383136316138636466346164323239396636643233223b733a383a22737562746f74616c223b643a383030303b7d7d),
('cmklhd69eeh1e4l26hk9kmsne9k62on6', '::1', 1536118368, 0x5f5f63695f6c6173745f726567656e65726174657c693a313533363131383336383b636172745f636f6e74656e74737c613a333a7b733a31303a22636172745f746f74616c223b643a383030303b733a31313a22746f74616c5f6974656d73223b643a323b733a33323a223666343932326634353536383136316138636466346164323239396636643233223b613a373a7b733a323a226964223b733a323a223138223b733a343a226e616d65223b733a373a2247563252503134223b733a353a227072696365223b643a343030303b733a333a22717479223b643a323b733a333a22676272223b733a33363a2261646430323634303765313934376238633961343065373335396465323161382e6a7067223b733a353a22726f776964223b733a33323a223666343932326634353536383136316138636466346164323239396636643233223b733a383a22737562746f74616c223b643a383030303b7d7d),
('ctapg1qpfsc1nvqaotog85mgjc7d5vud', '::1', 1536112000, 0x5f5f63695f6c6173745f726567656e65726174657c693a313533363131323030303b),
('e4e4oc32q3si7kvdkc755bn2499cs6mn', '::1', 1536122714, 0x5f5f63695f6c6173745f726567656e65726174657c693a313533363132323731343b69647c4e3b6e616d615f757365727c733a31343a2241726468692052616d616468616e223b656d61696c5f757365727c733a31343a2272616d6140676d61696c2e636f6d223b6c6f67696e5f73657373696f6e7c733a373a22616c6c6f776564223b746573745f73657373696f6e7c733a31353a224164612053657373696f6e204b6f6b223b6c6576656c7c733a323a223130223b70686f746f7c733a33363a2239356165383035626530613938303863356137383830356534373733373233322e6a7067223b),
('ghtp8h23jabsv4h9ia807kfpto8adee6', '::1', 1536119998, 0x5f5f63695f6c6173745f726567656e65726174657c693a313533363131393939383b636172745f636f6e74656e74737c613a333a7b733a31303a22636172745f746f74616c223b643a393030303030303b733a31313a22746f74616c5f6974656d73223b643a333b733a33323a226334636134323338613062393233383230646363353039613666373538343962223b613a373a7b733a323a226964223b733a313a2231223b733a343a226e616d65223b733a383a224c434430394d3752223b733a353a227072696365223b643a333030303030303b733a333a22717479223b643a333b733a333a22676272223b733a33363a2261646430323634303765313934376238633961343065373335396465323161382e6a7067223b733a353a22726f776964223b733a33323a226334636134323338613062393233383230646363353039613666373538343962223b733a383a22737562746f74616c223b643a393030303030303b7d7d),
('gl8a4pbdngtsra6suntg522dne8skpv6', '::1', 1536120996, 0x5f5f63695f6c6173745f726567656e65726174657c693a313533363132303939363b636172745f636f6e74656e74737c613a353a7b733a31303a22636172745f746f74616c223b643a31343030343030303b733a31313a22746f74616c5f6974656d73223b643a343b733a33323a223938663133373038323130313934633437353638376265363130366133623834223b613a373a7b733a323a226964223b733a323a223230223b733a343a226e616d65223b733a31313a22584750353052302d564143223b733a353a227072696365223b643a343030303b733a333a22717479223b643a313b733a333a22676272223b733a33363a2261646430323634303765313934376238633961343065373335396465323161382e6a7067223b733a353a22726f776964223b733a33323a223938663133373038323130313934633437353638376265363130366133623834223b733a383a22737562746f74616c223b643a343030303b7d733a33323a223166306533646164393939303833343566373433396638666661626466666334223b613a373a7b733a323a226964223b733a323a223139223b733a343a226e616d65223b733a31323a22444f4d313133523431534e49223b733a353a227072696365223b643a383030303030303b733a333a22717479223b643a313b733a333a22676272223b733a33363a2261646430323634303765313934376238633961343065373335396465323161382e6a7067223b733a353a22726f776964223b733a33323a223166306533646164393939303833343566373433396638666661626466666334223b733a383a22737562746f74616c223b643a383030303030303b7d733a33323a226334636134323338613062393233383230646363353039613666373538343962223b613a373a7b733a323a226964223b733a313a2231223b733a343a226e616d65223b733a383a224c434430394d3752223b733a353a227072696365223b643a333030303030303b733a333a22717479223b643a323b733a333a22676272223b733a33363a2261646430323634303765313934376238633961343065373335396465323161382e6a7067223b733a353a22726f776964223b733a33323a226334636134323338613062393233383230646363353039613666373538343962223b733a383a22737562746f74616c223b643a363030303030303b7d7d),
('ic3mumh9mjga2826h0fgfrervebmueta', '::1', 1536120689, 0x5f5f63695f6c6173745f726567656e65726174657c693a313533363132303638393b636172745f636f6e74656e74737c613a353a7b733a31303a22636172745f746f74616c223b643a31343030343030303b733a31313a22746f74616c5f6974656d73223b643a343b733a33323a223938663133373038323130313934633437353638376265363130366133623834223b613a373a7b733a323a226964223b733a323a223230223b733a343a226e616d65223b733a31313a22584750353052302d564143223b733a353a227072696365223b643a343030303b733a333a22717479223b643a313b733a333a22676272223b733a33363a2261646430323634303765313934376238633961343065373335396465323161382e6a7067223b733a353a22726f776964223b733a33323a223938663133373038323130313934633437353638376265363130366133623834223b733a383a22737562746f74616c223b643a343030303b7d733a33323a223166306533646164393939303833343566373433396638666661626466666334223b613a373a7b733a323a226964223b733a323a223139223b733a343a226e616d65223b733a31323a22444f4d313133523431534e49223b733a353a227072696365223b643a383030303030303b733a333a22717479223b643a313b733a333a22676272223b733a33363a2261646430323634303765313934376238633961343065373335396465323161382e6a7067223b733a353a22726f776964223b733a33323a223166306533646164393939303833343566373433396638666661626466666334223b733a383a22737562746f74616c223b643a383030303030303b7d733a33323a226334636134323338613062393233383230646363353039613666373538343962223b613a373a7b733a323a226964223b733a313a2231223b733a343a226e616d65223b733a383a224c434430394d3752223b733a353a227072696365223b643a333030303030303b733a333a22717479223b643a323b733a333a22676272223b733a33363a2261646430323634303765313934376238633961343065373335396465323161382e6a7067223b733a353a22726f776964223b733a33323a226334636134323338613062393233383230646363353039613666373538343962223b733a383a22737562746f74616c223b643a363030303030303b7d7d),
('iika6g8ikutl79qqh1p7s4jibe7rjsqs', '::1', 1536130185, 0x5f5f63695f6c6173745f726567656e65726174657c693a313533363133303138353b69647c4e3b6e616d615f757365727c733a31343a2241726468692052616d616468616e223b656d61696c5f757365727c733a31343a2272616d6140676d61696c2e636f6d223b6c6f67696e5f73657373696f6e7c733a373a22616c6c6f776564223b746573745f73657373696f6e7c733a31353a224164612053657373696f6e204b6f6b223b6c6576656c7c733a323a223130223b70686f746f7c733a33363a2239356165383035626530613938303863356137383830356534373733373233322e6a7067223b),
('j63brti09d8121tnnnt1usumob5v7jih', '::1', 1536131104, 0x5f5f63695f6c6173745f726567656e65726174657c693a313533363133313130343b69647c4e3b6e616d615f757365727c733a31343a2241726468692052616d616468616e223b656d61696c5f757365727c733a31343a2272616d6140676d61696c2e636f6d223b6c6f67696e5f73657373696f6e7c733a373a22616c6c6f776564223b746573745f73657373696f6e7c733a31353a224164612053657373696f6e204b6f6b223b6c6576656c7c733a323a223130223b70686f746f7c733a33363a2239356165383035626530613938303863356137383830356534373733373233322e6a7067223b),
('jea29inhfa8adjuht1rvgd8sfbsrkvj3', '::1', 1536129832, 0x5f5f63695f6c6173745f726567656e65726174657c693a313533363132393833323b69647c4e3b6e616d615f757365727c733a31343a2241726468692052616d616468616e223b656d61696c5f757365727c733a31343a2272616d6140676d61696c2e636f6d223b6c6f67696e5f73657373696f6e7c733a373a22616c6c6f776564223b746573745f73657373696f6e7c733a31353a224164612053657373696f6e204b6f6b223b6c6576656c7c733a323a223130223b70686f746f7c733a33363a2239356165383035626530613938303863356137383830356534373733373233322e6a7067223b),
('m8bh14anni9mnp1ujihs4gfsoq10c2rm', '::1', 1536119316, 0x5f5f63695f6c6173745f726567656e65726174657c693a313533363131393331363b636172745f636f6e74656e74737c613a333a7b733a31303a22636172745f746f74616c223b643a3930303030303b733a31313a22746f74616c5f6974656d73223b643a313b733a33323a223136373930393163356138383066616636666235653630383765623162326463223b613a373a7b733a323a226964223b733a313a2236223b733a343a226e616d65223b733a383a224c43443052393939223b733a353a227072696365223b643a3930303030303b733a333a22717479223b643a313b733a333a22676272223b733a33363a2261646430323634303765313934376238633961343065373335396465323161382e6a7067223b733a353a22726f776964223b733a33323a223136373930393163356138383066616636666235653630383765623162326463223b733a383a22737562746f74616c223b643a3930303030303b7d7d),
('ok3scuor8d5hhoiomk6crpgnbcgos395', '::1', 1536131305, 0x5f5f63695f6c6173745f726567656e65726174657c693a313533363133313130343b69647c4e3b6e616d615f757365727c733a31343a2241726468692052616d616468616e223b656d61696c5f757365727c733a31343a2272616d6140676d61696c2e636f6d223b6c6f67696e5f73657373696f6e7c733a373a22616c6c6f776564223b746573745f73657373696f6e7c733a31353a224164612053657373696f6e204b6f6b223b6c6576656c7c733a323a223130223b70686f746f7c733a33363a2239356165383035626530613938303863356137383830356534373733373233322e6a7067223b),
('scusht7lhqqrn1r8bjdrelch0i5pq1f0', '::1', 1536112382, 0x5f5f63695f6c6173745f726567656e65726174657c693a313533363131323338323b636172745f636f6e74656e74737c613a383a7b733a31303a22636172745f746f74616c223b643a32343634373939373b733a31313a22746f74616c5f6974656d73223b643a31303b733a33323a226236643736376432663865643564323161343462306535383836363830636239223b613a373a7b733a323a226964223b733a323a223232223b733a343a226e616d65223b733a31303a2244463242524e30323030223b733a353a227072696365223b643a38393939393b733a333a22717479223b643a333b733a333a22676272223b733a33363a2261646430323634303765313934376238633961343065373335396465323161382e6a7067223b733a353a22726f776964223b733a33323a226236643736376432663865643564323161343462306535383836363830636239223b733a383a22737562746f74616c223b643a3236393939373b7d733a33323a223363353964633034386538383530323433626538303739613563373464303739223b613a373a7b733a323a226964223b733a323a223231223b733a343a226e616d65223b733a393a224c43314446524b4d37223b733a353a227072696365223b643a383030303030303b733a333a22717479223b643a323b733a333a22676272223b733a33363a2261646430323634303765313934376238633961343065373335396465323161382e6a7067223b733a353a22726f776964223b733a33323a223363353964633034386538383530323433626538303739613563373464303739223b733a383a22737562746f74616c223b643a31363030303030303b7d733a33323a223938663133373038323130313934633437353638376265363130366133623834223b613a373a7b733a323a226964223b733a323a223230223b733a343a226e616d65223b733a31313a22584750353052302d564143223b733a353a227072696365223b643a343030303b733a333a22717479223b643a323b733a333a22676272223b733a33363a2261646430323634303765313934376238633961343065373335396465323161382e6a7067223b733a353a22726f776964223b733a33323a223938663133373038323130313934633437353638376265363130366133623834223b733a383a22737562746f74616c223b643a383030303b7d733a33323a223166663164653737343030356638646131336634323934333838316336353566223b613a373a7b733a323a226964223b733a323a223234223b733a343a226e616d65223b733a31323a22455a43315230304833313030223b733a353a227072696365223b643a3238303030303b733a333a22717479223b643a313b733a333a22676272223b733a33363a2261646430323634303765313934376238633961343065373335396465323161382e6a7067223b733a353a22726f776964223b733a33323a223166663164653737343030356638646131336634323934333838316336353566223b733a383a22737562746f74616c223b643a3238303030303b7d733a33323a223337363933636663373438303439653435643837623863376438623961616364223b613a373a7b733a323a226964223b733a323a223233223b733a343a226e616d65223b733a393a2241394b315234313036223b733a353a227072696365223b643a39303030303b733a333a22717479223b643a313b733a333a22676272223b733a33363a2261646430323634303765313934376238633961343065373335396465323161382e6a7067223b733a353a22726f776964223b733a33323a223337363933636663373438303439653435643837623863376438623961616364223b733a383a22737562746f74616c223b643a39303030303b7d733a33323a223166306533646164393939303833343566373433396638666661626466666334223b613a373a7b733a323a226964223b733a323a223139223b733a343a226e616d65223b733a31323a22444f4d313133523431534e49223b733a353a227072696365223b643a383030303030303b733a333a22717479223b643a313b733a333a22676272223b733a33363a2261646430323634303765313934376238633961343065373335396465323161382e6a7067223b733a353a22726f776964223b733a33323a223166306533646164393939303833343566373433396638666661626466666334223b733a383a22737562746f74616c223b643a383030303030303b7d7d),
('ue4riemh8ecvfrkv8tk2bn96u2bs0atg', '::1', 1536111190, 0x5f5f63695f6c6173745f726567656e65726174657c693a313533363131313139303b),
('ulo68obugnvor23sp51rl3ul9svj9tid', '::1', 1536111592, 0x5f5f63695f6c6173745f726567656e65726174657c693a313533363131313539323b636172745f636f6e74656e74737c613a343a7b733a31303a22636172745f746f74616c223b643a323938303030303b733a31313a22746f74616c5f6974656d73223b643a343b733a33323a223136373930393163356138383066616636666235653630383765623162326463223b613a373a7b733a323a226964223b733a313a2236223b733a343a226e616d65223b733a383a224c43443052393939223b733a353a227072696365223b643a3930303030303b733a333a22717479223b643a333b733a333a22676272223b733a33363a2261646430323634303765313934376238633961343065373335396465323161382e6a7067223b733a353a22726f776964223b733a33323a223136373930393163356138383066616636666235653630383765623162326463223b733a383a22737562746f74616c223b643a323730303030303b7d733a33323a223166663164653737343030356638646131336634323934333838316336353566223b613a373a7b733a323a226964223b733a323a223234223b733a343a226e616d65223b733a31323a22455a43315230304833313030223b733a353a227072696365223b643a3238303030303b733a333a22717479223b643a313b733a333a22676272223b733a33363a2261646430323634303765313934376238633961343065373335396465323161382e6a7067223b733a353a22726f776964223b733a33323a223166663164653737343030356638646131336634323934333838316336353566223b733a383a22737562746f74616c223b643a3238303030303b7d7d),
('psaagntucc1ais113jntna07ti9rndsl', '::1', 1536132885, 0x5f5f63695f6c6173745f726567656e65726174657c693a313533363133323838353b636172745f636f6e74656e74737c613a333a7b733a31303a22636172745f746f74616c223b643a343030303b733a31313a22746f74616c5f6974656d73223b643a313b733a33323a223666343932326634353536383136316138636466346164323239396636643233223b613a373a7b733a323a226964223b733a323a223138223b733a343a226e616d65223b733a373a2247563252503134223b733a353a227072696365223b643a343030303b733a333a22717479223b643a313b733a333a22676272223b733a31333a22455a433130305f33502e4a5047223b733a353a22726f776964223b733a33323a223666343932326634353536383136316138636466346164323239396636643233223b733a383a22737562746f74616c223b643a343030303b7d7d),
('fbom2s1napoddc2j0ed7mrf9aidcftbn', '::1', 1536133218, 0x5f5f63695f6c6173745f726567656e65726174657c693a313533363133333231383b636172745f636f6e74656e74737c613a333a7b733a31303a22636172745f746f74616c223b643a343030303b733a31313a22746f74616c5f6974656d73223b643a313b733a33323a223666343932326634353536383136316138636466346164323239396636643233223b613a373a7b733a323a226964223b733a323a223138223b733a343a226e616d65223b733a373a2247563252503134223b733a353a227072696365223b643a343030303b733a333a22717479223b643a313b733a333a22676272223b733a31333a22455a433130305f33502e4a5047223b733a353a22726f776964223b733a33323a223666343932326634353536383136316138636466346164323239396636643233223b733a383a22737562746f74616c223b643a343030303b7d7d),
('7d231hkf62d3nladilehgr7gpu19ron0', '::1', 1536133984, 0x5f5f63695f6c6173745f726567656e65726174657c693a313533363133333938343b636172745f636f6e74656e74737c613a333a7b733a31303a22636172745f746f74616c223b643a343030303b733a31313a22746f74616c5f6974656d73223b643a313b733a33323a223666343932326634353536383136316138636466346164323239396636643233223b613a373a7b733a323a226964223b733a323a223138223b733a343a226e616d65223b733a373a2247563252503134223b733a353a227072696365223b643a343030303b733a333a22717479223b643a313b733a333a22676272223b733a31333a22455a433130305f33502e4a5047223b733a353a22726f776964223b733a33323a223666343932326634353536383136316138636466346164323239396636643233223b733a383a22737562746f74616c223b643a343030303b7d7d),
('moviuvguh9od5fd709erguer1j6gv0je', '::1', 1536134338, 0x5f5f63695f6c6173745f726567656e65726174657c693a313533363133343333383b636172745f636f6e74656e74737c613a353a7b733a31303a22636172745f746f74616c223b643a3138333939393b733a31313a22746f74616c5f6974656d73223b643a333b733a33323a223666343932326634353536383136316138636466346164323239396636643233223b613a373a7b733a323a226964223b733a323a223138223b733a343a226e616d65223b733a373a2247563252503134223b733a353a227072696365223b643a343030303b733a333a22717479223b643a313b733a333a22676272223b733a31333a22455a433130305f33502e4a5047223b733a353a22726f776964223b733a33323a223666343932326634353536383136316138636466346164323239396636643233223b733a383a22737562746f74616c223b643a343030303b7d733a33323a223337363933636663373438303439653435643837623863376438623961616364223b613a373a7b733a323a226964223b733a323a223233223b733a343a226e616d65223b733a393a2241394b315234313036223b733a353a227072696365223b643a39303030303b733a333a22717479223b643a313b733a333a22676272223b733a33363a2261646430323634303765313934376238633961343065373335396465323161382e6a7067223b733a353a22726f776964223b733a33323a223337363933636663373438303439653435643837623863376438623961616364223b733a383a22737562746f74616c223b643a39303030303b7d733a33323a226236643736376432663865643564323161343462306535383836363830636239223b613a373a7b733a323a226964223b733a323a223232223b733a343a226e616d65223b733a31303a2244463242524e30323030223b733a353a227072696365223b643a38393939393b733a333a22717479223b643a313b733a333a22676272223b733a33363a2261646430323634303765313934376238633961343065373335396465323161382e6a7067223b733a353a22726f776964223b733a33323a226236643736376432663865643564323161343462306535383836363830636239223b733a383a22737562746f74616c223b643a38393939393b7d7d),
('ct7o30gt5rtj389qdluk3kq7ug3ri8ds', '::1', 1536134674, 0x5f5f63695f6c6173745f726567656e65726174657c693a313533363133343637343b636172745f636f6e74656e74737c613a353a7b733a31303a22636172745f746f74616c223b643a3138333939393b733a31313a22746f74616c5f6974656d73223b643a333b733a33323a223666343932326634353536383136316138636466346164323239396636643233223b613a373a7b733a323a226964223b733a323a223138223b733a343a226e616d65223b733a373a2247563252503134223b733a353a227072696365223b643a343030303b733a333a22717479223b643a313b733a333a22676272223b733a31333a22455a433130305f33502e4a5047223b733a353a22726f776964223b733a33323a223666343932326634353536383136316138636466346164323239396636643233223b733a383a22737562746f74616c223b643a343030303b7d733a33323a223337363933636663373438303439653435643837623863376438623961616364223b613a373a7b733a323a226964223b733a323a223233223b733a343a226e616d65223b733a393a2241394b315234313036223b733a353a227072696365223b643a39303030303b733a333a22717479223b643a313b733a333a22676272223b733a33363a2261646430323634303765313934376238633961343065373335396465323161382e6a7067223b733a353a22726f776964223b733a33323a223337363933636663373438303439653435643837623863376438623961616364223b733a383a22737562746f74616c223b643a39303030303b7d733a33323a226236643736376432663865643564323161343462306535383836363830636239223b613a373a7b733a323a226964223b733a323a223232223b733a343a226e616d65223b733a31303a2244463242524e30323030223b733a353a227072696365223b643a38393939393b733a333a22717479223b643a313b733a333a22676272223b733a33363a2261646430323634303765313934376238633961343065373335396465323161382e6a7067223b733a353a22726f776964223b733a33323a226236643736376432663865643564323161343462306535383836363830636239223b733a383a22737562746f74616c223b643a38393939393b7d7d),
('257qd61orshi7nq63f4iq1lmtikg4vak', '::1', 1536134998, 0x5f5f63695f6c6173745f726567656e65726174657c693a313533363133343939383b636172745f636f6e74656e74737c613a353a7b733a31303a22636172745f746f74616c223b643a3236323030303b733a31313a22746f74616c5f6974656d73223b643a343b733a33323a223666343932326634353536383136316138636466346164323239396636643233223b613a373a7b733a323a226964223b733a323a223138223b733a343a226e616d65223b733a373a2247563252503134223b733a353a227072696365223b643a343030303b733a333a22717479223b643a323b733a333a22676272223b733a31333a22455a433130305f33502e4a5047223b733a353a22726f776964223b733a33323a223666343932326634353536383136316138636466346164323239396636643233223b733a383a22737562746f74616c223b643a383030303b7d733a33323a223938663133373038323130313934633437353638376265363130366133623834223b613a373a7b733a323a226964223b733a323a223230223b733a343a226e616d65223b733a31313a22584750353052302d564143223b733a353a227072696365223b643a343030303b733a333a22717479223b643a313b733a333a22676272223b733a31383a2253637265656e73686f74202839292e706e67223b733a353a22726f776964223b733a33323a223938663133373038323130313934633437353638376265363130366133623834223b733a383a22737562746f74616c223b643a343030303b7d733a33323a223730656664663265633962303836303739373935633434323633366235356662223b613a373a7b733a323a226964223b733a323a223137223b733a343a226e616d65223b733a393a224c4344523039353637223b733a353a227072696365223b643a3235303030303b733a333a22717479223b643a313b733a333a22676272223b733a33363a2265643333393362616463373035306662646364366130343435633537353064352e6a7067223b733a353a22726f776964223b733a33323a223730656664663265633962303836303739373935633434323633366235356662223b733a383a22737562746f74616c223b643a3235303030303b7d7d);
INSERT INTO `ci_sessions` (`id`, `ip_address`, `timestamp`, `data`) VALUES
('p8bfor0h3u8k555q49pq46bclo2np9m0', '::1', 1536135320, 0x5f5f63695f6c6173745f726567656e65726174657c693a313533363133353332303b636172745f636f6e74656e74737c613a363a7b733a31303a22636172745f746f74616c223b643a383236323030303b733a31313a22746f74616c5f6974656d73223b643a353b733a33323a223666343932326634353536383136316138636466346164323239396636643233223b613a373a7b733a323a226964223b733a323a223138223b733a343a226e616d65223b733a373a2247563252503134223b733a353a227072696365223b643a343030303b733a333a22717479223b643a323b733a333a22676272223b733a31333a22455a433130305f33502e4a5047223b733a353a22726f776964223b733a33323a223666343932326634353536383136316138636466346164323239396636643233223b733a383a22737562746f74616c223b643a383030303b7d733a33323a223938663133373038323130313934633437353638376265363130366133623834223b613a373a7b733a323a226964223b733a323a223230223b733a343a226e616d65223b733a31313a22584750353052302d564143223b733a353a227072696365223b643a343030303b733a333a22717479223b643a313b733a333a22676272223b733a31383a2253637265656e73686f74202839292e706e67223b733a353a22726f776964223b733a33323a223938663133373038323130313934633437353638376265363130366133623834223b733a383a22737562746f74616c223b643a343030303b7d733a33323a223730656664663265633962303836303739373935633434323633366235356662223b613a373a7b733a323a226964223b733a323a223137223b733a343a226e616d65223b733a393a224c4344523039353637223b733a353a227072696365223b643a3235303030303b733a333a22717479223b643a313b733a333a22676272223b733a33363a2265643333393362616463373035306662646364366130343435633537353064352e6a7067223b733a353a22726f776964223b733a33323a223730656664663265633962303836303739373935633434323633366235356662223b733a383a22737562746f74616c223b643a3235303030303b7d733a33323a223363353964633034386538383530323433626538303739613563373464303739223b613a373a7b733a323a226964223b733a323a223231223b733a343a226e616d65223b733a393a224c43314446524b4d37223b733a353a227072696365223b643a383030303030303b733a333a22717479223b643a313b733a333a22676272223b733a33363a2261646430323634303765313934376238633961343065373335396465323161382e6a7067223b733a353a22726f776964223b733a33323a223363353964633034386538383530323433626538303739613563373464303739223b733a383a22737562746f74616c223b643a383030303030303b7d7d),
('37q7bfuqfee97ju4dv2tm83p896rp4ae', '::1', 1536135629, 0x5f5f63695f6c6173745f726567656e65726174657c693a313533363133353632393b636172745f636f6e74656e74737c613a363a7b733a31303a22636172745f746f74616c223b643a383236323030303b733a31313a22746f74616c5f6974656d73223b643a353b733a33323a223666343932326634353536383136316138636466346164323239396636643233223b613a373a7b733a323a226964223b733a323a223138223b733a343a226e616d65223b733a373a2247563252503134223b733a353a227072696365223b643a343030303b733a333a22717479223b643a323b733a333a22676272223b733a31333a22455a433130305f33502e4a5047223b733a353a22726f776964223b733a33323a223666343932326634353536383136316138636466346164323239396636643233223b733a383a22737562746f74616c223b643a383030303b7d733a33323a223938663133373038323130313934633437353638376265363130366133623834223b613a373a7b733a323a226964223b733a323a223230223b733a343a226e616d65223b733a31313a22584750353052302d564143223b733a353a227072696365223b643a343030303b733a333a22717479223b643a313b733a333a22676272223b733a31383a2253637265656e73686f74202839292e706e67223b733a353a22726f776964223b733a33323a223938663133373038323130313934633437353638376265363130366133623834223b733a383a22737562746f74616c223b643a343030303b7d733a33323a223730656664663265633962303836303739373935633434323633366235356662223b613a373a7b733a323a226964223b733a323a223137223b733a343a226e616d65223b733a393a224c4344523039353637223b733a353a227072696365223b643a3235303030303b733a333a22717479223b643a313b733a333a22676272223b733a33363a2265643333393362616463373035306662646364366130343435633537353064352e6a7067223b733a353a22726f776964223b733a33323a223730656664663265633962303836303739373935633434323633366235356662223b733a383a22737562746f74616c223b643a3235303030303b7d733a33323a223363353964633034386538383530323433626538303739613563373464303739223b613a373a7b733a323a226964223b733a323a223231223b733a343a226e616d65223b733a393a224c43314446524b4d37223b733a353a227072696365223b643a383030303030303b733a333a22717479223b643a313b733a333a22676272223b733a33363a2261646430323634303765313934376238633961343065373335396465323161382e6a7067223b733a353a22726f776964223b733a33323a223363353964633034386538383530323433626538303739613563373464303739223b733a383a22737562746f74616c223b643a383030303030303b7d7d),
('7i6vihet06t5fmob7iaattckuagf6gfi', '::1', 1536136072, 0x5f5f63695f6c6173745f726567656e65726174657c693a313533363133363037323b636172745f636f6e74656e74737c613a363a7b733a31303a22636172745f746f74616c223b643a31363236323030303b733a31313a22746f74616c5f6974656d73223b643a363b733a33323a223666343932326634353536383136316138636466346164323239396636643233223b613a373a7b733a323a226964223b733a323a223138223b733a343a226e616d65223b733a373a2247563252503134223b733a353a227072696365223b643a343030303b733a333a22717479223b643a323b733a333a22676272223b733a31333a22455a433130305f33502e4a5047223b733a353a22726f776964223b733a33323a223666343932326634353536383136316138636466346164323239396636643233223b733a383a22737562746f74616c223b643a383030303b7d733a33323a223938663133373038323130313934633437353638376265363130366133623834223b613a373a7b733a323a226964223b733a323a223230223b733a343a226e616d65223b733a31313a22584750353052302d564143223b733a353a227072696365223b643a343030303b733a333a22717479223b643a313b733a333a22676272223b733a31383a2253637265656e73686f74202839292e706e67223b733a353a22726f776964223b733a33323a223938663133373038323130313934633437353638376265363130366133623834223b733a383a22737562746f74616c223b643a343030303b7d733a33323a223730656664663265633962303836303739373935633434323633366235356662223b613a373a7b733a323a226964223b733a323a223137223b733a343a226e616d65223b733a393a224c4344523039353637223b733a353a227072696365223b643a3235303030303b733a333a22717479223b643a313b733a333a22676272223b733a33363a2265643333393362616463373035306662646364366130343435633537353064352e6a7067223b733a353a22726f776964223b733a33323a223730656664663265633962303836303739373935633434323633366235356662223b733a383a22737562746f74616c223b643a3235303030303b7d733a33323a223363353964633034386538383530323433626538303739613563373464303739223b613a373a7b733a323a226964223b733a323a223231223b733a343a226e616d65223b733a393a224c43314446524b4d37223b733a353a227072696365223b643a383030303030303b733a333a22717479223b643a323b733a333a22676272223b733a33363a2261646430323634303765313934376238633961343065373335396465323161382e6a7067223b733a353a22726f776964223b733a33323a223363353964633034386538383530323433626538303739613563373464303739223b733a383a22737562746f74616c223b643a31363030303030303b7d7d),
('1587e4rcqseptg9170nr3j5e0tup0k6n', '::1', 1536136500, 0x5f5f63695f6c6173745f726567656e65726174657c693a313533363133363530303b636172745f636f6e74656e74737c613a363a7b733a31303a22636172745f746f74616c223b643a31363236323030303b733a31313a22746f74616c5f6974656d73223b643a363b733a33323a223666343932326634353536383136316138636466346164323239396636643233223b613a373a7b733a323a226964223b733a323a223138223b733a343a226e616d65223b733a373a2247563252503134223b733a353a227072696365223b643a343030303b733a333a22717479223b643a323b733a333a22676272223b733a31333a22455a433130305f33502e4a5047223b733a353a22726f776964223b733a33323a223666343932326634353536383136316138636466346164323239396636643233223b733a383a22737562746f74616c223b643a383030303b7d733a33323a223938663133373038323130313934633437353638376265363130366133623834223b613a373a7b733a323a226964223b733a323a223230223b733a343a226e616d65223b733a31313a22584750353052302d564143223b733a353a227072696365223b643a343030303b733a333a22717479223b643a313b733a333a22676272223b733a31383a2253637265656e73686f74202839292e706e67223b733a353a22726f776964223b733a33323a223938663133373038323130313934633437353638376265363130366133623834223b733a383a22737562746f74616c223b643a343030303b7d733a33323a223730656664663265633962303836303739373935633434323633366235356662223b613a373a7b733a323a226964223b733a323a223137223b733a343a226e616d65223b733a393a224c4344523039353637223b733a353a227072696365223b643a3235303030303b733a333a22717479223b643a313b733a333a22676272223b733a33363a2265643333393362616463373035306662646364366130343435633537353064352e6a7067223b733a353a22726f776964223b733a33323a223730656664663265633962303836303739373935633434323633366235356662223b733a383a22737562746f74616c223b643a3235303030303b7d733a33323a223363353964633034386538383530323433626538303739613563373464303739223b613a373a7b733a323a226964223b733a323a223231223b733a343a226e616d65223b733a393a224c43314446524b4d37223b733a353a227072696365223b643a383030303030303b733a333a22717479223b643a323b733a333a22676272223b733a33363a2261646430323634303765313934376238633961343065373335396465323161382e6a7067223b733a353a22726f776964223b733a33323a223363353964633034386538383530323433626538303739613563373464303739223b733a383a22737562746f74616c223b643a31363030303030303b7d7d),
('nn008peshgs6ipddo2ah5m5rt696snhd', '::1', 1536136878, 0x5f5f63695f6c6173745f726567656e65726174657c693a313533363133363837383b636172745f636f6e74656e74737c613a363a7b733a31303a22636172745f746f74616c223b643a31363236323030303b733a31313a22746f74616c5f6974656d73223b643a363b733a33323a223666343932326634353536383136316138636466346164323239396636643233223b613a373a7b733a323a226964223b733a323a223138223b733a343a226e616d65223b733a373a2247563252503134223b733a353a227072696365223b643a343030303b733a333a22717479223b643a323b733a333a22676272223b733a31333a22455a433130305f33502e4a5047223b733a353a22726f776964223b733a33323a223666343932326634353536383136316138636466346164323239396636643233223b733a383a22737562746f74616c223b643a383030303b7d733a33323a223938663133373038323130313934633437353638376265363130366133623834223b613a373a7b733a323a226964223b733a323a223230223b733a343a226e616d65223b733a31313a22584750353052302d564143223b733a353a227072696365223b643a343030303b733a333a22717479223b643a313b733a333a22676272223b733a31383a2253637265656e73686f74202839292e706e67223b733a353a22726f776964223b733a33323a223938663133373038323130313934633437353638376265363130366133623834223b733a383a22737562746f74616c223b643a343030303b7d733a33323a223730656664663265633962303836303739373935633434323633366235356662223b613a373a7b733a323a226964223b733a323a223137223b733a343a226e616d65223b733a393a224c4344523039353637223b733a353a227072696365223b643a3235303030303b733a333a22717479223b643a313b733a333a22676272223b733a33363a2265643333393362616463373035306662646364366130343435633537353064352e6a7067223b733a353a22726f776964223b733a33323a223730656664663265633962303836303739373935633434323633366235356662223b733a383a22737562746f74616c223b643a3235303030303b7d733a33323a223363353964633034386538383530323433626538303739613563373464303739223b613a373a7b733a323a226964223b733a323a223231223b733a343a226e616d65223b733a393a224c43314446524b4d37223b733a353a227072696365223b643a383030303030303b733a333a22717479223b643a323b733a333a22676272223b733a33363a2261646430323634303765313934376238633961343065373335396465323161382e6a7067223b733a353a22726f776964223b733a33323a223363353964633034386538383530323433626538303739613563373464303739223b733a383a22737562746f74616c223b643a31363030303030303b7d7d),
('qc0iud9oh2cesv9734q3ip94hu53rsqm', '::1', 1536137233, 0x5f5f63695f6c6173745f726567656e65726174657c693a313533363133373233333b636172745f636f6e74656e74737c613a363a7b733a31303a22636172745f746f74616c223b643a31363236323030303b733a31313a22746f74616c5f6974656d73223b643a363b733a33323a223666343932326634353536383136316138636466346164323239396636643233223b613a373a7b733a323a226964223b733a323a223138223b733a343a226e616d65223b733a373a2247563252503134223b733a353a227072696365223b643a343030303b733a333a22717479223b643a323b733a333a22676272223b733a31333a22455a433130305f33502e4a5047223b733a353a22726f776964223b733a33323a223666343932326634353536383136316138636466346164323239396636643233223b733a383a22737562746f74616c223b643a383030303b7d733a33323a223938663133373038323130313934633437353638376265363130366133623834223b613a373a7b733a323a226964223b733a323a223230223b733a343a226e616d65223b733a31313a22584750353052302d564143223b733a353a227072696365223b643a343030303b733a333a22717479223b643a313b733a333a22676272223b733a31383a2253637265656e73686f74202839292e706e67223b733a353a22726f776964223b733a33323a223938663133373038323130313934633437353638376265363130366133623834223b733a383a22737562746f74616c223b643a343030303b7d733a33323a223730656664663265633962303836303739373935633434323633366235356662223b613a373a7b733a323a226964223b733a323a223137223b733a343a226e616d65223b733a393a224c4344523039353637223b733a353a227072696365223b643a3235303030303b733a333a22717479223b643a313b733a333a22676272223b733a33363a2265643333393362616463373035306662646364366130343435633537353064352e6a7067223b733a353a22726f776964223b733a33323a223730656664663265633962303836303739373935633434323633366235356662223b733a383a22737562746f74616c223b643a3235303030303b7d733a33323a223363353964633034386538383530323433626538303739613563373464303739223b613a373a7b733a323a226964223b733a323a223231223b733a343a226e616d65223b733a393a224c43314446524b4d37223b733a353a227072696365223b643a383030303030303b733a333a22717479223b643a323b733a333a22676272223b733a33363a2261646430323634303765313934376238633961343065373335396465323161382e6a7067223b733a353a22726f776964223b733a33323a223363353964633034386538383530323433626538303739613563373464303739223b733a383a22737562746f74616c223b643a31363030303030303b7d7d),
('d781hlltk6u4vekaic6udnbqgp04e840', '::1', 1536137553, 0x5f5f63695f6c6173745f726567656e65726174657c693a313533363133373535333b636172745f636f6e74656e74737c613a363a7b733a31303a22636172745f746f74616c223b643a31363236323030303b733a31313a22746f74616c5f6974656d73223b643a363b733a33323a223666343932326634353536383136316138636466346164323239396636643233223b613a373a7b733a323a226964223b733a323a223138223b733a343a226e616d65223b733a373a2247563252503134223b733a353a227072696365223b643a343030303b733a333a22717479223b643a323b733a333a22676272223b733a31333a22455a433130305f33502e4a5047223b733a353a22726f776964223b733a33323a223666343932326634353536383136316138636466346164323239396636643233223b733a383a22737562746f74616c223b643a383030303b7d733a33323a223938663133373038323130313934633437353638376265363130366133623834223b613a373a7b733a323a226964223b733a323a223230223b733a343a226e616d65223b733a31313a22584750353052302d564143223b733a353a227072696365223b643a343030303b733a333a22717479223b643a313b733a333a22676272223b733a31383a2253637265656e73686f74202839292e706e67223b733a353a22726f776964223b733a33323a223938663133373038323130313934633437353638376265363130366133623834223b733a383a22737562746f74616c223b643a343030303b7d733a33323a223730656664663265633962303836303739373935633434323633366235356662223b613a373a7b733a323a226964223b733a323a223137223b733a343a226e616d65223b733a393a224c4344523039353637223b733a353a227072696365223b643a3235303030303b733a333a22717479223b643a313b733a333a22676272223b733a33363a2265643333393362616463373035306662646364366130343435633537353064352e6a7067223b733a353a22726f776964223b733a33323a223730656664663265633962303836303739373935633434323633366235356662223b733a383a22737562746f74616c223b643a3235303030303b7d733a33323a223363353964633034386538383530323433626538303739613563373464303739223b613a373a7b733a323a226964223b733a323a223231223b733a343a226e616d65223b733a393a224c43314446524b4d37223b733a353a227072696365223b643a383030303030303b733a333a22717479223b643a323b733a333a22676272223b733a33363a2261646430323634303765313934376238633961343065373335396465323161382e6a7067223b733a353a22726f776964223b733a33323a223363353964633034386538383530323433626538303739613563373464303739223b733a383a22737562746f74616c223b643a31363030303030303b7d7d),
('o8i421h9obk1e24mf9iadqk2um341ftf', '::1', 1536137879, 0x5f5f63695f6c6173745f726567656e65726174657c693a313533363133373837393b636172745f636f6e74656e74737c613a363a7b733a31303a22636172745f746f74616c223b643a31363236363030303b733a31313a22746f74616c5f6974656d73223b643a373b733a33323a223666343932326634353536383136316138636466346164323239396636643233223b613a373a7b733a323a226964223b733a323a223138223b733a343a226e616d65223b733a373a2247563252503134223b733a353a227072696365223b643a343030303b733a333a22717479223b643a333b733a333a22676272223b733a31333a22455a433130305f33502e4a5047223b733a353a22726f776964223b733a33323a223666343932326634353536383136316138636466346164323239396636643233223b733a383a22737562746f74616c223b643a31323030303b7d733a33323a223938663133373038323130313934633437353638376265363130366133623834223b613a373a7b733a323a226964223b733a323a223230223b733a343a226e616d65223b733a31313a22584750353052302d564143223b733a353a227072696365223b643a343030303b733a333a22717479223b643a313b733a333a22676272223b733a31383a2253637265656e73686f74202839292e706e67223b733a353a22726f776964223b733a33323a223938663133373038323130313934633437353638376265363130366133623834223b733a383a22737562746f74616c223b643a343030303b7d733a33323a223730656664663265633962303836303739373935633434323633366235356662223b613a373a7b733a323a226964223b733a323a223137223b733a343a226e616d65223b733a393a224c4344523039353637223b733a353a227072696365223b643a3235303030303b733a333a22717479223b643a313b733a333a22676272223b733a33363a2265643333393362616463373035306662646364366130343435633537353064352e6a7067223b733a353a22726f776964223b733a33323a223730656664663265633962303836303739373935633434323633366235356662223b733a383a22737562746f74616c223b643a3235303030303b7d733a33323a223363353964633034386538383530323433626538303739613563373464303739223b613a373a7b733a323a226964223b733a323a223231223b733a343a226e616d65223b733a393a224c43314446524b4d37223b733a353a227072696365223b643a383030303030303b733a333a22717479223b643a323b733a333a22676272223b733a33363a2261646430323634303765313934376238633961343065373335396465323161382e6a7067223b733a353a22726f776964223b733a33323a223363353964633034386538383530323433626538303739613563373464303739223b733a383a22737562746f74616c223b643a31363030303030303b7d7d),
('ir5sc49kmvqiboq2jp9r6avfmoej0kkv', '::1', 1536138197, 0x5f5f63695f6c6173745f726567656e65726174657c693a313533363133383139373b636172745f636f6e74656e74737c613a363a7b733a31303a22636172745f746f74616c223b643a31363236363030303b733a31313a22746f74616c5f6974656d73223b643a373b733a33323a223666343932326634353536383136316138636466346164323239396636643233223b613a373a7b733a323a226964223b733a323a223138223b733a343a226e616d65223b733a373a2247563252503134223b733a353a227072696365223b643a343030303b733a333a22717479223b643a333b733a333a22676272223b733a31333a22455a433130305f33502e4a5047223b733a353a22726f776964223b733a33323a223666343932326634353536383136316138636466346164323239396636643233223b733a383a22737562746f74616c223b643a31323030303b7d733a33323a223938663133373038323130313934633437353638376265363130366133623834223b613a373a7b733a323a226964223b733a323a223230223b733a343a226e616d65223b733a31313a22584750353052302d564143223b733a353a227072696365223b643a343030303b733a333a22717479223b643a313b733a333a22676272223b733a31383a2253637265656e73686f74202839292e706e67223b733a353a22726f776964223b733a33323a223938663133373038323130313934633437353638376265363130366133623834223b733a383a22737562746f74616c223b643a343030303b7d733a33323a223730656664663265633962303836303739373935633434323633366235356662223b613a373a7b733a323a226964223b733a323a223137223b733a343a226e616d65223b733a393a224c4344523039353637223b733a353a227072696365223b643a3235303030303b733a333a22717479223b643a313b733a333a22676272223b733a33363a2265643333393362616463373035306662646364366130343435633537353064352e6a7067223b733a353a22726f776964223b733a33323a223730656664663265633962303836303739373935633434323633366235356662223b733a383a22737562746f74616c223b643a3235303030303b7d733a33323a223363353964633034386538383530323433626538303739613563373464303739223b613a373a7b733a323a226964223b733a323a223231223b733a343a226e616d65223b733a393a224c43314446524b4d37223b733a353a227072696365223b643a383030303030303b733a333a22717479223b643a323b733a333a22676272223b733a33363a2261646430323634303765313934376238633961343065373335396465323161382e6a7067223b733a353a22726f776964223b733a33323a223363353964633034386538383530323433626538303739613563373464303739223b733a383a22737562746f74616c223b643a31363030303030303b7d7d),
('ona49aulj228vtfkobefke2u9k8s4ksc', '::1', 1536138746, 0x5f5f63695f6c6173745f726567656e65726174657c693a313533363133383734363b636172745f636f6e74656e74737c613a363a7b733a31303a22636172745f746f74616c223b643a31363236363030303b733a31313a22746f74616c5f6974656d73223b643a373b733a33323a223666343932326634353536383136316138636466346164323239396636643233223b613a373a7b733a323a226964223b733a323a223138223b733a343a226e616d65223b733a373a2247563252503134223b733a353a227072696365223b643a343030303b733a333a22717479223b643a333b733a333a22676272223b733a31333a22455a433130305f33502e4a5047223b733a353a22726f776964223b733a33323a223666343932326634353536383136316138636466346164323239396636643233223b733a383a22737562746f74616c223b643a31323030303b7d733a33323a223938663133373038323130313934633437353638376265363130366133623834223b613a373a7b733a323a226964223b733a323a223230223b733a343a226e616d65223b733a31313a22584750353052302d564143223b733a353a227072696365223b643a343030303b733a333a22717479223b643a313b733a333a22676272223b733a31383a2253637265656e73686f74202839292e706e67223b733a353a22726f776964223b733a33323a223938663133373038323130313934633437353638376265363130366133623834223b733a383a22737562746f74616c223b643a343030303b7d733a33323a223730656664663265633962303836303739373935633434323633366235356662223b613a373a7b733a323a226964223b733a323a223137223b733a343a226e616d65223b733a393a224c4344523039353637223b733a353a227072696365223b643a3235303030303b733a333a22717479223b643a313b733a333a22676272223b733a33363a2265643333393362616463373035306662646364366130343435633537353064352e6a7067223b733a353a22726f776964223b733a33323a223730656664663265633962303836303739373935633434323633366235356662223b733a383a22737562746f74616c223b643a3235303030303b7d733a33323a223363353964633034386538383530323433626538303739613563373464303739223b613a373a7b733a323a226964223b733a323a223231223b733a343a226e616d65223b733a393a224c43314446524b4d37223b733a353a227072696365223b643a383030303030303b733a333a22717479223b643a323b733a333a22676272223b733a33363a2261646430323634303765313934376238633961343065373335396465323161382e6a7067223b733a353a22726f776964223b733a33323a223363353964633034386538383530323433626538303739613563373464303739223b733a383a22737562746f74616c223b643a31363030303030303b7d7d),
('f26aksc3qjs6ranqfkrftlh4uk00d9m2', '::1', 1536139086, 0x5f5f63695f6c6173745f726567656e65726174657c693a313533363133393038363b636172745f636f6e74656e74737c613a343a7b733a31303a22636172745f746f74616c223b643a383031323030303b733a31313a22746f74616c5f6974656d73223b643a343b733a33323a223666343932326634353536383136316138636466346164323239396636643233223b613a373a7b733a323a226964223b733a323a223138223b733a343a226e616d65223b733a373a2247563252503134223b733a353a227072696365223b643a343030303b733a333a22717479223b643a333b733a333a22676272223b733a31333a22455a433130305f33502e4a5047223b733a353a22726f776964223b733a33323a223666343932326634353536383136316138636466346164323239396636643233223b733a383a22737562746f74616c223b643a31323030303b7d733a33323a223363353964633034386538383530323433626538303739613563373464303739223b613a373a7b733a323a226964223b733a323a223231223b733a343a226e616d65223b733a393a224c43314446524b4d37223b733a353a227072696365223b643a383030303030303b733a333a22717479223b643a313b733a333a22676272223b733a33363a2261646430323634303765313934376238633961343065373335396465323161382e6a7067223b733a353a22726f776964223b733a33323a223363353964633034386538383530323433626538303739613563373464303739223b733a383a22737562746f74616c223b643a383030303030303b7d7d),
('vgqtii8d0ir1mffv6ke77t0vh2l2gftf', '::1', 1536139455, 0x5f5f63695f6c6173745f726567656e65726174657c693a313533363133393435353b636172745f636f6e74656e74737c613a353a7b733a31303a22636172745f746f74616c223b643a3335313939393b733a31313a22746f74616c5f6974656d73223b643a353b733a33323a223666343932326634353536383136316138636466346164323239396636643233223b613a373a7b733a323a226964223b733a323a223138223b733a343a226e616d65223b733a373a2247563252503134223b733a353a227072696365223b643a343030303b733a333a22717479223b643a333b733a333a22676272223b733a31333a22455a433130305f33502e4a5047223b733a353a22726f776964223b733a33323a223666343932326634353536383136316138636466346164323239396636643233223b733a383a22737562746f74616c223b643a31323030303b7d733a33323a226236643736376432663865643564323161343462306535383836363830636239223b613a373a7b733a323a226964223b733a323a223232223b733a343a226e616d65223b733a31303a2244463242524e30323030223b733a353a227072696365223b643a38393939393b733a333a22717479223b643a313b733a333a22676272223b733a33363a2261646430323634303765313934376238633961343065373335396465323161382e6a7067223b733a353a22726f776964223b733a33323a226236643736376432663865643564323161343462306535383836363830636239223b733a383a22737562746f74616c223b643a38393939393b7d733a33323a223730656664663265633962303836303739373935633434323633366235356662223b613a373a7b733a323a226964223b733a323a223137223b733a343a226e616d65223b733a393a224c4344523039353637223b733a353a227072696365223b643a3235303030303b733a333a22717479223b643a313b733a333a22676272223b733a33363a2265643333393362616463373035306662646364366130343435633537353064352e6a7067223b733a353a22726f776964223b733a33323a223730656664663265633962303836303739373935633434323633366235356662223b733a383a22737562746f74616c223b643a3235303030303b7d7d),
('88m30spdu217g4c6nc8pjo97kbenn42t', '::1', 1536140817, 0x5f5f63695f6c6173745f726567656e65726174657c693a313533363134303831373b636172745f636f6e74656e74737c613a353a7b733a31303a22636172745f746f74616c223b643a313132393939393b733a31313a22746f74616c5f6974656d73223b643a31353b733a33323a223666343932326634353536383136316138636466346164323239396636643233223b613a373a7b733a323a226964223b733a323a223138223b733a343a226e616d65223b733a373a2247563252503134223b733a353a227072696365223b643a343030303b733a333a22717479223b643a31303b733a333a22676272223b733a31333a22455a433130305f33502e4a5047223b733a353a22726f776964223b733a33323a223666343932326634353536383136316138636466346164323239396636643233223b733a383a22737562746f74616c223b643a34303030303b7d733a33323a226236643736376432663865643564323161343462306535383836363830636239223b613a373a7b733a323a226964223b733a323a223232223b733a343a226e616d65223b733a31303a2244463242524e30323030223b733a353a227072696365223b643a38393939393b733a333a22717479223b643a313b733a333a22676272223b733a33363a2261646430323634303765313934376238633961343065373335396465323161382e6a7067223b733a353a22726f776964223b733a33323a226236643736376432663865643564323161343462306535383836363830636239223b733a383a22737562746f74616c223b643a38393939393b7d733a33323a223730656664663265633962303836303739373935633434323633366235356662223b613a373a7b733a323a226964223b733a323a223137223b733a343a226e616d65223b733a393a224c4344523039353637223b733a353a227072696365223b643a3235303030303b733a333a22717479223b643a343b733a333a22676272223b733a33363a2265643333393362616463373035306662646364366130343435633537353064352e6a7067223b733a353a22726f776964223b733a33323a223730656664663265633962303836303739373935633434323633366235356662223b733a383a22737562746f74616c223b643a313030303030303b7d7d),
('hddvntkl4802ot488ku2jq6ioa8grkts', '::1', 1536141650, 0x5f5f63695f6c6173745f726567656e65726174657c693a313533363134313635303b636172745f636f6e74656e74737c613a353a7b733a31303a22636172745f746f74616c223b643a313132393939393b733a31313a22746f74616c5f6974656d73223b643a31353b733a33323a223666343932326634353536383136316138636466346164323239396636643233223b613a373a7b733a323a226964223b733a323a223138223b733a343a226e616d65223b733a373a2247563252503134223b733a353a227072696365223b643a343030303b733a333a22717479223b643a31303b733a333a22676272223b733a31333a22455a433130305f33502e4a5047223b733a353a22726f776964223b733a33323a223666343932326634353536383136316138636466346164323239396636643233223b733a383a22737562746f74616c223b643a34303030303b7d733a33323a226236643736376432663865643564323161343462306535383836363830636239223b613a373a7b733a323a226964223b733a323a223232223b733a343a226e616d65223b733a31303a2244463242524e30323030223b733a353a227072696365223b643a38393939393b733a333a22717479223b643a313b733a333a22676272223b733a33363a2261646430323634303765313934376238633961343065373335396465323161382e6a7067223b733a353a22726f776964223b733a33323a226236643736376432663865643564323161343462306535383836363830636239223b733a383a22737562746f74616c223b643a38393939393b7d733a33323a223730656664663265633962303836303739373935633434323633366235356662223b613a373a7b733a323a226964223b733a323a223137223b733a343a226e616d65223b733a393a224c4344523039353637223b733a353a227072696365223b643a3235303030303b733a333a22717479223b643a343b733a333a22676272223b733a33363a2265643333393362616463373035306662646364366130343435633537353064352e6a7067223b733a353a22726f776964223b733a33323a223730656664663265633962303836303739373935633434323633366235356662223b733a383a22737562746f74616c223b643a313030303030303b7d7d),
('s0apjls1dhh7ier5iqoio3tc67j4f441', '::1', 1536142334, 0x5f5f63695f6c6173745f726567656e65726174657c693a313533363134323333333b636172745f636f6e74656e74737c613a353a7b733a31303a22636172745f746f74616c223b643a3630383030303b733a31313a22746f74616c5f6974656d73223b643a31343b733a33323a223666343932326634353536383136316138636466346164323239396636643233223b613a373a7b733a323a226964223b733a323a223138223b733a343a226e616d65223b733a373a2247563252503134223b733a353a227072696365223b643a343030303b733a333a22717479223b643a31303b733a333a22676272223b733a31333a22455a433130305f33502e4a5047223b733a353a22726f776964223b733a33323a223666343932326634353536383136316138636466346164323239396636643233223b733a383a22737562746f74616c223b643a34303030303b7d733a33323a223938663133373038323130313934633437353638376265363130366133623834223b613a373a7b733a323a226964223b733a323a223230223b733a343a226e616d65223b733a31313a22584750353052302d564143223b733a353a227072696365223b643a343030303b733a333a22717479223b643a323b733a333a22676272223b733a31383a2253637265656e73686f74202839292e706e67223b733a353a22726f776964223b733a33323a223938663133373038323130313934633437353638376265363130366133623834223b733a383a22737562746f74616c223b643a383030303b7d733a33323a223166663164653737343030356638646131336634323934333838316336353566223b613a373a7b733a323a226964223b733a323a223234223b733a343a226e616d65223b733a31323a22455a43315230304833313030223b733a353a227072696365223b643a3238303030303b733a333a22717479223b643a323b733a333a22676272223b733a33363a2261646430323634303765313934376238633961343065373335396465323161382e6a7067223b733a353a22726f776964223b733a33323a223166663164653737343030356638646131336634323934333838316336353566223b733a383a22737562746f74616c223b643a3536303030303b7d7d),
('pemsc4ufkru05njlguh4ibevta5ei043', '::1', 1536142671, 0x5f5f63695f6c6173745f726567656e65726174657c693a313533363134323637313b636172745f636f6e74656e74737c613a343a7b733a31303a22636172745f746f74616c223b643a34383030303b733a31313a22746f74616c5f6974656d73223b643a31323b733a33323a223666343932326634353536383136316138636466346164323239396636643233223b613a373a7b733a323a226964223b733a323a223138223b733a343a226e616d65223b733a373a2247563252503134223b733a353a227072696365223b643a343030303b733a333a22717479223b643a31303b733a333a22676272223b733a31333a22455a433130305f33502e4a5047223b733a353a22726f776964223b733a33323a223666343932326634353536383136316138636466346164323239396636643233223b733a383a22737562746f74616c223b643a34303030303b7d733a33323a223938663133373038323130313934633437353638376265363130366133623834223b613a373a7b733a323a226964223b733a323a223230223b733a343a226e616d65223b733a31313a22584750353052302d564143223b733a353a227072696365223b643a343030303b733a333a22717479223b643a323b733a333a22676272223b733a31383a2253637265656e73686f74202839292e706e67223b733a353a22726f776964223b733a33323a223938663133373038323130313934633437353638376265363130366133623834223b733a383a22737562746f74616c223b643a383030303b7d7d),
('3rib4h1ms7329m0t6aea029t0j4qc2th', '::1', 1536143470, 0x5f5f63695f6c6173745f726567656e65726174657c693a313533363134333437303b636172745f636f6e74656e74737c613a343a7b733a31303a22636172745f746f74616c223b643a34383030303b733a31313a22746f74616c5f6974656d73223b643a31323b733a33323a223666343932326634353536383136316138636466346164323239396636643233223b613a373a7b733a323a226964223b733a323a223138223b733a343a226e616d65223b733a373a2247563252503134223b733a353a227072696365223b643a343030303b733a333a22717479223b643a31303b733a333a22676272223b733a31333a22455a433130305f33502e4a5047223b733a353a22726f776964223b733a33323a223666343932326634353536383136316138636466346164323239396636643233223b733a383a22737562746f74616c223b643a34303030303b7d733a33323a223938663133373038323130313934633437353638376265363130366133623834223b613a373a7b733a323a226964223b733a323a223230223b733a343a226e616d65223b733a31313a22584750353052302d564143223b733a353a227072696365223b643a343030303b733a333a22717479223b643a323b733a333a22676272223b733a31383a2253637265656e73686f74202839292e706e67223b733a353a22726f776964223b733a33323a223938663133373038323130313934633437353638376265363130366133623834223b733a383a22737562746f74616c223b643a383030303b7d7d),
('ue7dn7q65h7i619p9k4dj3m8vj6tb20h', '::1', 1536144196, 0x5f5f63695f6c6173745f726567656e65726174657c693a313533363134343139363b636172745f636f6e74656e74737c613a343a7b733a31303a22636172745f746f74616c223b643a34383030303b733a31313a22746f74616c5f6974656d73223b643a31323b733a33323a223666343932326634353536383136316138636466346164323239396636643233223b613a373a7b733a323a226964223b733a323a223138223b733a343a226e616d65223b733a373a2247563252503134223b733a353a227072696365223b643a343030303b733a333a22717479223b643a31303b733a333a22676272223b733a31333a22455a433130305f33502e4a5047223b733a353a22726f776964223b733a33323a223666343932326634353536383136316138636466346164323239396636643233223b733a383a22737562746f74616c223b643a34303030303b7d733a33323a223938663133373038323130313934633437353638376265363130366133623834223b613a373a7b733a323a226964223b733a323a223230223b733a343a226e616d65223b733a31313a22584750353052302d564143223b733a353a227072696365223b643a343030303b733a333a22717479223b643a323b733a333a22676272223b733a31383a2253637265656e73686f74202839292e706e67223b733a353a22726f776964223b733a33323a223938663133373038323130313934633437353638376265363130366133623834223b733a383a22737562746f74616c223b643a383030303b7d7d),
('mkkam1cpk0k0g7rp9bsb3pd3pk8voktm', '::1', 1536144532, 0x5f5f63695f6c6173745f726567656e65726174657c693a313533363134343533323b636172745f636f6e74656e74737c613a343a7b733a31303a22636172745f746f74616c223b643a34383030303b733a31313a22746f74616c5f6974656d73223b643a31323b733a33323a223666343932326634353536383136316138636466346164323239396636643233223b613a373a7b733a323a226964223b733a323a223138223b733a343a226e616d65223b733a373a2247563252503134223b733a353a227072696365223b643a343030303b733a333a22717479223b643a31303b733a333a22676272223b733a31333a22455a433130305f33502e4a5047223b733a353a22726f776964223b733a33323a223666343932326634353536383136316138636466346164323239396636643233223b733a383a22737562746f74616c223b643a34303030303b7d733a33323a223938663133373038323130313934633437353638376265363130366133623834223b613a373a7b733a323a226964223b733a323a223230223b733a343a226e616d65223b733a31313a22584750353052302d564143223b733a353a227072696365223b643a343030303b733a333a22717479223b643a323b733a333a22676272223b733a31383a2253637265656e73686f74202839292e706e67223b733a353a22726f776964223b733a33323a223938663133373038323130313934633437353638376265363130366133623834223b733a383a22737562746f74616c223b643a383030303b7d7d),
('42tpkiqtrf0o6g2eq7ck8o3d6miaufu5', '::1', 1536144630, 0x5f5f63695f6c6173745f726567656e65726174657c693a313533363134343533323b636172745f636f6e74656e74737c613a343a7b733a31303a22636172745f746f74616c223b643a34383030303b733a31313a22746f74616c5f6974656d73223b643a31323b733a33323a223666343932326634353536383136316138636466346164323239396636643233223b613a373a7b733a323a226964223b733a323a223138223b733a343a226e616d65223b733a373a2247563252503134223b733a353a227072696365223b643a343030303b733a333a22717479223b643a31303b733a333a22676272223b733a31333a22455a433130305f33502e4a5047223b733a353a22726f776964223b733a33323a223666343932326634353536383136316138636466346164323239396636643233223b733a383a22737562746f74616c223b643a34303030303b7d733a33323a223938663133373038323130313934633437353638376265363130366133623834223b613a373a7b733a323a226964223b733a323a223230223b733a343a226e616d65223b733a31313a22584750353052302d564143223b733a353a227072696365223b643a343030303b733a333a22717479223b643a323b733a333a22676272223b733a31383a2253637265656e73686f74202839292e706e67223b733a353a22726f776964223b733a33323a223938663133373038323130313934633437353638376265363130366133623834223b733a383a22737562746f74616c223b643a383030303b7d7d);

-- --------------------------------------------------------

--
-- Struktur dari tabel `t_admin`
--

CREATE TABLE `t_admin` (
  `id_admin` int(11) NOT NULL,
  `nama` varchar(100) NOT NULL,
  `email` varchar(60) NOT NULL,
  `password` varchar(255) NOT NULL,
  `status` varchar(50) NOT NULL,
  `type` varchar(100) NOT NULL,
  `photo` varchar(255) NOT NULL
) ENGINE=InnoDB DEFAULT CHARSET=latin1;

--
-- Dumping data untuk tabel `t_admin`
--

INSERT INTO `t_admin` (`id_admin`, `nama`, `email`, `password`, `status`, `type`, `photo`) VALUES
(61, 'Ardhi Ramadhan', 'rama@gmail.com', '21232f297a57a5a743894a0e4a801fc3', '1', '10', '95ae805be0a9808c5a78805e47737232.jpg'),
(62, 'Agustinu Pristya Putra', 'putra@gmail.com', '21232f297a57a5a743894a0e4a801fc3', '1', '10', 'a2bc1348d5cc09953c3ba4cbf3139cb7.jpg'),
(63, 'Brian Adi Kusumo', 'brian@gmail.com', '21232f297a57a5a743894a0e4a801fc3', '1', '10', '332119f1ccf23a98ad9616d5d0bbcdac.jpg'),
(73, 'Faiz', 'faiz@gmail.com', '21232f297a57a5a743894a0e4a801fc3', '1', '9', 'c2a99c92f0688edb21ee0ec473211c43.jpg');

-- --------------------------------------------------------

--
-- Struktur dari tabel `t_brand`
--

CREATE TABLE `t_brand` (
  `id` int(11) NOT NULL,
  `nama_brand` varchar(200) NOT NULL,
  `logo` varchar(255) NOT NULL,
  `website` varchar(255) NOT NULL
) ENGINE=InnoDB DEFAULT CHARSET=latin1;

--
-- Dumping data untuk tabel `t_brand`
--

INSERT INTO `t_brand` (`id`, `nama_brand`, `logo`, `website`) VALUES
(1, 'Philips', 'schneider.png', 'Philips.com'),
(2, 'Schenider', 'Philips-Lighting.jpg', 'Scneider.co.id'),
(3, 'Brothers', 'Brother logo.png', 'brother.com');

-- --------------------------------------------------------

--
-- Struktur dari tabel `t_coupon`
--

CREATE TABLE `t_coupon` (
  `kode_kupon` varchar(100) NOT NULL,
  `deskripsi` varchar(1000) NOT NULL,
  `diskon` varchar(1000) NOT NULL
) ENGINE=InnoDB DEFAULT CHARSET=latin1;

--
-- Dumping data untuk tabel `t_coupon`
--

INSERT INTO `t_coupon` (`kode_kupon`, `deskripsi`, `diskon`) VALUES
('faiz12', 'diskon 50% all product', '50%');

-- --------------------------------------------------------

--
-- Struktur dari tabel `t_kategori`
--

CREATE TABLE `t_kategori` (
  `id` int(11) NOT NULL,
  `nama_kategori` varchar(50) NOT NULL,
  `id_parent` int(11) NOT NULL,
  `posisi` int(11) NOT NULL,
  `status` int(11) NOT NULL COMMENT '1=aktif,0=nonaktif'
) ENGINE=InnoDB DEFAULT CHARSET=latin1;

--
-- Dumping data untuk tabel `t_kategori`
--

INSERT INTO `t_kategori` (`id`, `nama_kategori`, `id_parent`, `posisi`, `status`) VALUES
(1, 'Handphone', 2, 3, 0),
(2, 'Laptop', 1, 0, 0),
(3, 'Mesin', 1, 1, 1),
(6, 'Mesin Uang', 3, 2, 1);

-- --------------------------------------------------------

--
-- Struktur dari tabel `t_produk`
--

CREATE TABLE `t_produk` (
  `id` int(11) NOT NULL,
  `gambar_produk` varchar(255) NOT NULL,
  `nama_produk` varchar(1000) NOT NULL,
  `short_deskripsi` text NOT NULL,
  `id_kategori` varchar(1000) NOT NULL,
  `id_brand` int(11) NOT NULL,
  `harga` int(11) NOT NULL,
  `detail` varchar(1000) NOT NULL,
  `jumlah` int(11) NOT NULL,
  `featured` int(11) NOT NULL,
  `tags` varchar(255) NOT NULL
) ENGINE=InnoDB DEFAULT CHARSET=latin1;

--
-- Dumping data untuk tabel `t_produk`
--

INSERT INTO `t_produk` (`id`, `gambar_produk`, `nama_produk`, `short_deskripsi`, `id_kategori`, `id_brand`, `harga`, `detail`, `jumlah`, `featured`, `tags`) VALUES
(1, 'Domae-MCB-1P.jpg', 'LCD09M7R', 'Magnetic contactor - Schneider Electric (TeSys D) - DOL (Direct On Line) - 3 poles (3P) - Rated power (380-400Vac; AC-3) 7.5kW - Rated current (440vac; AC-3) 18A - Control coil voltage (50/60Hz) 220Vac - 1NO+1NC auxiliary contacts - Screw-clamp terminalsPhilips Luxeon K2 OBL LED, with superior packaging and low thermal resistance -100-240 V AC - 5W - Red light - 50,000 hours (70% lumen maintenance)', '1', 0, 3000000, 'hp android asus', 20, 1, 'MESIN,ENGINE,MACHINE'),
(6, 'add026407e1947b8c9a40e7359de21a8.jpg', 'LCD0R999', 'Magnetic contactor - Schneider Electric (TeSys D) - DOL (Direct On Line) - 3 poles (3P) - Rated power (380-415Vac; AC-3) 4kW - Rated current (440vac; AC-3) 9A - Control coil voltage (50/60Hz) 220Vac - 1NO+1NC auxiliary contacts - Screw-clamp terminals', '1', 0, 900000, '', 12, 1, 'SPATEPART,MATERIAL,SOFTWARE'),
(17, 'ed3393badc7050fbdcd6a0445c5750d5.jpg', 'LCDR09567', 'Miniature Circuit Breaker (MCB) - Schneider Electric (Domae) - Rated current 63A - 1 pole (1P) - C-curve - Short circuit breaking capacity (Icn) 4.5kA / 4500A - 1 module - DIN rail mounting', '2', 0, 250000, '', 20, 0, 'SECURITY,HOME,LIVING,SOFTWARE'),
(18, 'EZC100_3P.JPG', 'GV2RP14', 'Philips Luxeon K2 OBL LED, with superior packaging and low thermal resistance -100-240 V AC - 5W - Red light - 50,000 hours (70% lumen maintenance)', '1', 2, 4000, 'cicak goreng', 12, 1, 'hewan'),
(19, 'PB115163_web.JPG', 'DOM113R41SNI', 'Moulded Case Circuit Breaker (MCCB) - Schneider Electric (EasyPact EZC) - EZC100H 3P 100A - 3 poles (3P3d) - Rated current 100A - Short circuit breaking capacity (Icu) (400-415Vac) 30kA - Thermal-Magnetic (fixed) trip unit (TMD) - Lug terminals', '1', 1, 8000000, 'hewan', 12, 1, 'hewani'),
(20, 'Screenshot (9).png', 'XGP50R0-VAC', 'Auxiliary contact block - Schneider Electric (TeSys D) - 2NO+2NC auxiliary contacts - Screw-clamp terminals - for LC1D', '2', 2, 4000, 'cicak goreng', 12, 1, 'hewan'),
(21, 'add026407e1947b8c9a40e7359de21a8.jpg', 'LC1DFRKM7', 'Thermal-Magnetic Motor Protection Circuit Breaker (MPCB) / Manual Motor Starter - Schneider Electric (TeSys GV2P) - 3 poles (3P3d) - Rated current 6A - 10A - Short circuit breaking capacity (Icu) (400-415Vac) 100kA - Rotary knob operation - Screw-clamp terminals', '1', 1, 8000000, 'hewan', 12, 1, 'hewani'),
(22, 'add026407e1947b8c9a40e7359de21a8.jpg', 'DF2BRN0200', 'Moulded Case Circuit Breaker (MCCB) - Schneider Electric (EasyPact EZC) - EZC100H 3P 100A - 3 poles (3P3d) - Rated current 100A - Short circuit breaking capacity (Icu) (400-415Vac) 30kA - Thermal-Magnetic (fixed) trip unit (TMD) - Lug terminals', '1', 2, 89999, 'qurban', 99, 1, 'hewan,qurban'),
(23, 'add026407e1947b8c9a40e7359de21a8.jpg', 'A9K1R4106', 'Auxiliary contact block - Schneider Electric (TeSys D) - 2NO+2NC auxiliary contacts - Screw-clamp terminals - for LC1D', '2', 2, 90000, 'sapi ', 2, 1, 'test,sapi'),
(24, 'add026407e1947b8c9a40e7359de21a8.jpg', 'EZC1R00H3100', 'Philips Luxeon K2 OBL LED, with superior packaging and low thermal resistance -100-240 V AC - 5W - Red light - 50,000 hours (70% lumen maintenance)', '1', 2, 280000, 'beruang coklat', 2, 2, 'kutub'),
(25, 'add026407e1947b8c9a40e7359de21a8.jpg', 'LADNR22', 'Thermal-Magnetic Motor Protection Circuit Breaker (MPCB) / Manual Motor Starter - Schneider Electric (TeSys GV2P) - 3 poles (3P3d) - Rated current 6A - 10A - Short circuit breaking capacity (Icu) (400-415Vac) 100kA - Rotary knob operation - Screw-clamp terminals', '1', 2, 80000, 'hero mobilejen', 2, 1, 'ggwp');

-- --------------------------------------------------------

--
-- Struktur dari tabel `t_type_admin`
--

CREATE TABLE `t_type_admin` (
  `id` int(11) NOT NULL,
  `type` varchar(150) NOT NULL
) ENGINE=InnoDB DEFAULT CHARSET=latin1;

--
-- Dumping data untuk tabel `t_type_admin`
--

INSERT INTO `t_type_admin` (`id`, `type`) VALUES
(9, 'Admin'),
(10, 'Superuser');

-- --------------------------------------------------------

--
-- Struktur dari tabel `t_video`
--

CREATE TABLE `t_video` (
  `id` int(11) NOT NULL,
  `judul` varchar(150) NOT NULL,
  `link` varchar(255) NOT NULL
) ENGINE=InnoDB DEFAULT CHARSET=latin1;

--
-- Dumping data untuk tabel `t_video`
--

INSERT INTO `t_video` (`id`, `judul`, `link`) VALUES
(1, 'President 2019', '<iframe class=\"embed-responsive-item\" width=\"500\" height=\"315\" src=\"https://www.youtube.com/embed/AybX-OtH4t4\" frameborder=\"0\" allow=\"autoplay; encrypted-media\" allowfullscreen></iframe>'),
(2, 'Young Blood', '<iframe class=\"embed-responsive-item\" width=\"500\" height=\"315\" src=\"https://www.youtube.com/embed/-RJSbO8UZVY\" frameborder=\"0\" allow=\"autoplay; encrypted-media\" allowfullscreen></iframe>');

-- --------------------------------------------------------

--
-- Struktur dari tabel `user`
--

CREATE TABLE `user` (
  `id` int(11) NOT NULL,
  `nama` varchar(50) NOT NULL,
  `alamat` text NOT NULL,
  `pekerjaan` varchar(50) NOT NULL
) ENGINE=InnoDB DEFAULT CHARSET=latin1;

--
-- Dumping data untuk tabel `user`
--

INSERT INTO `user` (`id`, `nama`, `alamat`, `pekerjaan`) VALUES
(1, 'Andi', 'Surabaya', 'web programmer'),
(2, 'Santoso', 'Jakarta', 'Web Designer'),
(6, 'Samsul', 'Sumedang', 'Pegawai'),
(7, 'Bob', 'jakarta', 'penyanyi'),
(8, 'marley', 'afrika', 'penyanyi'),
(9, 'Bob', 'jakarta', 'penyanyi'),
(10, 'Bob', 'jakarta', 'penyanyi'),
(11, 'Bob', 'jakarta', 'penyanyi'),
(12, 'Bob', 'jakarta', 'penyanyi'),
(13, 'Bob', 'jakarta', 'penyanyi'),
(14, 'Bob', 'jakarta', 'penyanyi'),
(15, 'Bob', 'jakarta', 'penyanyi'),
(16, 'Bob', 'jakarta', 'penyanyi'),
(17, 'Bob', 'jakarta', 'penyanyi'),
(18, 'marley', 'afrika', 'penyanyi'),
(19, 'Bob', 'jakarta', 'penyanyi'),
(20, 'Bob', 'jakarta', 'penyanyi'),
(21, 'Bob', 'jakarta', 'penyanyi'),
(22, 'Bob', 'jakarta', 'penyanyi'),
(23, 'Bob', 'jakarta', 'penyanyi'),
(24, 'Bob', 'jakarta', 'penyanyi'),
(25, 'Bob', 'jakarta', 'penyanyi'),
(26, 'Bob', 'jakarta', 'penyanyi'),
(27, 'Bob', 'jakarta', 'penyanyi'),
(28, 'Bob', 'jakarta', 'penyanyi'),
(29, 'Bob', 'jakarta', 'penyanyi'),
(30, 'Bob', 'jakarta', 'penyanyi'),
(31, 'Bob', 'jakarta', 'penyanyi'),
(32, 'marley', 'afrika', 'penyanyi'),
(33, 'Bob', 'jakarta', 'penyanyi'),
(34, 'Bob', 'jakarta', 'penyanyi'),
(35, 'Bob', 'jakarta', 'penyanyi'),
(36, 'Bob', 'jakarta', 'penyanyi'),
(37, 'Bob', 'jakarta', 'penyanyi'),
(38, 'Bob', 'jakarta', 'penyanyi'),
(39, 'Bob', 'jakarta', 'penyanyi'),
(40, 'Bob', 'jakarta', 'penyanyi'),
(41, 'Bob', 'jakarta', 'penyanyi'),
(42, 'Bob', 'jakarta', 'penyanyi'),
(43, 'Bob', 'jakarta', 'penyanyi'),
(44, 'Bob', 'jakarta', 'penyanyi'),
(45, 'Bob', 'jakarta', 'penyanyi'),
(46, 'Bob', 'jakarta', 'penyanyi'),
(47, 'marley', 'afrika', 'penyanyi'),
(48, 'Bob', 'jakarta', 'penyanyi'),
(49, 'Bob', 'jakarta', 'penyanyi'),
(50, 'Bob', 'jakarta', 'penyanyi'),
(51, 'Bob', 'jakarta', 'penyanyi'),
(52, 'Bob', 'jakarta', 'penyanyi'),
(53, 'Bob', 'jakarta', 'penyanyi'),
(54, 'Bob', 'jakarta', 'penyanyi'),
(55, 'Bob', 'jakarta', 'penyanyi'),
(56, 'Bob', 'jakarta', 'penyanyi'),
(57, 'Bob', 'jakarta', 'penyanyi'),
(58, 'Bob', 'jakarta', 'penyanyi');

--
-- Indexes for dumped tables
--

--
-- Indexes for table `t_admin`
--
ALTER TABLE `t_admin`
  ADD PRIMARY KEY (`id_admin`),
  ADD UNIQUE KEY `email` (`email`);

--
-- Indexes for table `t_brand`
--
ALTER TABLE `t_brand`
  ADD PRIMARY KEY (`id`);

--
-- Indexes for table `t_coupon`
--
ALTER TABLE `t_coupon`
  ADD PRIMARY KEY (`kode_kupon`);

--
-- Indexes for table `t_kategori`
--
ALTER TABLE `t_kategori`
  ADD PRIMARY KEY (`id`);

--
-- Indexes for table `t_produk`
--
ALTER TABLE `t_produk`
  ADD PRIMARY KEY (`id`);

--
-- Indexes for table `t_type_admin`
--
ALTER TABLE `t_type_admin`
  ADD PRIMARY KEY (`id`);

--
-- Indexes for table `t_video`
--
ALTER TABLE `t_video`
  ADD PRIMARY KEY (`id`);

--
-- Indexes for table `user`
--
ALTER TABLE `user`
  ADD PRIMARY KEY (`id`);

--
-- AUTO_INCREMENT for dumped tables
--

--
-- AUTO_INCREMENT for table `t_admin`
--
ALTER TABLE `t_admin`
  MODIFY `id_admin` int(11) NOT NULL AUTO_INCREMENT, AUTO_INCREMENT=74;

--
-- AUTO_INCREMENT for table `t_brand`
--
ALTER TABLE `t_brand`
  MODIFY `id` int(11) NOT NULL AUTO_INCREMENT, AUTO_INCREMENT=10;

--
-- AUTO_INCREMENT for table `t_kategori`
--
ALTER TABLE `t_kategori`
  MODIFY `id` int(11) NOT NULL AUTO_INCREMENT, AUTO_INCREMENT=7;

--
-- AUTO_INCREMENT for table `t_produk`
--
ALTER TABLE `t_produk`
  MODIFY `id` int(11) NOT NULL AUTO_INCREMENT, AUTO_INCREMENT=26;

--
-- AUTO_INCREMENT for table `t_type_admin`
--
ALTER TABLE `t_type_admin`
  MODIFY `id` int(11) NOT NULL AUTO_INCREMENT, AUTO_INCREMENT=11;

--
-- AUTO_INCREMENT for table `t_video`
--
ALTER TABLE `t_video`
  MODIFY `id` int(11) NOT NULL AUTO_INCREMENT, AUTO_INCREMENT=3;

--
-- AUTO_INCREMENT for table `user`
--
ALTER TABLE `user`
  MODIFY `id` int(11) NOT NULL AUTO_INCREMENT, AUTO_INCREMENT=59;
COMMIT;

/*!40101 SET CHARACTER_SET_CLIENT=@OLD_CHARACTER_SET_CLIENT */;
/*!40101 SET CHARACTER_SET_RESULTS=@OLD_CHARACTER_SET_RESULTS */;
/*!40101 SET COLLATION_CONNECTION=@OLD_COLLATION_CONNECTION */;
