-- phpMyAdmin SQL Dump
-- version 4.5.1
-- http://www.phpmyadmin.net
--
-- Host: 127.0.0.1
-- Generation Time: 13 Sep 2018 pada 14.03
-- Versi Server: 10.1.10-MariaDB
-- PHP Version: 7.0.3

SET SQL_MODE = "NO_AUTO_VALUE_ON_ZERO";
SET time_zone = "+00:00";


/*!40101 SET @OLD_CHARACTER_SET_CLIENT=@@CHARACTER_SET_CLIENT */;
/*!40101 SET @OLD_CHARACTER_SET_RESULTS=@@CHARACTER_SET_RESULTS */;
/*!40101 SET @OLD_COLLATION_CONNECTION=@@COLLATION_CONNECTION */;
/*!40101 SET NAMES utf8mb4 */;

--
-- Database: `theklakklik`
--

-- --------------------------------------------------------

--
-- Struktur dari tabel `ci_sessions`
--

CREATE TABLE `ci_sessions` (
  `id` varchar(40) NOT NULL,
  `ip_address` varchar(45) NOT NULL,
  `timestamp` int(10) UNSIGNED NOT NULL DEFAULT '0',
  `data` blob NOT NULL
) ENGINE=InnoDB DEFAULT CHARSET=latin1;

--
-- Dumping data untuk tabel `ci_sessions`
--

INSERT INTO `ci_sessions` (`id`, `ip_address`, `timestamp`, `data`) VALUES
('1de0ddlluq7pcqo5b8v0nslk1tbh937m', '::1', 1536835626, 0x5f5f63695f6c6173745f726567656e65726174657c693a313533363833353632363b637573746f6d65725f69647c733a313a2237223b637573746f6d65725f6e616d615f757365727c733a31353a2241726468692052616d616468616e73223b637573746f6d65725f656d61696c5f757365727c733a31343a2272616d6140676d61696c2e636f6d223b637573746f6d65725f6c6f67696e5f73657373696f6e7c733a383a227575326365703169223b637573746f6d65725f746573745f73657373696f6e7c733a31353a224164612053657373696f6e204b6f6b223b637573746f6d65725f6c6576656c7c733a313a2234223b637573746f6d65725f70686f746f7c733a33363a2234393731343136336230313737393939636366373032656464346231333465382e6a7067223b637573746f6d65725f7065727573616861616e7c733a32313a2250542e2047726f6f746820546563686e6f6c6f6779223b637573746f6d65725f616c616d61747c733a34343a22506572756d6168616e204d75746961726120476164696e672054696d757220426c6f6b204b2032206e6f2037223b6b6563616d6174616e5f6b656c75726168616e7c733a31323a224d757374696b61204a617961223b637573746f6d65725f6b6f64655f706f737c733a353a223137313535223b637573746f6d65725f6e6f5f74656c707c733a31333a2230383231313332323238383334223b69647c4e3b6e616d615f757365727c733a31343a2241726468692052616d616468616e223b656d61696c5f757365727c733a31343a2272616d6140676d61696c2e636f6d223b6c6f67696e5f73657373696f6e7c733a373a22616c6c6f776564223b746573745f73657373696f6e7c733a31353a224164612053657373696f6e204b6f6b223b6c6576656c7c733a323a223130223b70686f746f7c733a33363a2239356165383035626530613938303863356137383830356534373733373233322e6a7067223b),
('1hjlg236ogit1u3rm6btjf0bocdh45ga', '::1', 1536837096, 0x5f5f63695f6c6173745f726567656e65726174657c693a313533363833373039363b637573746f6d65725f69647c733a313a2237223b637573746f6d65725f6e616d615f757365727c733a31353a2241726468692052616d616468616e73223b637573746f6d65725f656d61696c5f757365727c733a31343a2272616d6140676d61696c2e636f6d223b637573746f6d65725f6c6f67696e5f73657373696f6e7c733a383a227575326365703169223b637573746f6d65725f746573745f73657373696f6e7c733a31353a224164612053657373696f6e204b6f6b223b637573746f6d65725f6c6576656c7c733a313a2234223b637573746f6d65725f70686f746f7c733a33363a2234393731343136336230313737393939636366373032656464346231333465382e6a7067223b637573746f6d65725f7065727573616861616e7c733a32313a2250542e2047726f6f746820546563686e6f6c6f6779223b637573746f6d65725f616c616d61747c733a34343a22506572756d6168616e204d75746961726120476164696e672054696d757220426c6f6b204b2032206e6f2037223b6b6563616d6174616e5f6b656c75726168616e7c733a31323a224d757374696b61204a617961223b637573746f6d65725f6b6f64655f706f737c733a353a223137313535223b637573746f6d65725f6e6f5f74656c707c733a31333a2230383231313332323238383334223b69647c4e3b6e616d615f757365727c733a31343a2241726468692052616d616468616e223b656d61696c5f757365727c733a31343a2272616d6140676d61696c2e636f6d223b6c6f67696e5f73657373696f6e7c733a373a22616c6c6f776564223b746573745f73657373696f6e7c733a31353a224164612053657373696f6e204b6f6b223b6c6576656c7c733a323a223130223b70686f746f7c733a33363a2239356165383035626530613938303863356137383830356534373733373233322e6a7067223b),
('23662nb7jvv57tbmics43c9usp02c2nm', '::1', 1536838764, 0x5f5f63695f6c6173745f726567656e65726174657c693a313533363833383736343b69647c4e3b6e616d615f757365727c733a31343a2241726468692052616d616468616e223b656d61696c5f757365727c733a31343a2272616d6140676d61696c2e636f6d223b6c6f67696e5f73657373696f6e7c733a373a22616c6c6f776564223b746573745f73657373696f6e7c733a31353a224164612053657373696f6e204b6f6b223b6c6576656c7c733a323a223130223b70686f746f7c733a33363a2239356165383035626530613938303863356137383830356534373733373233322e6a7067223b636172745f636f6e74656e74737c613a343a7b733a31303a22636172745f746f74616c223b643a3534303030303b733a31313a22746f74616c5f6974656d73223b643a353b733a33323a223139636131346537656136333238613432653065623133643538356534633232223b613a393a7b733a323a226964223b733a323a223336223b733a343a226e616d65223b733a363a22424a55393930223b733a353a227072696365223b643a3534303030303b733a31323a2270726963655f6265666f7265223b733a363a22393030303030223b733a333a22717479223b643a313b733a333a22676272223b733a33363a2235393036666462303661363138326236363632653565616633616431313533652e6a7067223b733a383a2269645f6272616e64223b733a313a2232223b733a353a22726f776964223b733a33323a223139636131346537656136333238613432653065623133643538356534633232223b733a383a22737562746f74616c223b643a3534303030303b7d733a33323a223163333833636433306237633239386162353032393361646665636237623138223b613a393a7b733a323a226964223b733a323a223335223b733a343a226e616d65223b733a31313a22455a433130304833313030223b733a353a227072696365223b643a303b733a31323a2270726963655f6265666f7265223b4e3b733a333a22717479223b643a343b733a333a22676272223b733a33363a2230393539353339363962373836346635633431643161633465356133633430302e4a5047223b733a383a2269645f6272616e64223b4e3b733a353a22726f776964223b733a33323a223163333833636433306237633239386162353032393361646665636237623138223b733a383a22737562746f74616c223b643a303b7d7d637573746f6d65725f69647c733a313a2237223b637573746f6d65725f6e616d615f757365727c733a31353a2241726468692052616d616468616e73223b637573746f6d65725f656d61696c5f757365727c733a31343a2272616d6140676d61696c2e636f6d223b637573746f6d65725f6c6f67696e5f73657373696f6e7c733a383a227575326365703169223b637573746f6d65725f746573745f73657373696f6e7c733a31353a224164612053657373696f6e204b6f6b223b637573746f6d65725f6c6576656c7c733a313a2234223b637573746f6d65725f70686f746f7c733a33363a2234393731343136336230313737393939636366373032656464346231333465382e6a7067223b637573746f6d65725f7065727573616861616e7c733a32313a2250542e2047726f6f746820546563686e6f6c6f6779223b637573746f6d65725f616c616d61747c733a34343a22506572756d6168616e204d75746961726120476164696e672054696d757220426c6f6b204b2032206e6f2037223b6b6563616d6174616e5f6b656c75726168616e7c733a31323a224d757374696b61204a617961223b637573746f6d65725f6b6f64655f706f737c733a353a223137313535223b637573746f6d65725f6e6f5f74656c707c733a31333a2230383231313332323238383334223b),
('3hq9b6unevm7n8kc6lsfpc7gmc9ti40v', '::1', 1536827812, 0x5f5f63695f6c6173745f726567656e65726174657c693a313533363832373831323b637573746f6d65725f69647c733a313a2237223b637573746f6d65725f6e616d615f757365727c733a31353a2241726468692052616d616468616e73223b637573746f6d65725f656d61696c5f757365727c733a31343a2272616d6140676d61696c2e636f6d223b637573746f6d65725f6c6f67696e5f73657373696f6e7c733a383a227575326365703169223b637573746f6d65725f746573745f73657373696f6e7c733a31353a224164612053657373696f6e204b6f6b223b637573746f6d65725f6c6576656c7c733a313a2234223b637573746f6d65725f70686f746f7c733a33363a2234393731343136336230313737393939636366373032656464346231333465382e6a7067223b637573746f6d65725f7065727573616861616e7c733a32313a2250542e2047726f6f746820546563686e6f6c6f6779223b637573746f6d65725f616c616d61747c733a34343a22506572756d6168616e204d75746961726120476164696e672054696d757220426c6f6b204b2032206e6f2037223b6b6563616d6174616e5f6b656c75726168616e7c733a31323a224d757374696b61204a617961223b637573746f6d65725f6b6f64655f706f737c733a353a223137313535223b637573746f6d65725f6e6f5f74656c707c733a31333a2230383231313332323238383334223b636172745f636f6e74656e74737c613a343a7b733a31303a22636172745f746f74616c223b643a373230303930303b733a31313a22746f74616c5f6974656d73223b643a31313b733a33323a226533363938353364663736366661343465316564306666363133663536336264223b613a393a7b733a323a226964223b733a323a223334223b733a343a226e616d65223b733a31303a225847503530302d564143223b733a353a227072696365223b643a3936303330303b733a31323a2270726963655f6265666f7265223b733a373a2231363030353030223b733a333a22717479223b643a333b733a333a22676272223b733a33363a2232623064323237626466393833613864303035656630623230333738363135612e4a5047223b733a383a2269645f6272616e64223b733a313a2232223b733a353a22726f776964223b733a33323a226533363938353364663736366661343465316564306666363133663536336264223b733a383a22737562746f74616c223b643a323838303930303b7d733a33323a223139636131346537656136333238613432653065623133643538356534633232223b613a393a7b733a323a226964223b733a323a223336223b733a343a226e616d65223b733a363a22424a55393930223b733a353a227072696365223b643a3534303030303b733a31323a2270726963655f6265666f7265223b733a363a22393030303030223b733a333a22717479223b643a383b733a333a22676272223b733a33363a2235393036666462303661363138326236363632653565616633616431313533652e6a7067223b733a383a2269645f6272616e64223b733a313a2232223b733a353a22726f776964223b733a33323a223139636131346537656136333238613432653065623133643538356534633232223b733a383a22737562746f74616c223b643a343332303030303b7d7d),
('3iahav7cf0kmt3bnc9jomo37qf81ioq2', '::1', 1536830855, 0x5f5f63695f6c6173745f726567656e65726174657c693a313533363833303835353b637573746f6d65725f69647c733a313a2237223b637573746f6d65725f6e616d615f757365727c733a31353a2241726468692052616d616468616e73223b637573746f6d65725f656d61696c5f757365727c733a31343a2272616d6140676d61696c2e636f6d223b637573746f6d65725f6c6f67696e5f73657373696f6e7c733a383a227575326365703169223b637573746f6d65725f746573745f73657373696f6e7c733a31353a224164612053657373696f6e204b6f6b223b637573746f6d65725f6c6576656c7c733a313a2234223b637573746f6d65725f70686f746f7c733a33363a2234393731343136336230313737393939636366373032656464346231333465382e6a7067223b637573746f6d65725f7065727573616861616e7c733a32313a2250542e2047726f6f746820546563686e6f6c6f6779223b637573746f6d65725f616c616d61747c733a34343a22506572756d6168616e204d75746961726120476164696e672054696d757220426c6f6b204b2032206e6f2037223b6b6563616d6174616e5f6b656c75726168616e7c733a31323a224d757374696b61204a617961223b637573746f6d65725f6b6f64655f706f737c733a353a223137313535223b637573746f6d65725f6e6f5f74656c707c733a31333a2230383231313332323238383334223b69647c4e3b6e616d615f757365727c733a31343a2241726468692052616d616468616e223b656d61696c5f757365727c733a31343a2272616d6140676d61696c2e636f6d223b6c6f67696e5f73657373696f6e7c733a373a22616c6c6f776564223b746573745f73657373696f6e7c733a31353a224164612053657373696f6e204b6f6b223b6c6576656c7c733a323a223130223b70686f746f7c733a33363a2239356165383035626530613938303863356137383830356534373733373233322e6a7067223b636172745f636f6e74656e74737c613a353a7b733a31303a22636172745f746f74616c223b643a323130313536303b733a31313a22746f74616c5f6974656d73223b643a333b733a33323a223139636131346537656136333238613432653065623133643538356534633232223b613a393a7b733a323a226964223b733a323a223336223b733a343a226e616d65223b733a363a22424a55393930223b733a353a227072696365223b643a3534303030303b733a31323a2270726963655f6265666f7265223b733a363a22393030303030223b733a333a22717479223b643a313b733a333a22676272223b733a33363a2235393036666462303661363138326236363632653565616633616431313533652e6a7067223b733a383a2269645f6272616e64223b733a313a2232223b733a353a22726f776964223b733a33323a223139636131346537656136333238613432653065623133643538356534633232223b733a383a22737562746f74616c223b643a3534303030303b7d733a33323a223163333833636433306237633239386162353032393361646665636237623138223b613a393a7b733a323a226964223b733a323a223335223b733a343a226e616d65223b733a31313a22455a433130304833313030223b733a353a227072696365223b643a3630313236303b733a31323a2270726963655f6265666f7265223b733a373a2231303032313030223b733a333a22717479223b643a313b733a333a22676272223b733a33363a2230393539353339363962373836346635633431643161633465356133633430302e4a5047223b733a383a2269645f6272616e64223b733a313a2232223b733a353a22726f776964223b733a33323a223163333833636433306237633239386162353032393361646665636237623138223b733a383a22737562746f74616c223b643a3630313236303b7d733a33323a226533363938353364663736366661343465316564306666363133663536336264223b613a393a7b733a323a226964223b733a323a223334223b733a343a226e616d65223b733a31303a225847503530302d564143223b733a353a227072696365223b643a3936303330303b733a31323a2270726963655f6265666f7265223b733a373a2231363030353030223b733a333a22717479223b643a313b733a333a22676272223b733a33363a2232623064323237626466393833613864303035656630623230333738363135612e4a5047223b733a383a2269645f6272616e64223b733a313a2232223b733a353a22726f776964223b733a33323a226533363938353364663736366661343465316564306666363133663536336264223b733a383a22737562746f74616c223b643a3936303330303b7d7d),
('464c0hhcm4asr9csk46h0mapqkrqvt08', '::1', 1536837441, 0x5f5f63695f6c6173745f726567656e65726174657c693a313533363833373434313b637573746f6d65725f69647c733a313a2237223b637573746f6d65725f6e616d615f757365727c733a31353a2241726468692052616d616468616e73223b637573746f6d65725f656d61696c5f757365727c733a31343a2272616d6140676d61696c2e636f6d223b637573746f6d65725f6c6f67696e5f73657373696f6e7c733a383a227575326365703169223b637573746f6d65725f746573745f73657373696f6e7c733a31353a224164612053657373696f6e204b6f6b223b637573746f6d65725f6c6576656c7c733a313a2234223b637573746f6d65725f70686f746f7c733a33363a2234393731343136336230313737393939636366373032656464346231333465382e6a7067223b637573746f6d65725f7065727573616861616e7c733a32313a2250542e2047726f6f746820546563686e6f6c6f6779223b637573746f6d65725f616c616d61747c733a34343a22506572756d6168616e204d75746961726120476164696e672054696d757220426c6f6b204b2032206e6f2037223b6b6563616d6174616e5f6b656c75726168616e7c733a31323a224d757374696b61204a617961223b637573746f6d65725f6b6f64655f706f737c733a353a223137313535223b637573746f6d65725f6e6f5f74656c707c733a31333a2230383231313332323238383334223b69647c4e3b6e616d615f757365727c733a31343a2241726468692052616d616468616e223b656d61696c5f757365727c733a31343a2272616d6140676d61696c2e636f6d223b6c6f67696e5f73657373696f6e7c733a373a22616c6c6f776564223b746573745f73657373696f6e7c733a31353a224164612053657373696f6e204b6f6b223b6c6576656c7c733a323a223130223b70686f746f7c733a33363a2239356165383035626530613938303863356137383830356534373733373233322e6a7067223b),
('4cbrej6hu2e4nmb5vkenhtdaqhf6m0fp', '::1', 1536834222, 0x5f5f63695f6c6173745f726567656e65726174657c693a313533363833343232323b637573746f6d65725f69647c733a313a2237223b637573746f6d65725f6e616d615f757365727c733a31353a2241726468692052616d616468616e73223b637573746f6d65725f656d61696c5f757365727c733a31343a2272616d6140676d61696c2e636f6d223b637573746f6d65725f6c6f67696e5f73657373696f6e7c733a383a227575326365703169223b637573746f6d65725f746573745f73657373696f6e7c733a31353a224164612053657373696f6e204b6f6b223b637573746f6d65725f6c6576656c7c733a313a2234223b637573746f6d65725f70686f746f7c733a33363a2234393731343136336230313737393939636366373032656464346231333465382e6a7067223b637573746f6d65725f7065727573616861616e7c733a32313a2250542e2047726f6f746820546563686e6f6c6f6779223b637573746f6d65725f616c616d61747c733a34343a22506572756d6168616e204d75746961726120476164696e672054696d757220426c6f6b204b2032206e6f2037223b6b6563616d6174616e5f6b656c75726168616e7c733a31323a224d757374696b61204a617961223b637573746f6d65725f6b6f64655f706f737c733a353a223137313535223b637573746f6d65725f6e6f5f74656c707c733a31333a2230383231313332323238383334223b69647c4e3b6e616d615f757365727c733a31343a2241726468692052616d616468616e223b656d61696c5f757365727c733a31343a2272616d6140676d61696c2e636f6d223b6c6f67696e5f73657373696f6e7c733a373a22616c6c6f776564223b746573745f73657373696f6e7c733a31353a224164612053657373696f6e204b6f6b223b6c6576656c7c733a323a223130223b70686f746f7c733a33363a2239356165383035626530613938303863356137383830356534373733373233322e6a7067223b636172745f636f6e74656e74737c613a353a7b733a31303a22636172745f746f74616c223b643a323130313536303b733a31313a22746f74616c5f6974656d73223b643a333b733a33323a223139636131346537656136333238613432653065623133643538356534633232223b613a393a7b733a323a226964223b733a323a223336223b733a343a226e616d65223b733a363a22424a55393930223b733a353a227072696365223b643a3534303030303b733a31323a2270726963655f6265666f7265223b733a363a22393030303030223b733a333a22717479223b643a313b733a333a22676272223b733a33363a2235393036666462303661363138326236363632653565616633616431313533652e6a7067223b733a383a2269645f6272616e64223b733a313a2232223b733a353a22726f776964223b733a33323a223139636131346537656136333238613432653065623133643538356534633232223b733a383a22737562746f74616c223b643a3534303030303b7d733a33323a223163333833636433306237633239386162353032393361646665636237623138223b613a393a7b733a323a226964223b733a323a223335223b733a343a226e616d65223b733a31313a22455a433130304833313030223b733a353a227072696365223b643a3630313236303b733a31323a2270726963655f6265666f7265223b733a373a2231303032313030223b733a333a22717479223b643a313b733a333a22676272223b733a33363a2230393539353339363962373836346635633431643161633465356133633430302e4a5047223b733a383a2269645f6272616e64223b733a313a2232223b733a353a22726f776964223b733a33323a223163333833636433306237633239386162353032393361646665636237623138223b733a383a22737562746f74616c223b643a3630313236303b7d733a33323a226533363938353364663736366661343465316564306666363133663536336264223b613a393a7b733a323a226964223b733a323a223334223b733a343a226e616d65223b733a31303a225847503530302d564143223b733a353a227072696365223b643a3936303330303b733a31323a2270726963655f6265666f7265223b733a373a2231363030353030223b733a333a22717479223b643a313b733a333a22676272223b733a33363a2232623064323237626466393833613864303035656630623230333738363135612e4a5047223b733a383a2269645f6272616e64223b733a313a2232223b733a353a22726f776964223b733a33323a226533363938353364663736366661343465316564306666363133663536336264223b733a383a22737562746f74616c223b643a3936303330303b7d7d),
('6225rljaqq1o44h59pn11jp0h2ka5uop', '::1', 1536826726, 0x5f5f63695f6c6173745f726567656e65726174657c693a313533363832363732363b637573746f6d65725f69647c733a313a2237223b637573746f6d65725f6e616d615f757365727c733a31353a2241726468692052616d616468616e73223b637573746f6d65725f656d61696c5f757365727c733a31343a2272616d6140676d61696c2e636f6d223b637573746f6d65725f6c6f67696e5f73657373696f6e7c733a383a227575326365703169223b637573746f6d65725f746573745f73657373696f6e7c733a31353a224164612053657373696f6e204b6f6b223b637573746f6d65725f6c6576656c7c733a313a2234223b637573746f6d65725f70686f746f7c733a33363a2234393731343136336230313737393939636366373032656464346231333465382e6a7067223b637573746f6d65725f7065727573616861616e7c733a32313a2250542e2047726f6f746820546563686e6f6c6f6779223b637573746f6d65725f616c616d61747c733a34343a22506572756d6168616e204d75746961726120476164696e672054696d757220426c6f6b204b2032206e6f2037223b6b6563616d6174616e5f6b656c75726168616e7c733a31323a224d757374696b61204a617961223b637573746f6d65725f6b6f64655f706f737c733a353a223137313535223b637573746f6d65725f6e6f5f74656c707c733a31333a2230383231313332323238383334223b636172745f636f6e74656e74737c613a353a7b733a31303a22636172745f746f74616c223b643a31323031303938303b733a31313a22746f74616c5f6974656d73223b643a31393b733a33323a226533363938353364663736366661343465316564306666363133663536336264223b613a393a7b733a323a226964223b733a323a223334223b733a343a226e616d65223b733a31303a225847503530302d564143223b733a353a227072696365223b643a3936303330303b733a31323a2270726963655f6265666f7265223b733a373a2231363030353030223b733a333a22717479223b643a333b733a333a22676272223b733a33363a2232623064323237626466393833613864303035656630623230333738363135612e4a5047223b733a383a2269645f6272616e64223b733a313a2232223b733a353a22726f776964223b733a33323a226533363938353364663736366661343465316564306666363133663536336264223b733a383a22737562746f74616c223b643a323838303930303b7d733a33323a223163333833636433306237633239386162353032393361646665636237623138223b613a393a7b733a323a226964223b733a323a223335223b733a343a226e616d65223b733a31313a22455a433130304833313030223b733a353a227072696365223b643a3630313236303b733a31323a2270726963655f6265666f7265223b733a373a2231303032313030223b733a333a22717479223b643a383b733a333a22676272223b733a33363a2230393539353339363962373836346635633431643161633465356133633430302e4a5047223b733a383a2269645f6272616e64223b733a313a2232223b733a353a22726f776964223b733a33323a223163333833636433306237633239386162353032393361646665636237623138223b733a383a22737562746f74616c223b643a343831303038303b7d733a33323a223139636131346537656136333238613432653065623133643538356534633232223b613a393a7b733a323a226964223b733a323a223336223b733a343a226e616d65223b733a363a22424a55393930223b733a353a227072696365223b643a3534303030303b733a31323a2270726963655f6265666f7265223b733a363a22393030303030223b733a333a22717479223b643a383b733a333a22676272223b733a33363a2235393036666462303661363138326236363632653565616633616431313533652e6a7067223b733a383a2269645f6272616e64223b733a313a2232223b733a353a22726f776964223b733a33323a223139636131346537656136333238613432653065623133643538356534633232223b733a383a22737562746f74616c223b643a343332303030303b7d7d),
('72g8375op3r8urvtr62qtsio9e10fne6', '::1', 1536820021, 0x5f5f63695f6c6173745f726567656e65726174657c693a313533363832303032313b637573746f6d65725f69647c733a313a2237223b637573746f6d65725f6e616d615f757365727c733a31353a2241726468692052616d616468616e73223b637573746f6d65725f656d61696c5f757365727c733a31343a2272616d6140676d61696c2e636f6d223b637573746f6d65725f6c6f67696e5f73657373696f6e7c733a383a227575326365703169223b637573746f6d65725f746573745f73657373696f6e7c733a31353a224164612053657373696f6e204b6f6b223b637573746f6d65725f6c6576656c7c733a313a2234223b637573746f6d65725f70686f746f7c733a33363a2234393731343136336230313737393939636366373032656464346231333465382e6a7067223b637573746f6d65725f7065727573616861616e7c733a32313a2250542e2047726f6f746820546563686e6f6c6f6779223b637573746f6d65725f616c616d61747c733a34343a22506572756d6168616e204d75746961726120476164696e672054696d757220426c6f6b204b2032206e6f2037223b6b6563616d6174616e5f6b656c75726168616e7c733a31323a224d757374696b61204a617961223b637573746f6d65725f6b6f64655f706f737c733a353a223137313535223b637573746f6d65725f6e6f5f74656c707c733a31333a2230383231313332323238383334223b69647c4e3b6e616d615f757365727c733a31343a2241726468692052616d616468616e223b656d61696c5f757365727c733a31343a2272616d6140676d61696c2e636f6d223b6c6f67696e5f73657373696f6e7c733a373a22616c6c6f776564223b746573745f73657373696f6e7c733a31353a224164612053657373696f6e204b6f6b223b6c6576656c7c733a323a223130223b70686f746f7c733a33363a2239356165383035626530613938303863356137383830356534373733373233322e6a7067223b),
('8r8mve81ec5cfj6ij0bb3d5dti4p7obh', '::1', 1536836443, 0x5f5f63695f6c6173745f726567656e65726174657c693a313533363833363434333b637573746f6d65725f69647c733a313a2237223b637573746f6d65725f6e616d615f757365727c733a31353a2241726468692052616d616468616e73223b637573746f6d65725f656d61696c5f757365727c733a31343a2272616d6140676d61696c2e636f6d223b637573746f6d65725f6c6f67696e5f73657373696f6e7c733a383a227575326365703169223b637573746f6d65725f746573745f73657373696f6e7c733a31353a224164612053657373696f6e204b6f6b223b637573746f6d65725f6c6576656c7c733a313a2234223b637573746f6d65725f70686f746f7c733a33363a2234393731343136336230313737393939636366373032656464346231333465382e6a7067223b637573746f6d65725f7065727573616861616e7c733a32313a2250542e2047726f6f746820546563686e6f6c6f6779223b637573746f6d65725f616c616d61747c733a34343a22506572756d6168616e204d75746961726120476164696e672054696d757220426c6f6b204b2032206e6f2037223b6b6563616d6174616e5f6b656c75726168616e7c733a31323a224d757374696b61204a617961223b637573746f6d65725f6b6f64655f706f737c733a353a223137313535223b637573746f6d65725f6e6f5f74656c707c733a31333a2230383231313332323238383334223b69647c4e3b6e616d615f757365727c733a31343a2241726468692052616d616468616e223b656d61696c5f757365727c733a31343a2272616d6140676d61696c2e636f6d223b6c6f67696e5f73657373696f6e7c733a373a22616c6c6f776564223b746573745f73657373696f6e7c733a31353a224164612053657373696f6e204b6f6b223b6c6576656c7c733a323a223130223b70686f746f7c733a33363a2239356165383035626530613938303863356137383830356534373733373233322e6a7067223b636172745f636f6e74656e74737c613a343a7b733a31303a22636172745f746f74616c223b643a313134313236303b733a31313a22746f74616c5f6974656d73223b643a323b733a33323a223139636131346537656136333238613432653065623133643538356534633232223b613a393a7b733a323a226964223b733a323a223336223b733a343a226e616d65223b733a363a22424a55393930223b733a353a227072696365223b643a3534303030303b733a31323a2270726963655f6265666f7265223b733a363a22393030303030223b733a333a22717479223b643a313b733a333a22676272223b733a33363a2235393036666462303661363138326236363632653565616633616431313533652e6a7067223b733a383a2269645f6272616e64223b733a313a2232223b733a353a22726f776964223b733a33323a223139636131346537656136333238613432653065623133643538356534633232223b733a383a22737562746f74616c223b643a3534303030303b7d733a33323a223163333833636433306237633239386162353032393361646665636237623138223b613a393a7b733a323a226964223b733a323a223335223b733a343a226e616d65223b733a31313a22455a433130304833313030223b733a353a227072696365223b643a3630313236303b733a31323a2270726963655f6265666f7265223b733a373a2231303032313030223b733a333a22717479223b643a313b733a333a22676272223b733a33363a2230393539353339363962373836346635633431643161633465356133633430302e4a5047223b733a383a2269645f6272616e64223b733a313a2232223b733a353a22726f776964223b733a33323a223163333833636433306237633239386162353032393361646665636237623138223b733a383a22737562746f74616c223b643a3630313236303b7d7d),
('9d6oef32arrfujsmvtcn7u4il2bq18kn', '::1', 1536831928, 0x5f5f63695f6c6173745f726567656e65726174657c693a313533363833313932363b637573746f6d65725f69647c733a313a2237223b637573746f6d65725f6e616d615f757365727c733a31353a2241726468692052616d616468616e73223b637573746f6d65725f656d61696c5f757365727c733a31343a2272616d6140676d61696c2e636f6d223b637573746f6d65725f6c6f67696e5f73657373696f6e7c733a383a227575326365703169223b637573746f6d65725f746573745f73657373696f6e7c733a31353a224164612053657373696f6e204b6f6b223b637573746f6d65725f6c6576656c7c733a313a2234223b637573746f6d65725f70686f746f7c733a33363a2234393731343136336230313737393939636366373032656464346231333465382e6a7067223b637573746f6d65725f7065727573616861616e7c733a32313a2250542e2047726f6f746820546563686e6f6c6f6779223b637573746f6d65725f616c616d61747c733a34343a22506572756d6168616e204d75746961726120476164696e672054696d757220426c6f6b204b2032206e6f2037223b6b6563616d6174616e5f6b656c75726168616e7c733a31323a224d757374696b61204a617961223b637573746f6d65725f6b6f64655f706f737c733a353a223137313535223b637573746f6d65725f6e6f5f74656c707c733a31333a2230383231313332323238383334223b69647c4e3b6e616d615f757365727c733a31343a2241726468692052616d616468616e223b656d61696c5f757365727c733a31343a2272616d6140676d61696c2e636f6d223b6c6f67696e5f73657373696f6e7c733a373a22616c6c6f776564223b746573745f73657373696f6e7c733a31353a224164612053657373696f6e204b6f6b223b6c6576656c7c733a323a223130223b70686f746f7c733a33363a2239356165383035626530613938303863356137383830356534373733373233322e6a7067223b),
('9rp8u6j97ema1eko5h2nkkla894dud6l', '::1', 1536829938, 0x5f5f63695f6c6173745f726567656e65726174657c693a313533363832393933383b637573746f6d65725f69647c733a313a2237223b637573746f6d65725f6e616d615f757365727c733a31353a2241726468692052616d616468616e73223b637573746f6d65725f656d61696c5f757365727c733a31343a2272616d6140676d61696c2e636f6d223b637573746f6d65725f6c6f67696e5f73657373696f6e7c733a383a227575326365703169223b637573746f6d65725f746573745f73657373696f6e7c733a31353a224164612053657373696f6e204b6f6b223b637573746f6d65725f6c6576656c7c733a313a2234223b637573746f6d65725f70686f746f7c733a33363a2234393731343136336230313737393939636366373032656464346231333465382e6a7067223b637573746f6d65725f7065727573616861616e7c733a32313a2250542e2047726f6f746820546563686e6f6c6f6779223b637573746f6d65725f616c616d61747c733a34343a22506572756d6168616e204d75746961726120476164696e672054696d757220426c6f6b204b2032206e6f2037223b6b6563616d6174616e5f6b656c75726168616e7c733a31323a224d757374696b61204a617961223b637573746f6d65725f6b6f64655f706f737c733a353a223137313535223b637573746f6d65725f6e6f5f74656c707c733a31333a2230383231313332323238383334223b69647c4e3b6e616d615f757365727c733a31343a2241726468692052616d616468616e223b656d61696c5f757365727c733a31343a2272616d6140676d61696c2e636f6d223b6c6f67696e5f73657373696f6e7c733a373a22616c6c6f776564223b746573745f73657373696f6e7c733a31353a224164612053657373696f6e204b6f6b223b6c6576656c7c733a323a223130223b70686f746f7c733a33363a2239356165383035626530613938303863356137383830356534373733373233322e6a7067223b636172745f636f6e74656e74737c613a353a7b733a31303a22636172745f746f74616c223b643a323130313536303b733a31313a22746f74616c5f6974656d73223b643a333b733a33323a223139636131346537656136333238613432653065623133643538356534633232223b613a393a7b733a323a226964223b733a323a223336223b733a343a226e616d65223b733a363a22424a55393930223b733a353a227072696365223b643a3534303030303b733a31323a2270726963655f6265666f7265223b733a363a22393030303030223b733a333a22717479223b643a313b733a333a22676272223b733a33363a2235393036666462303661363138326236363632653565616633616431313533652e6a7067223b733a383a2269645f6272616e64223b733a313a2232223b733a353a22726f776964223b733a33323a223139636131346537656136333238613432653065623133643538356534633232223b733a383a22737562746f74616c223b643a3534303030303b7d733a33323a223163333833636433306237633239386162353032393361646665636237623138223b613a393a7b733a323a226964223b733a323a223335223b733a343a226e616d65223b733a31313a22455a433130304833313030223b733a353a227072696365223b643a3630313236303b733a31323a2270726963655f6265666f7265223b733a373a2231303032313030223b733a333a22717479223b643a313b733a333a22676272223b733a33363a2230393539353339363962373836346635633431643161633465356133633430302e4a5047223b733a383a2269645f6272616e64223b733a313a2232223b733a353a22726f776964223b733a33323a223163333833636433306237633239386162353032393361646665636237623138223b733a383a22737562746f74616c223b643a3630313236303b7d733a33323a226533363938353364663736366661343465316564306666363133663536336264223b613a393a7b733a323a226964223b733a323a223334223b733a343a226e616d65223b733a31303a225847503530302d564143223b733a353a227072696365223b643a3936303330303b733a31323a2270726963655f6265666f7265223b733a373a2231363030353030223b733a333a22717479223b643a313b733a333a22676272223b733a33363a2232623064323237626466393833613864303035656630623230333738363135612e4a5047223b733a383a2269645f6272616e64223b733a313a2232223b733a353a22726f776964223b733a33323a226533363938353364663736366661343465316564306666363133663536336264223b733a383a22737562746f74616c223b643a3936303330303b7d7d),
('aijha09pjcaje21kqod77i0idr6tomn1', '::1', 1536839499, 0x5f5f63695f6c6173745f726567656e65726174657c693a313533363833393439393b636172745f636f6e74656e74737c613a353a7b733a31303a22636172745f746f74616c223b643a323130313536303b733a31313a22746f74616c5f6974656d73223b643a333b733a33323a223139636131346537656136333238613432653065623133643538356534633232223b613a393a7b733a323a226964223b733a323a223336223b733a343a226e616d65223b733a363a22424a55393930223b733a353a227072696365223b643a3534303030303b733a31323a2270726963655f6265666f7265223b733a363a22393030303030223b733a333a22717479223b643a313b733a333a22676272223b733a33363a2235393036666462303661363138326236363632653565616633616431313533652e6a7067223b733a383a2269645f6272616e64223b733a313a2232223b733a353a22726f776964223b733a33323a223139636131346537656136333238613432653065623133643538356534633232223b733a383a22737562746f74616c223b643a3534303030303b7d733a33323a223163333833636433306237633239386162353032393361646665636237623138223b613a393a7b733a323a226964223b733a323a223335223b733a343a226e616d65223b733a31313a22455a433130304833313030223b733a353a227072696365223b643a3630313236303b733a31323a2270726963655f6265666f7265223b733a373a2231303032313030223b733a333a22717479223b643a313b733a333a22676272223b733a33363a2230393539353339363962373836346635633431643161633465356133633430302e4a5047223b733a383a2269645f6272616e64223b733a313a2232223b733a353a22726f776964223b733a33323a223163333833636433306237633239386162353032393361646665636237623138223b733a383a22737562746f74616c223b643a3630313236303b7d733a33323a226533363938353364663736366661343465316564306666363133663536336264223b613a393a7b733a323a226964223b733a323a223334223b733a343a226e616d65223b733a31303a225847503530302d564143223b733a353a227072696365223b643a3936303330303b733a31323a2270726963655f6265666f7265223b733a373a2231363030353030223b733a333a22717479223b643a313b733a333a22676272223b733a33363a2232623064323237626466393833613864303035656630623230333738363135612e4a5047223b733a383a2269645f6272616e64223b733a313a2232223b733a353a22726f776964223b733a33323a226533363938353364663736366661343465316564306666363133663536336264223b733a383a22737562746f74616c223b643a3936303330303b7d7d637573746f6d65725f69647c733a313a2237223b637573746f6d65725f6e616d615f757365727c733a31353a2241726468692052616d616468616e73223b637573746f6d65725f656d61696c5f757365727c733a31343a2272616d6140676d61696c2e636f6d223b637573746f6d65725f6c6f67696e5f73657373696f6e7c733a383a227575326365703169223b637573746f6d65725f746573745f73657373696f6e7c733a31353a224164612053657373696f6e204b6f6b223b637573746f6d65725f6c6576656c7c733a313a2234223b637573746f6d65725f70686f746f7c733a33363a2234393731343136336230313737393939636366373032656464346231333465382e6a7067223b637573746f6d65725f7065727573616861616e7c733a32313a2250542e2047726f6f746820546563686e6f6c6f6779223b637573746f6d65725f616c616d61747c733a34343a22506572756d6168616e204d75746961726120476164696e672054696d757220426c6f6b204b2032206e6f2037223b6b6563616d6174616e5f6b656c75726168616e7c733a31323a224d757374696b61204a617961223b637573746f6d65725f6b6f64655f706f737c733a353a223137313535223b637573746f6d65725f6e6f5f74656c707c733a31333a2230383231313332323238383334223b),
('bdsil4bvetfhvedm9jd2adrvjakbdlju', '::1', 1536826341, 0x5f5f63695f6c6173745f726567656e65726174657c693a313533363832363334313b637573746f6d65725f69647c733a313a2237223b637573746f6d65725f6e616d615f757365727c733a31353a2241726468692052616d616468616e73223b637573746f6d65725f656d61696c5f757365727c733a31343a2272616d6140676d61696c2e636f6d223b637573746f6d65725f6c6f67696e5f73657373696f6e7c733a383a227575326365703169223b637573746f6d65725f746573745f73657373696f6e7c733a31353a224164612053657373696f6e204b6f6b223b637573746f6d65725f6c6576656c7c733a313a2234223b637573746f6d65725f70686f746f7c733a33363a2234393731343136336230313737393939636366373032656464346231333465382e6a7067223b637573746f6d65725f7065727573616861616e7c733a32313a2250542e2047726f6f746820546563686e6f6c6f6779223b637573746f6d65725f616c616d61747c733a34343a22506572756d6168616e204d75746961726120476164696e672054696d757220426c6f6b204b2032206e6f2037223b6b6563616d6174616e5f6b656c75726168616e7c733a31323a224d757374696b61204a617961223b637573746f6d65725f6b6f64655f706f737c733a353a223137313535223b637573746f6d65725f6e6f5f74656c707c733a31333a2230383231313332323238383334223b636172745f636f6e74656e74737c613a353a7b733a31303a22636172745f746f74616c223b643a31323235333230303b733a31313a22746f74616c5f6974656d73223b643a32303b733a33323a226533363938353364663736366661343465316564306666363133663536336264223b613a393a7b733a323a226964223b733a323a223334223b733a343a226e616d65223b733a31303a225847503530302d564143223b733a353a227072696365223b643a3936303330303b733a31323a2270726963655f6265666f7265223b733a373a2231363030353030223b733a333a22717479223b643a323b733a333a22676272223b733a33363a2232623064323237626466393833613864303035656630623230333738363135612e4a5047223b733a383a2269645f6272616e64223b733a313a2232223b733a353a22726f776964223b733a33323a226533363938353364663736366661343465316564306666363133663536336264223b733a383a22737562746f74616c223b643a313932303630303b7d733a33323a223163333833636433306237633239386162353032393361646665636237623138223b613a393a7b733a323a226964223b733a323a223335223b733a343a226e616d65223b733a31313a22455a433130304833313030223b733a353a227072696365223b643a3630313236303b733a31323a2270726963655f6265666f7265223b733a373a2231303032313030223b733a333a22717479223b643a31303b733a333a22676272223b733a33363a2230393539353339363962373836346635633431643161633465356133633430302e4a5047223b733a383a2269645f6272616e64223b733a313a2232223b733a353a22726f776964223b733a33323a223163333833636433306237633239386162353032393361646665636237623138223b733a383a22737562746f74616c223b643a363031323630303b7d733a33323a223139636131346537656136333238613432653065623133643538356534633232223b613a393a7b733a323a226964223b733a323a223336223b733a343a226e616d65223b733a363a22424a55393930223b733a353a227072696365223b643a3534303030303b733a31323a2270726963655f6265666f7265223b733a363a22393030303030223b733a333a22717479223b643a383b733a333a22676272223b733a33363a2235393036666462303661363138326236363632653565616633616431313533652e6a7067223b733a383a2269645f6272616e64223b733a313a2232223b733a353a22726f776964223b733a33323a223139636131346537656136333238613432653065623133643538356534633232223b733a383a22737562746f74616c223b643a343332303030303b7d7d),
('bog08iftuhdsvnlvrrm58ppkh2j2960m', '::1', 1536820706, 0x5f5f63695f6c6173745f726567656e65726174657c693a313533363832303730363b637573746f6d65725f69647c733a313a2237223b637573746f6d65725f6e616d615f757365727c733a31353a2241726468692052616d616468616e73223b637573746f6d65725f656d61696c5f757365727c733a31343a2272616d6140676d61696c2e636f6d223b637573746f6d65725f6c6f67696e5f73657373696f6e7c733a383a227575326365703169223b637573746f6d65725f746573745f73657373696f6e7c733a31353a224164612053657373696f6e204b6f6b223b637573746f6d65725f6c6576656c7c733a313a2234223b637573746f6d65725f70686f746f7c733a33363a2234393731343136336230313737393939636366373032656464346231333465382e6a7067223b637573746f6d65725f7065727573616861616e7c733a32313a2250542e2047726f6f746820546563686e6f6c6f6779223b637573746f6d65725f616c616d61747c733a34343a22506572756d6168616e204d75746961726120476164696e672054696d757220426c6f6b204b2032206e6f2037223b6b6563616d6174616e5f6b656c75726168616e7c733a31323a224d757374696b61204a617961223b637573746f6d65725f6b6f64655f706f737c733a353a223137313535223b637573746f6d65725f6e6f5f74656c707c733a31333a2230383231313332323238383334223b69647c4e3b6e616d615f757365727c733a31343a2241726468692052616d616468616e223b656d61696c5f757365727c733a31343a2272616d6140676d61696c2e636f6d223b6c6f67696e5f73657373696f6e7c733a373a22616c6c6f776564223b746573745f73657373696f6e7c733a31353a224164612053657373696f6e204b6f6b223b6c6576656c7c733a323a223130223b70686f746f7c733a33363a2239356165383035626530613938303863356137383830356534373733373233322e6a7067223b),
('c103s6hitmofjgjr3hh4m6ks3f68tpp9', '::1', 1536838101, 0x5f5f63695f6c6173745f726567656e65726174657c693a313533363833383130313b637573746f6d65725f69647c733a313a2237223b637573746f6d65725f6e616d615f757365727c733a31353a2241726468692052616d616468616e73223b637573746f6d65725f656d61696c5f757365727c733a31343a2272616d6140676d61696c2e636f6d223b637573746f6d65725f6c6f67696e5f73657373696f6e7c733a383a227575326365703169223b637573746f6d65725f746573745f73657373696f6e7c733a31353a224164612053657373696f6e204b6f6b223b637573746f6d65725f6c6576656c7c733a313a2234223b637573746f6d65725f70686f746f7c733a33363a2234393731343136336230313737393939636366373032656464346231333465382e6a7067223b637573746f6d65725f7065727573616861616e7c733a32313a2250542e2047726f6f746820546563686e6f6c6f6779223b637573746f6d65725f616c616d61747c733a34343a22506572756d6168616e204d75746961726120476164696e672054696d757220426c6f6b204b2032206e6f2037223b6b6563616d6174616e5f6b656c75726168616e7c733a31323a224d757374696b61204a617961223b637573746f6d65725f6b6f64655f706f737c733a353a223137313535223b637573746f6d65725f6e6f5f74656c707c733a31333a2230383231313332323238383334223b69647c4e3b6e616d615f757365727c733a31343a2241726468692052616d616468616e223b656d61696c5f757365727c733a31343a2272616d6140676d61696c2e636f6d223b6c6f67696e5f73657373696f6e7c733a373a22616c6c6f776564223b746573745f73657373696f6e7c733a31353a224164612053657373696f6e204b6f6b223b6c6576656c7c733a323a223130223b70686f746f7c733a33363a2239356165383035626530613938303863356137383830356534373733373233322e6a7067223b),
('d6gjltjpg9vavh7m394tlb846s7hpvfh', '::1', 1536833741, 0x5f5f63695f6c6173745f726567656e65726174657c693a313533363833333734313b637573746f6d65725f69647c733a313a2237223b637573746f6d65725f6e616d615f757365727c733a31353a2241726468692052616d616468616e73223b637573746f6d65725f656d61696c5f757365727c733a31343a2272616d6140676d61696c2e636f6d223b637573746f6d65725f6c6f67696e5f73657373696f6e7c733a383a227575326365703169223b637573746f6d65725f746573745f73657373696f6e7c733a31353a224164612053657373696f6e204b6f6b223b637573746f6d65725f6c6576656c7c733a313a2234223b637573746f6d65725f70686f746f7c733a33363a2234393731343136336230313737393939636366373032656464346231333465382e6a7067223b637573746f6d65725f7065727573616861616e7c733a32313a2250542e2047726f6f746820546563686e6f6c6f6779223b637573746f6d65725f616c616d61747c733a34343a22506572756d6168616e204d75746961726120476164696e672054696d757220426c6f6b204b2032206e6f2037223b6b6563616d6174616e5f6b656c75726168616e7c733a31323a224d757374696b61204a617961223b637573746f6d65725f6b6f64655f706f737c733a353a223137313535223b637573746f6d65725f6e6f5f74656c707c733a31333a2230383231313332323238383334223b69647c4e3b6e616d615f757365727c733a31343a2241726468692052616d616468616e223b656d61696c5f757365727c733a31343a2272616d6140676d61696c2e636f6d223b6c6f67696e5f73657373696f6e7c733a373a22616c6c6f776564223b746573745f73657373696f6e7c733a31353a224164612053657373696f6e204b6f6b223b6c6576656c7c733a323a223130223b70686f746f7c733a33363a2239356165383035626530613938303863356137383830356534373733373233322e6a7067223b),
('dgk4v1nmu1hjnqf718nkbsscj91ujfv7', '::1', 1536827079, 0x5f5f63695f6c6173745f726567656e65726174657c693a313533363832373037393b637573746f6d65725f69647c733a313a2237223b637573746f6d65725f6e616d615f757365727c733a31353a2241726468692052616d616468616e73223b637573746f6d65725f656d61696c5f757365727c733a31343a2272616d6140676d61696c2e636f6d223b637573746f6d65725f6c6f67696e5f73657373696f6e7c733a383a227575326365703169223b637573746f6d65725f746573745f73657373696f6e7c733a31353a224164612053657373696f6e204b6f6b223b637573746f6d65725f6c6576656c7c733a313a2234223b637573746f6d65725f70686f746f7c733a33363a2234393731343136336230313737393939636366373032656464346231333465382e6a7067223b637573746f6d65725f7065727573616861616e7c733a32313a2250542e2047726f6f746820546563686e6f6c6f6779223b637573746f6d65725f616c616d61747c733a34343a22506572756d6168616e204d75746961726120476164696e672054696d757220426c6f6b204b2032206e6f2037223b6b6563616d6174616e5f6b656c75726168616e7c733a31323a224d757374696b61204a617961223b637573746f6d65725f6b6f64655f706f737c733a353a223137313535223b637573746f6d65725f6e6f5f74656c707c733a31333a2230383231313332323238383334223b636172745f636f6e74656e74737c613a343a7b733a31303a22636172745f746f74616c223b643a373230303930303b733a31313a22746f74616c5f6974656d73223b643a31313b733a33323a226533363938353364663736366661343465316564306666363133663536336264223b613a393a7b733a323a226964223b733a323a223334223b733a343a226e616d65223b733a31303a225847503530302d564143223b733a353a227072696365223b643a3936303330303b733a31323a2270726963655f6265666f7265223b733a373a2231363030353030223b733a333a22717479223b643a333b733a333a22676272223b733a33363a2232623064323237626466393833613864303035656630623230333738363135612e4a5047223b733a383a2269645f6272616e64223b733a313a2232223b733a353a22726f776964223b733a33323a226533363938353364663736366661343465316564306666363133663536336264223b733a383a22737562746f74616c223b643a323838303930303b7d733a33323a223139636131346537656136333238613432653065623133643538356534633232223b613a393a7b733a323a226964223b733a323a223336223b733a343a226e616d65223b733a363a22424a55393930223b733a353a227072696365223b643a3534303030303b733a31323a2270726963655f6265666f7265223b733a363a22393030303030223b733a333a22717479223b643a383b733a333a22676272223b733a33363a2235393036666462303661363138326236363632653565616633616431313533652e6a7067223b733a383a2269645f6272616e64223b733a313a2232223b733a353a22726f776964223b733a33323a223139636131346537656136333238613432653065623133643538356534633232223b733a383a22737562746f74616c223b643a343332303030303b7d7d),
('dsmv58r5n5qo0952f38vbf26udf4n0m8', '::1', 1536838462, 0x5f5f63695f6c6173745f726567656e65726174657c693a313533363833383436323b69647c4e3b6e616d615f757365727c733a31343a2241726468692052616d616468616e223b656d61696c5f757365727c733a31343a2272616d6140676d61696c2e636f6d223b6c6f67696e5f73657373696f6e7c733a373a22616c6c6f776564223b746573745f73657373696f6e7c733a31353a224164612053657373696f6e204b6f6b223b6c6576656c7c733a323a223130223b70686f746f7c733a33363a2239356165383035626530613938303863356137383830356534373733373233322e6a7067223b),
('dt8t7gtb5n1agk2k41rauc3us8bfgp3u', '::1', 1536837785, 0x5f5f63695f6c6173745f726567656e65726174657c693a313533363833373738353b637573746f6d65725f69647c733a313a2237223b637573746f6d65725f6e616d615f757365727c733a31353a2241726468692052616d616468616e73223b637573746f6d65725f656d61696c5f757365727c733a31343a2272616d6140676d61696c2e636f6d223b637573746f6d65725f6c6f67696e5f73657373696f6e7c733a383a227575326365703169223b637573746f6d65725f746573745f73657373696f6e7c733a31353a224164612053657373696f6e204b6f6b223b637573746f6d65725f6c6576656c7c733a313a2234223b637573746f6d65725f70686f746f7c733a33363a2234393731343136336230313737393939636366373032656464346231333465382e6a7067223b637573746f6d65725f7065727573616861616e7c733a32313a2250542e2047726f6f746820546563686e6f6c6f6779223b637573746f6d65725f616c616d61747c733a34343a22506572756d6168616e204d75746961726120476164696e672054696d757220426c6f6b204b2032206e6f2037223b6b6563616d6174616e5f6b656c75726168616e7c733a31323a224d757374696b61204a617961223b637573746f6d65725f6b6f64655f706f737c733a353a223137313535223b637573746f6d65725f6e6f5f74656c707c733a31333a2230383231313332323238383334223b69647c4e3b6e616d615f757365727c733a31343a2241726468692052616d616468616e223b656d61696c5f757365727c733a31343a2272616d6140676d61696c2e636f6d223b6c6f67696e5f73657373696f6e7c733a373a22616c6c6f776564223b746573745f73657373696f6e7c733a31353a224164612053657373696f6e204b6f6b223b6c6576656c7c733a323a223130223b70686f746f7c733a33363a2239356165383035626530613938303863356137383830356534373733373233322e6a7067223b),
('e6h7kd2ngald48o5rmrm2p2kkbam1q36', '::1', 1536835315, 0x5f5f63695f6c6173745f726567656e65726174657c693a313533363833353331353b637573746f6d65725f69647c733a313a2237223b637573746f6d65725f6e616d615f757365727c733a31353a2241726468692052616d616468616e73223b637573746f6d65725f656d61696c5f757365727c733a31343a2272616d6140676d61696c2e636f6d223b637573746f6d65725f6c6f67696e5f73657373696f6e7c733a383a227575326365703169223b637573746f6d65725f746573745f73657373696f6e7c733a31353a224164612053657373696f6e204b6f6b223b637573746f6d65725f6c6576656c7c733a313a2234223b637573746f6d65725f70686f746f7c733a33363a2234393731343136336230313737393939636366373032656464346231333465382e6a7067223b637573746f6d65725f7065727573616861616e7c733a32313a2250542e2047726f6f746820546563686e6f6c6f6779223b637573746f6d65725f616c616d61747c733a34343a22506572756d6168616e204d75746961726120476164696e672054696d757220426c6f6b204b2032206e6f2037223b6b6563616d6174616e5f6b656c75726168616e7c733a31323a224d757374696b61204a617961223b637573746f6d65725f6b6f64655f706f737c733a353a223137313535223b637573746f6d65725f6e6f5f74656c707c733a31333a2230383231313332323238383334223b69647c4e3b6e616d615f757365727c733a31343a2241726468692052616d616468616e223b656d61696c5f757365727c733a31343a2272616d6140676d61696c2e636f6d223b6c6f67696e5f73657373696f6e7c733a373a22616c6c6f776564223b746573745f73657373696f6e7c733a31353a224164612053657373696f6e204b6f6b223b6c6576656c7c733a323a223130223b70686f746f7c733a33363a2239356165383035626530613938303863356137383830356534373733373233322e6a7067223b636172745f636f6e74656e74737c613a353a7b733a31303a22636172745f746f74616c223b643a323130313536303b733a31313a22746f74616c5f6974656d73223b643a333b733a33323a223139636131346537656136333238613432653065623133643538356534633232223b613a393a7b733a323a226964223b733a323a223336223b733a343a226e616d65223b733a363a22424a55393930223b733a353a227072696365223b643a3534303030303b733a31323a2270726963655f6265666f7265223b733a363a22393030303030223b733a333a22717479223b643a313b733a333a22676272223b733a33363a2235393036666462303661363138326236363632653565616633616431313533652e6a7067223b733a383a2269645f6272616e64223b733a313a2232223b733a353a22726f776964223b733a33323a223139636131346537656136333238613432653065623133643538356534633232223b733a383a22737562746f74616c223b643a3534303030303b7d733a33323a223163333833636433306237633239386162353032393361646665636237623138223b613a393a7b733a323a226964223b733a323a223335223b733a343a226e616d65223b733a31313a22455a433130304833313030223b733a353a227072696365223b643a3630313236303b733a31323a2270726963655f6265666f7265223b733a373a2231303032313030223b733a333a22717479223b643a313b733a333a22676272223b733a33363a2230393539353339363962373836346635633431643161633465356133633430302e4a5047223b733a383a2269645f6272616e64223b733a313a2232223b733a353a22726f776964223b733a33323a223163333833636433306237633239386162353032393361646665636237623138223b733a383a22737562746f74616c223b643a3630313236303b7d733a33323a226533363938353364663736366661343465316564306666363133663536336264223b613a393a7b733a323a226964223b733a323a223334223b733a343a226e616d65223b733a31303a225847503530302d564143223b733a353a227072696365223b643a3936303330303b733a31323a2270726963655f6265666f7265223b733a373a2231363030353030223b733a333a22717479223b643a313b733a333a22676272223b733a33363a2232623064323237626466393833613864303035656630623230333738363135612e4a5047223b733a383a2269645f6272616e64223b733a313a2232223b733a353a22726f776964223b733a33323a226533363938353364663736366661343465316564306666363133663536336264223b733a383a22737562746f74616c223b643a3936303330303b7d7d);
INSERT INTO `ci_sessions` (`id`, `ip_address`, `timestamp`, `data`) VALUES
('ev8qit12f5qlkj5m6odd6vt00b5ks049', '::1', 1536830316, 0x5f5f63695f6c6173745f726567656e65726174657c693a313533363833303331363b637573746f6d65725f69647c733a313a2237223b637573746f6d65725f6e616d615f757365727c733a31353a2241726468692052616d616468616e73223b637573746f6d65725f656d61696c5f757365727c733a31343a2272616d6140676d61696c2e636f6d223b637573746f6d65725f6c6f67696e5f73657373696f6e7c733a383a227575326365703169223b637573746f6d65725f746573745f73657373696f6e7c733a31353a224164612053657373696f6e204b6f6b223b637573746f6d65725f6c6576656c7c733a313a2234223b637573746f6d65725f70686f746f7c733a33363a2234393731343136336230313737393939636366373032656464346231333465382e6a7067223b637573746f6d65725f7065727573616861616e7c733a32313a2250542e2047726f6f746820546563686e6f6c6f6779223b637573746f6d65725f616c616d61747c733a34343a22506572756d6168616e204d75746961726120476164696e672054696d757220426c6f6b204b2032206e6f2037223b6b6563616d6174616e5f6b656c75726168616e7c733a31323a224d757374696b61204a617961223b637573746f6d65725f6b6f64655f706f737c733a353a223137313535223b637573746f6d65725f6e6f5f74656c707c733a31333a2230383231313332323238383334223b69647c4e3b6e616d615f757365727c733a31343a2241726468692052616d616468616e223b656d61696c5f757365727c733a31343a2272616d6140676d61696c2e636f6d223b6c6f67696e5f73657373696f6e7c733a373a22616c6c6f776564223b746573745f73657373696f6e7c733a31353a224164612053657373696f6e204b6f6b223b6c6576656c7c733a323a223130223b70686f746f7c733a33363a2239356165383035626530613938303863356137383830356534373733373233322e6a7067223b636172745f636f6e74656e74737c613a353a7b733a31303a22636172745f746f74616c223b643a323130313536303b733a31313a22746f74616c5f6974656d73223b643a333b733a33323a223139636131346537656136333238613432653065623133643538356534633232223b613a393a7b733a323a226964223b733a323a223336223b733a343a226e616d65223b733a363a22424a55393930223b733a353a227072696365223b643a3534303030303b733a31323a2270726963655f6265666f7265223b733a363a22393030303030223b733a333a22717479223b643a313b733a333a22676272223b733a33363a2235393036666462303661363138326236363632653565616633616431313533652e6a7067223b733a383a2269645f6272616e64223b733a313a2232223b733a353a22726f776964223b733a33323a223139636131346537656136333238613432653065623133643538356534633232223b733a383a22737562746f74616c223b643a3534303030303b7d733a33323a223163333833636433306237633239386162353032393361646665636237623138223b613a393a7b733a323a226964223b733a323a223335223b733a343a226e616d65223b733a31313a22455a433130304833313030223b733a353a227072696365223b643a3630313236303b733a31323a2270726963655f6265666f7265223b733a373a2231303032313030223b733a333a22717479223b643a313b733a333a22676272223b733a33363a2230393539353339363962373836346635633431643161633465356133633430302e4a5047223b733a383a2269645f6272616e64223b733a313a2232223b733a353a22726f776964223b733a33323a223163333833636433306237633239386162353032393361646665636237623138223b733a383a22737562746f74616c223b643a3630313236303b7d733a33323a226533363938353364663736366661343465316564306666363133663536336264223b613a393a7b733a323a226964223b733a323a223334223b733a343a226e616d65223b733a31303a225847503530302d564143223b733a353a227072696365223b643a3936303330303b733a31323a2270726963655f6265666f7265223b733a373a2231363030353030223b733a333a22717479223b643a313b733a333a22676272223b733a33363a2232623064323237626466393833613864303035656630623230333738363135612e4a5047223b733a383a2269645f6272616e64223b733a313a2232223b733a353a22726f776964223b733a33323a226533363938353364663736366661343465316564306666363133663536336264223b733a383a22737562746f74616c223b643a3936303330303b7d7d),
('fc69q2sudouh8u75acpuualb8qvo111f', '::1', 1536839827, 0x5f5f63695f6c6173745f726567656e65726174657c693a313533363833393832373b637573746f6d65725f69647c733a313a2237223b637573746f6d65725f6e616d615f757365727c733a31353a2241726468692052616d616468616e73223b637573746f6d65725f656d61696c5f757365727c733a31343a2272616d6140676d61696c2e636f6d223b637573746f6d65725f6c6f67696e5f73657373696f6e7c733a383a227575326365703169223b637573746f6d65725f746573745f73657373696f6e7c733a31353a224164612053657373696f6e204b6f6b223b637573746f6d65725f6c6576656c7c733a313a2234223b637573746f6d65725f70686f746f7c733a33363a2234393731343136336230313737393939636366373032656464346231333465382e6a7067223b637573746f6d65725f7065727573616861616e7c733a32313a2250542e2047726f6f746820546563686e6f6c6f6779223b637573746f6d65725f616c616d61747c733a34343a22506572756d6168616e204d75746961726120476164696e672054696d757220426c6f6b204b2032206e6f2037223b6b6563616d6174616e5f6b656c75726168616e7c733a31323a224d757374696b61204a617961223b637573746f6d65725f6b6f64655f706f737c733a353a223137313535223b637573746f6d65725f6e6f5f74656c707c733a31333a2230383231313332323238383334223b69647c4e3b6e616d615f757365727c733a31343a2241726468692052616d616468616e223b656d61696c5f757365727c733a31343a2272616d6140676d61696c2e636f6d223b6c6f67696e5f73657373696f6e7c733a373a22616c6c6f776564223b746573745f73657373696f6e7c733a31353a224164612053657373696f6e204b6f6b223b6c6576656c7c733a323a223130223b70686f746f7c733a33363a2239356165383035626530613938303863356137383830356534373733373233322e6a7067223b),
('g875k3a4dfgcjhepv1504dthe0kq017t', '::1', 1536836091, 0x5f5f63695f6c6173745f726567656e65726174657c693a313533363833363039313b637573746f6d65725f69647c733a313a2237223b637573746f6d65725f6e616d615f757365727c733a31353a2241726468692052616d616468616e73223b637573746f6d65725f656d61696c5f757365727c733a31343a2272616d6140676d61696c2e636f6d223b637573746f6d65725f6c6f67696e5f73657373696f6e7c733a383a227575326365703169223b637573746f6d65725f746573745f73657373696f6e7c733a31353a224164612053657373696f6e204b6f6b223b637573746f6d65725f6c6576656c7c733a313a2234223b637573746f6d65725f70686f746f7c733a33363a2234393731343136336230313737393939636366373032656464346231333465382e6a7067223b637573746f6d65725f7065727573616861616e7c733a32313a2250542e2047726f6f746820546563686e6f6c6f6779223b637573746f6d65725f616c616d61747c733a34343a22506572756d6168616e204d75746961726120476164696e672054696d757220426c6f6b204b2032206e6f2037223b6b6563616d6174616e5f6b656c75726168616e7c733a31323a224d757374696b61204a617961223b637573746f6d65725f6b6f64655f706f737c733a353a223137313535223b637573746f6d65725f6e6f5f74656c707c733a31333a2230383231313332323238383334223b69647c4e3b6e616d615f757365727c733a31343a2241726468692052616d616468616e223b656d61696c5f757365727c733a31343a2272616d6140676d61696c2e636f6d223b6c6f67696e5f73657373696f6e7c733a373a22616c6c6f776564223b746573745f73657373696f6e7c733a31353a224164612053657373696f6e204b6f6b223b6c6576656c7c733a323a223130223b70686f746f7c733a33363a2239356165383035626530613938303863356137383830356534373733373233322e6a7067223b636172745f636f6e74656e74737c613a343a7b733a31303a22636172745f746f74616c223b643a313134313236303b733a31313a22746f74616c5f6974656d73223b643a323b733a33323a223139636131346537656136333238613432653065623133643538356534633232223b613a393a7b733a323a226964223b733a323a223336223b733a343a226e616d65223b733a363a22424a55393930223b733a353a227072696365223b643a3534303030303b733a31323a2270726963655f6265666f7265223b733a363a22393030303030223b733a333a22717479223b643a313b733a333a22676272223b733a33363a2235393036666462303661363138326236363632653565616633616431313533652e6a7067223b733a383a2269645f6272616e64223b733a313a2232223b733a353a22726f776964223b733a33323a223139636131346537656136333238613432653065623133643538356534633232223b733a383a22737562746f74616c223b643a3534303030303b7d733a33323a223163333833636433306237633239386162353032393361646665636237623138223b613a393a7b733a323a226964223b733a323a223335223b733a343a226e616d65223b733a31313a22455a433130304833313030223b733a353a227072696365223b643a3630313236303b733a31323a2270726963655f6265666f7265223b733a373a2231303032313030223b733a333a22717479223b643a313b733a333a22676272223b733a33363a2230393539353339363962373836346635633431643161633465356133633430302e4a5047223b733a383a2269645f6272616e64223b733a313a2232223b733a353a22726f776964223b733a33323a223163333833636433306237633239386162353032393361646665636237623138223b733a383a22737562746f74616c223b643a3630313236303b7d7d),
('gnt53kkbdt09p739blkl36jqsmtoaha9', '::1', 1536829582, 0x5f5f63695f6c6173745f726567656e65726174657c693a313533363832393538313b637573746f6d65725f69647c733a313a2237223b637573746f6d65725f6e616d615f757365727c733a31353a2241726468692052616d616468616e73223b637573746f6d65725f656d61696c5f757365727c733a31343a2272616d6140676d61696c2e636f6d223b637573746f6d65725f6c6f67696e5f73657373696f6e7c733a383a227575326365703169223b637573746f6d65725f746573745f73657373696f6e7c733a31353a224164612053657373696f6e204b6f6b223b637573746f6d65725f6c6576656c7c733a313a2234223b637573746f6d65725f70686f746f7c733a33363a2234393731343136336230313737393939636366373032656464346231333465382e6a7067223b637573746f6d65725f7065727573616861616e7c733a32313a2250542e2047726f6f746820546563686e6f6c6f6779223b637573746f6d65725f616c616d61747c733a34343a22506572756d6168616e204d75746961726120476164696e672054696d757220426c6f6b204b2032206e6f2037223b6b6563616d6174616e5f6b656c75726168616e7c733a31323a224d757374696b61204a617961223b637573746f6d65725f6b6f64655f706f737c733a353a223137313535223b637573746f6d65725f6e6f5f74656c707c733a31333a2230383231313332323238383334223b69647c4e3b6e616d615f757365727c733a31343a2241726468692052616d616468616e223b656d61696c5f757365727c733a31343a2272616d6140676d61696c2e636f6d223b6c6f67696e5f73657373696f6e7c733a373a22616c6c6f776564223b746573745f73657373696f6e7c733a31353a224164612053657373696f6e204b6f6b223b6c6576656c7c733a323a223130223b70686f746f7c733a33363a2239356165383035626530613938303863356137383830356534373733373233322e6a7067223b636172745f636f6e74656e74737c613a353a7b733a31303a22636172745f746f74616c223b643a323130313536303b733a31313a22746f74616c5f6974656d73223b643a333b733a33323a223139636131346537656136333238613432653065623133643538356534633232223b613a393a7b733a323a226964223b733a323a223336223b733a343a226e616d65223b733a363a22424a55393930223b733a353a227072696365223b643a3534303030303b733a31323a2270726963655f6265666f7265223b733a363a22393030303030223b733a333a22717479223b643a313b733a333a22676272223b733a33363a2235393036666462303661363138326236363632653565616633616431313533652e6a7067223b733a383a2269645f6272616e64223b733a313a2232223b733a353a22726f776964223b733a33323a223139636131346537656136333238613432653065623133643538356534633232223b733a383a22737562746f74616c223b643a3534303030303b7d733a33323a223163333833636433306237633239386162353032393361646665636237623138223b613a393a7b733a323a226964223b733a323a223335223b733a343a226e616d65223b733a31313a22455a433130304833313030223b733a353a227072696365223b643a3630313236303b733a31323a2270726963655f6265666f7265223b733a373a2231303032313030223b733a333a22717479223b643a313b733a333a22676272223b733a33363a2230393539353339363962373836346635633431643161633465356133633430302e4a5047223b733a383a2269645f6272616e64223b733a313a2232223b733a353a22726f776964223b733a33323a223163333833636433306237633239386162353032393361646665636237623138223b733a383a22737562746f74616c223b643a3630313236303b7d733a33323a226533363938353364663736366661343465316564306666363133663536336264223b613a393a7b733a323a226964223b733a323a223334223b733a343a226e616d65223b733a31303a225847503530302d564143223b733a353a227072696365223b643a3936303330303b733a31323a2270726963655f6265666f7265223b733a373a2231363030353030223b733a333a22717479223b643a313b733a333a22676272223b733a33363a2232623064323237626466393833613864303035656630623230333738363135612e4a5047223b733a383a2269645f6272616e64223b733a313a2232223b733a353a22726f776964223b733a33323a226533363938353364663736366661343465316564306666363133663536336264223b733a383a22737562746f74616c223b643a3936303330303b7d7d),
('hialvgeqqqkdae3k3r9of5ejaldk8mp1', '::1', 1536822930, 0x5f5f63695f6c6173745f726567656e65726174657c693a313533363832323933303b637573746f6d65725f69647c733a313a2238223b637573746f6d65725f6e616d615f757365727c733a31323a22496d616d20526f68696d616d223b637573746f6d65725f656d61696c5f757365727c733a31353a22696d616d7340676d61696c2e636f6d223b637573746f6d65725f6c6f67696e5f73657373696f6e7c733a383a227575326365703169223b637573746f6d65725f746573745f73657373696f6e7c733a31353a224164612053657373696f6e204b6f6b223b637573746f6d65725f6c6576656c7c733a313a2230223b637573746f6d65725f70686f746f7c733a303a22223b637573746f6d65725f7065727573616861616e7c733a31313a225074202e204d616d707573223b637573746f6d65725f616c616d61747c733a31333a2252756b6f204173746572203130223b6b6563616d6174616e5f6b656c75726168616e7c733a31313a2247616c6178792043697479223b637573746f6d65725f6b6f64655f706f737c733a353a223137313535223b637573746f6d65725f6e6f5f74656c707c733a31323a22303832313030303030303030223b69647c4e3b6e616d615f757365727c733a31343a2241726468692052616d616468616e223b656d61696c5f757365727c733a31343a2272616d6140676d61696c2e636f6d223b6c6f67696e5f73657373696f6e7c733a373a22616c6c6f776564223b746573745f73657373696f6e7c733a31353a224164612053657373696f6e204b6f6b223b6c6576656c7c733a323a223130223b70686f746f7c733a33363a2239356165383035626530613938303863356137383830356534373733373233322e6a7067223b),
('hr9otsqg5vdrn25622i2os2drs3f380m', '::1', 1536839945, 0x5f5f63695f6c6173745f726567656e65726174657c693a313533363833393832373b637573746f6d65725f69647c733a313a2237223b637573746f6d65725f6e616d615f757365727c733a31353a2241726468692052616d616468616e73223b637573746f6d65725f656d61696c5f757365727c733a31343a2272616d6140676d61696c2e636f6d223b637573746f6d65725f6c6f67696e5f73657373696f6e7c733a383a227575326365703169223b637573746f6d65725f746573745f73657373696f6e7c733a31353a224164612053657373696f6e204b6f6b223b637573746f6d65725f6c6576656c7c733a313a2234223b637573746f6d65725f70686f746f7c733a33363a2234393731343136336230313737393939636366373032656464346231333465382e6a7067223b637573746f6d65725f7065727573616861616e7c733a32313a2250542e2047726f6f746820546563686e6f6c6f6779223b637573746f6d65725f616c616d61747c733a34343a22506572756d6168616e204d75746961726120476164696e672054696d757220426c6f6b204b2032206e6f2037223b6b6563616d6174616e5f6b656c75726168616e7c733a31323a224d757374696b61204a617961223b637573746f6d65725f6b6f64655f706f737c733a353a223137313535223b637573746f6d65725f6e6f5f74656c707c733a31333a2230383231313332323238383334223b69647c4e3b6e616d615f757365727c733a31343a2241726468692052616d616468616e223b656d61696c5f757365727c733a31343a2272616d6140676d61696c2e636f6d223b6c6f67696e5f73657373696f6e7c733a373a22616c6c6f776564223b746573745f73657373696f6e7c733a31353a224164612053657373696f6e204b6f6b223b6c6576656c7c733a323a223130223b70686f746f7c733a33363a2239356165383035626530613938303863356137383830356534373733373233322e6a7067223b),
('ilp9vp0qp05m2ol05kp2kgcqi9l21h6d', '::1', 1536820370, 0x5f5f63695f6c6173745f726567656e65726174657c693a313533363832303337303b637573746f6d65725f69647c733a313a2237223b637573746f6d65725f6e616d615f757365727c733a31353a2241726468692052616d616468616e73223b637573746f6d65725f656d61696c5f757365727c733a31343a2272616d6140676d61696c2e636f6d223b637573746f6d65725f6c6f67696e5f73657373696f6e7c733a383a227575326365703169223b637573746f6d65725f746573745f73657373696f6e7c733a31353a224164612053657373696f6e204b6f6b223b637573746f6d65725f6c6576656c7c733a313a2234223b637573746f6d65725f70686f746f7c733a33363a2234393731343136336230313737393939636366373032656464346231333465382e6a7067223b637573746f6d65725f7065727573616861616e7c733a32313a2250542e2047726f6f746820546563686e6f6c6f6779223b637573746f6d65725f616c616d61747c733a34343a22506572756d6168616e204d75746961726120476164696e672054696d757220426c6f6b204b2032206e6f2037223b6b6563616d6174616e5f6b656c75726168616e7c733a31323a224d757374696b61204a617961223b637573746f6d65725f6b6f64655f706f737c733a353a223137313535223b637573746f6d65725f6e6f5f74656c707c733a31333a2230383231313332323238383334223b69647c4e3b6e616d615f757365727c733a31343a2241726468692052616d616468616e223b656d61696c5f757365727c733a31343a2272616d6140676d61696c2e636f6d223b6c6f67696e5f73657373696f6e7c733a373a22616c6c6f776564223b746573745f73657373696f6e7c733a31353a224164612053657373696f6e204b6f6b223b6c6576656c7c733a323a223130223b70686f746f7c733a33363a2239356165383035626530613938303863356137383830356534373733373233322e6a7067223b),
('llnvpgknc1jsoerhge8m739k8jqgrvri', '::1', 1536825347, 0x5f5f63695f6c6173745f726567656e65726174657c693a313533363832353334373b637573746f6d65725f69647c733a313a2237223b637573746f6d65725f6e616d615f757365727c733a31353a2241726468692052616d616468616e73223b637573746f6d65725f656d61696c5f757365727c733a31343a2272616d6140676d61696c2e636f6d223b637573746f6d65725f6c6f67696e5f73657373696f6e7c733a383a227575326365703169223b637573746f6d65725f746573745f73657373696f6e7c733a31353a224164612053657373696f6e204b6f6b223b637573746f6d65725f6c6576656c7c733a313a2234223b637573746f6d65725f70686f746f7c733a33363a2234393731343136336230313737393939636366373032656464346231333465382e6a7067223b637573746f6d65725f7065727573616861616e7c733a32313a2250542e2047726f6f746820546563686e6f6c6f6779223b637573746f6d65725f616c616d61747c733a34343a22506572756d6168616e204d75746961726120476164696e672054696d757220426c6f6b204b2032206e6f2037223b6b6563616d6174616e5f6b656c75726168616e7c733a31323a224d757374696b61204a617961223b637573746f6d65725f6b6f64655f706f737c733a353a223137313535223b637573746f6d65725f6e6f5f74656c707c733a31333a2230383231313332323238383334223b636172745f636f6e74656e74737c613a353a7b733a31303a22636172745f746f74616c223b643a353532353334303b733a31313a22746f74616c5f6974656d73223b643a393b733a33323a226533363938353364663736366661343465316564306666363133663536336264223b613a393a7b733a323a226964223b733a323a223334223b733a343a226e616d65223b733a31303a225847503530302d564143223b733a353a227072696365223b643a3936303330303b733a31323a2270726963655f6265666f7265223b733a373a2231363030353030223b733a333a22717479223b643a313b733a333a22676272223b733a33363a2232623064323237626466393833613864303035656630623230333738363135612e4a5047223b733a383a2269645f6272616e64223b733a313a2232223b733a353a22726f776964223b733a33323a226533363938353364663736366661343465316564306666363133663536336264223b733a383a22737562746f74616c223b643a3936303330303b7d733a33323a223163333833636433306237633239386162353032393361646665636237623138223b613a393a7b733a323a226964223b733a323a223335223b733a343a226e616d65223b733a31313a22455a433130304833313030223b733a353a227072696365223b643a3630313236303b733a31323a2270726963655f6265666f7265223b733a373a2231303032313030223b733a333a22717479223b643a343b733a333a22676272223b733a33363a2230393539353339363962373836346635633431643161633465356133633430302e4a5047223b733a383a2269645f6272616e64223b733a313a2232223b733a353a22726f776964223b733a33323a223163333833636433306237633239386162353032393361646665636237623138223b733a383a22737562746f74616c223b643a323430353034303b7d733a33323a223139636131346537656136333238613432653065623133643538356534633232223b613a393a7b733a323a226964223b733a323a223336223b733a343a226e616d65223b733a363a22424a55393930223b733a353a227072696365223b643a3534303030303b733a31323a2270726963655f6265666f7265223b733a363a22393030303030223b733a333a22717479223b643a343b733a333a22676272223b733a33363a2235393036666462303661363138326236363632653565616633616431313533652e6a7067223b733a383a2269645f6272616e64223b733a313a2232223b733a353a22726f776964223b733a33323a223139636131346537656136333238613432653065623133643538356534633232223b733a383a22737562746f74616c223b643a323136303030303b7d7d),
('mdig08s94b86fa38pdd8im010njr4jh0', '::1', 1536827394, 0x5f5f63695f6c6173745f726567656e65726174657c693a313533363832373339343b637573746f6d65725f69647c733a313a2237223b637573746f6d65725f6e616d615f757365727c733a31353a2241726468692052616d616468616e73223b637573746f6d65725f656d61696c5f757365727c733a31343a2272616d6140676d61696c2e636f6d223b637573746f6d65725f6c6f67696e5f73657373696f6e7c733a383a227575326365703169223b637573746f6d65725f746573745f73657373696f6e7c733a31353a224164612053657373696f6e204b6f6b223b637573746f6d65725f6c6576656c7c733a313a2234223b637573746f6d65725f70686f746f7c733a33363a2234393731343136336230313737393939636366373032656464346231333465382e6a7067223b637573746f6d65725f7065727573616861616e7c733a32313a2250542e2047726f6f746820546563686e6f6c6f6779223b637573746f6d65725f616c616d61747c733a34343a22506572756d6168616e204d75746961726120476164696e672054696d757220426c6f6b204b2032206e6f2037223b6b6563616d6174616e5f6b656c75726168616e7c733a31323a224d757374696b61204a617961223b637573746f6d65725f6b6f64655f706f737c733a353a223137313535223b637573746f6d65725f6e6f5f74656c707c733a31333a2230383231313332323238383334223b636172745f636f6e74656e74737c613a343a7b733a31303a22636172745f746f74616c223b643a373230303930303b733a31313a22746f74616c5f6974656d73223b643a31313b733a33323a226533363938353364663736366661343465316564306666363133663536336264223b613a393a7b733a323a226964223b733a323a223334223b733a343a226e616d65223b733a31303a225847503530302d564143223b733a353a227072696365223b643a3936303330303b733a31323a2270726963655f6265666f7265223b733a373a2231363030353030223b733a333a22717479223b643a333b733a333a22676272223b733a33363a2232623064323237626466393833613864303035656630623230333738363135612e4a5047223b733a383a2269645f6272616e64223b733a313a2232223b733a353a22726f776964223b733a33323a226533363938353364663736366661343465316564306666363133663536336264223b733a383a22737562746f74616c223b643a323838303930303b7d733a33323a223139636131346537656136333238613432653065623133643538356534633232223b613a393a7b733a323a226964223b733a323a223336223b733a343a226e616d65223b733a363a22424a55393930223b733a353a227072696365223b643a3534303030303b733a31323a2270726963655f6265666f7265223b733a363a22393030303030223b733a333a22717479223b643a383b733a333a22676272223b733a33363a2235393036666462303661363138326236363632653565616633616431313533652e6a7067223b733a383a2269645f6272616e64223b733a313a2232223b733a353a22726f776964223b733a33323a223139636131346537656136333238613432653065623133643538356534633232223b733a383a22737562746f74616c223b643a343332303030303b7d7d),
('mhipuelsritgi7vc23nrbfgte5049ko1', '::1', 1536839086, 0x5f5f63695f6c6173745f726567656e65726174657c693a313533363833393038363b69647c4e3b6e616d615f757365727c733a31343a2241726468692052616d616468616e223b656d61696c5f757365727c733a31343a2272616d6140676d61696c2e636f6d223b6c6f67696e5f73657373696f6e7c733a373a22616c6c6f776564223b746573745f73657373696f6e7c733a31353a224164612053657373696f6e204b6f6b223b6c6576656c7c733a323a223130223b70686f746f7c733a33363a2239356165383035626530613938303863356137383830356534373733373233322e6a7067223b636172745f636f6e74656e74737c613a353a7b733a31303a22636172745f746f74616c223b643a373734393432303b733a31313a22746f74616c5f6974656d73223b643a31323b733a33323a223139636131346537656136333238613432653065623133643538356534633232223b613a393a7b733a323a226964223b733a323a223336223b733a343a226e616d65223b733a363a22424a55393930223b733a353a227072696365223b643a3534303030303b733a31323a2270726963655f6265666f7265223b733a363a22393030303030223b733a333a22717479223b643a333b733a333a22676272223b733a33363a2235393036666462303661363138326236363632653565616633616431313533652e6a7067223b733a383a2269645f6272616e64223b733a313a2232223b733a353a22726f776964223b733a33323a223139636131346537656136333238613432653065623133643538356534633232223b733a383a22737562746f74616c223b643a313632303030303b7d733a33323a223163333833636433306237633239386162353032393361646665636237623138223b613a393a7b733a323a226964223b733a323a223335223b733a343a226e616d65223b733a31313a22455a433130304833313030223b733a353a227072696365223b643a3630313236303b733a31323a2270726963655f6265666f7265223b733a373a2231303032313030223b733a333a22717479223b643a373b733a333a22676272223b733a33363a2230393539353339363962373836346635633431643161633465356133633430302e4a5047223b733a383a2269645f6272616e64223b733a313a2232223b733a353a22726f776964223b733a33323a223163333833636433306237633239386162353032393361646665636237623138223b733a383a22737562746f74616c223b643a343230383832303b7d733a33323a226533363938353364663736366661343465316564306666363133663536336264223b613a393a7b733a323a226964223b733a323a223334223b733a343a226e616d65223b733a31303a225847503530302d564143223b733a353a227072696365223b643a3936303330303b733a31323a2270726963655f6265666f7265223b4e3b733a333a22717479223b643a323b733a333a22676272223b733a33363a2232623064323237626466393833613864303035656630623230333738363135612e4a5047223b733a383a2269645f6272616e64223b4e3b733a353a22726f776964223b733a33323a226533363938353364663736366661343465316564306666363133663536336264223b733a383a22737562746f74616c223b643a313932303630303b7d7d637573746f6d65725f69647c733a313a2237223b637573746f6d65725f6e616d615f757365727c733a31353a2241726468692052616d616468616e73223b637573746f6d65725f656d61696c5f757365727c733a31343a2272616d6140676d61696c2e636f6d223b637573746f6d65725f6c6f67696e5f73657373696f6e7c733a383a227575326365703169223b637573746f6d65725f746573745f73657373696f6e7c733a31353a224164612053657373696f6e204b6f6b223b637573746f6d65725f6c6576656c7c733a313a2234223b637573746f6d65725f70686f746f7c733a33363a2234393731343136336230313737393939636366373032656464346231333465382e6a7067223b637573746f6d65725f7065727573616861616e7c733a32313a2250542e2047726f6f746820546563686e6f6c6f6779223b637573746f6d65725f616c616d61747c733a34343a22506572756d6168616e204d75746961726120476164696e672054696d757220426c6f6b204b2032206e6f2037223b6b6563616d6174616e5f6b656c75726168616e7c733a31323a224d757374696b61204a617961223b637573746f6d65725f6b6f64655f706f737c733a353a223137313535223b637573746f6d65725f6e6f5f74656c707c733a31333a2230383231313332323238383334223b),
('mich3gd7rbf67fll6t2hkiliu6u9scr1', '::1', 1536821450, 0x5f5f63695f6c6173745f726567656e65726174657c693a313533363832313435303b637573746f6d65725f69647c733a313a2237223b637573746f6d65725f6e616d615f757365727c733a31353a2241726468692052616d616468616e73223b637573746f6d65725f656d61696c5f757365727c733a31343a2272616d6140676d61696c2e636f6d223b637573746f6d65725f6c6f67696e5f73657373696f6e7c733a383a227575326365703169223b637573746f6d65725f746573745f73657373696f6e7c733a31353a224164612053657373696f6e204b6f6b223b637573746f6d65725f6c6576656c7c733a313a2234223b637573746f6d65725f70686f746f7c733a33363a2234393731343136336230313737393939636366373032656464346231333465382e6a7067223b637573746f6d65725f7065727573616861616e7c733a32313a2250542e2047726f6f746820546563686e6f6c6f6779223b637573746f6d65725f616c616d61747c733a34343a22506572756d6168616e204d75746961726120476164696e672054696d757220426c6f6b204b2032206e6f2037223b6b6563616d6174616e5f6b656c75726168616e7c733a31323a224d757374696b61204a617961223b637573746f6d65725f6b6f64655f706f737c733a353a223137313535223b637573746f6d65725f6e6f5f74656c707c733a31333a2230383231313332323238383334223b69647c4e3b6e616d615f757365727c733a31343a2241726468692052616d616468616e223b656d61696c5f757365727c733a31343a2272616d6140676d61696c2e636f6d223b6c6f67696e5f73657373696f6e7c733a373a22616c6c6f776564223b746573745f73657373696f6e7c733a31353a224164612053657373696f6e204b6f6b223b6c6576656c7c733a323a223130223b70686f746f7c733a33363a2239356165383035626530613938303863356137383830356534373733373233322e6a7067223b),
('o2ktvirsj3l1bp6jmb0jarqb16gadq5a', '::1', 1536834525, 0x5f5f63695f6c6173745f726567656e65726174657c693a313533363833343532353b637573746f6d65725f69647c733a313a2237223b637573746f6d65725f6e616d615f757365727c733a31353a2241726468692052616d616468616e73223b637573746f6d65725f656d61696c5f757365727c733a31343a2272616d6140676d61696c2e636f6d223b637573746f6d65725f6c6f67696e5f73657373696f6e7c733a383a227575326365703169223b637573746f6d65725f746573745f73657373696f6e7c733a31353a224164612053657373696f6e204b6f6b223b637573746f6d65725f6c6576656c7c733a313a2234223b637573746f6d65725f70686f746f7c733a33363a2234393731343136336230313737393939636366373032656464346231333465382e6a7067223b637573746f6d65725f7065727573616861616e7c733a32313a2250542e2047726f6f746820546563686e6f6c6f6779223b637573746f6d65725f616c616d61747c733a34343a22506572756d6168616e204d75746961726120476164696e672054696d757220426c6f6b204b2032206e6f2037223b6b6563616d6174616e5f6b656c75726168616e7c733a31323a224d757374696b61204a617961223b637573746f6d65725f6b6f64655f706f737c733a353a223137313535223b637573746f6d65725f6e6f5f74656c707c733a31333a2230383231313332323238383334223b69647c4e3b6e616d615f757365727c733a31343a2241726468692052616d616468616e223b656d61696c5f757365727c733a31343a2272616d6140676d61696c2e636f6d223b6c6f67696e5f73657373696f6e7c733a373a22616c6c6f776564223b746573745f73657373696f6e7c733a31353a224164612053657373696f6e204b6f6b223b6c6576656c7c733a323a223130223b70686f746f7c733a33363a2239356165383035626530613938303863356137383830356534373733373233322e6a7067223b636172745f636f6e74656e74737c613a353a7b733a31303a22636172745f746f74616c223b643a323130313536303b733a31313a22746f74616c5f6974656d73223b643a333b733a33323a223139636131346537656136333238613432653065623133643538356534633232223b613a393a7b733a323a226964223b733a323a223336223b733a343a226e616d65223b733a363a22424a55393930223b733a353a227072696365223b643a3534303030303b733a31323a2270726963655f6265666f7265223b733a363a22393030303030223b733a333a22717479223b643a313b733a333a22676272223b733a33363a2235393036666462303661363138326236363632653565616633616431313533652e6a7067223b733a383a2269645f6272616e64223b733a313a2232223b733a353a22726f776964223b733a33323a223139636131346537656136333238613432653065623133643538356534633232223b733a383a22737562746f74616c223b643a3534303030303b7d733a33323a223163333833636433306237633239386162353032393361646665636237623138223b613a393a7b733a323a226964223b733a323a223335223b733a343a226e616d65223b733a31313a22455a433130304833313030223b733a353a227072696365223b643a3630313236303b733a31323a2270726963655f6265666f7265223b733a373a2231303032313030223b733a333a22717479223b643a313b733a333a22676272223b733a33363a2230393539353339363962373836346635633431643161633465356133633430302e4a5047223b733a383a2269645f6272616e64223b733a313a2232223b733a353a22726f776964223b733a33323a223163333833636433306237633239386162353032393361646665636237623138223b733a383a22737562746f74616c223b643a3630313236303b7d733a33323a226533363938353364663736366661343465316564306666363133663536336264223b613a393a7b733a323a226964223b733a323a223334223b733a343a226e616d65223b733a31303a225847503530302d564143223b733a353a227072696365223b643a3936303330303b733a31323a2270726963655f6265666f7265223b733a373a2231363030353030223b733a333a22717479223b643a313b733a333a22676272223b733a33363a2232623064323237626466393833613864303035656630623230333738363135612e4a5047223b733a383a2269645f6272616e64223b733a313a2232223b733a353a22726f776964223b733a33323a226533363938353364663736366661343465316564306666363133663536336264223b733a383a22737562746f74616c223b643a3936303330303b7d7d),
('ochtubku2gv3vqtu9raga96kandgmt0i', '::1', 1536836763, 0x5f5f63695f6c6173745f726567656e65726174657c693a313533363833363736333b637573746f6d65725f69647c733a313a2237223b637573746f6d65725f6e616d615f757365727c733a31353a2241726468692052616d616468616e73223b637573746f6d65725f656d61696c5f757365727c733a31343a2272616d6140676d61696c2e636f6d223b637573746f6d65725f6c6f67696e5f73657373696f6e7c733a383a227575326365703169223b637573746f6d65725f746573745f73657373696f6e7c733a31353a224164612053657373696f6e204b6f6b223b637573746f6d65725f6c6576656c7c733a313a2234223b637573746f6d65725f70686f746f7c733a33363a2234393731343136336230313737393939636366373032656464346231333465382e6a7067223b637573746f6d65725f7065727573616861616e7c733a32313a2250542e2047726f6f746820546563686e6f6c6f6779223b637573746f6d65725f616c616d61747c733a34343a22506572756d6168616e204d75746961726120476164696e672054696d757220426c6f6b204b2032206e6f2037223b6b6563616d6174616e5f6b656c75726168616e7c733a31323a224d757374696b61204a617961223b637573746f6d65725f6b6f64655f706f737c733a353a223137313535223b637573746f6d65725f6e6f5f74656c707c733a31333a2230383231313332323238383334223b69647c4e3b6e616d615f757365727c733a31343a2241726468692052616d616468616e223b656d61696c5f757365727c733a31343a2272616d6140676d61696c2e636f6d223b6c6f67696e5f73657373696f6e7c733a373a22616c6c6f776564223b746573745f73657373696f6e7c733a31353a224164612053657373696f6e204b6f6b223b6c6576656c7c733a323a223130223b70686f746f7c733a33363a2239356165383035626530613938303863356137383830356534373733373233322e6a7067223b636172745f636f6e74656e74737c613a333a7b733a31303a22636172745f746f74616c223b643a333834313230303b733a31313a22746f74616c5f6974656d73223b643a343b733a33323a226533363938353364663736366661343465316564306666363133663536336264223b613a393a7b733a323a226964223b733a323a223334223b733a343a226e616d65223b733a31303a225847503530302d564143223b733a353a227072696365223b643a3936303330303b733a31323a2270726963655f6265666f7265223b733a373a2231363030353030223b733a333a22717479223b643a343b733a333a22676272223b733a33363a2232623064323237626466393833613864303035656630623230333738363135612e4a5047223b733a383a2269645f6272616e64223b733a313a2232223b733a353a22726f776964223b733a33323a226533363938353364663736366661343465316564306666363133663536336264223b733a383a22737562746f74616c223b643a333834313230303b7d7d),
('oi8cmph4fnc59t2ee90a5c1v6nrd2enq', '::1', 1536824797, 0x5f5f63695f6c6173745f726567656e65726174657c693a313533363832343739373b637573746f6d65725f69647c733a313a2237223b637573746f6d65725f6e616d615f757365727c733a31353a2241726468692052616d616468616e73223b637573746f6d65725f656d61696c5f757365727c733a31343a2272616d6140676d61696c2e636f6d223b637573746f6d65725f6c6f67696e5f73657373696f6e7c733a383a227575326365703169223b637573746f6d65725f746573745f73657373696f6e7c733a31353a224164612053657373696f6e204b6f6b223b637573746f6d65725f6c6576656c7c733a313a2234223b637573746f6d65725f70686f746f7c733a33363a2234393731343136336230313737393939636366373032656464346231333465382e6a7067223b637573746f6d65725f7065727573616861616e7c733a32313a2250542e2047726f6f746820546563686e6f6c6f6779223b637573746f6d65725f616c616d61747c733a34343a22506572756d6168616e204d75746961726120476164696e672054696d757220426c6f6b204b2032206e6f2037223b6b6563616d6174616e5f6b656c75726168616e7c733a31323a224d757374696b61204a617961223b637573746f6d65725f6b6f64655f706f737c733a353a223137313535223b637573746f6d65725f6e6f5f74656c707c733a31333a2230383231313332323238383334223b636172745f636f6e74656e74737c613a353a7b733a31303a22636172745f746f74616c223b643a343932343038303b733a31313a22746f74616c5f6974656d73223b643a383b733a33323a226533363938353364663736366661343465316564306666363133663536336264223b613a393a7b733a323a226964223b733a323a223334223b733a343a226e616d65223b733a31303a225847503530302d564143223b733a353a227072696365223b643a3936303330303b733a31323a2270726963655f6265666f7265223b733a373a2231363030353030223b733a333a22717479223b643a313b733a333a22676272223b733a33363a2232623064323237626466393833613864303035656630623230333738363135612e4a5047223b733a383a2269645f6272616e64223b733a313a2232223b733a353a22726f776964223b733a33323a226533363938353364663736366661343465316564306666363133663536336264223b733a383a22737562746f74616c223b643a3936303330303b7d733a33323a223163333833636433306237633239386162353032393361646665636237623138223b613a393a7b733a323a226964223b733a323a223335223b733a343a226e616d65223b733a31313a22455a433130304833313030223b733a353a227072696365223b643a3630313236303b733a31323a2270726963655f6265666f7265223b733a373a2231303032313030223b733a333a22717479223b643a333b733a333a22676272223b733a33363a2230393539353339363962373836346635633431643161633465356133633430302e4a5047223b733a383a2269645f6272616e64223b733a313a2232223b733a353a22726f776964223b733a33323a223163333833636433306237633239386162353032393361646665636237623138223b733a383a22737562746f74616c223b643a313830333738303b7d733a33323a223139636131346537656136333238613432653065623133643538356534633232223b613a393a7b733a323a226964223b733a323a223336223b733a343a226e616d65223b733a363a22424a55393930223b733a353a227072696365223b643a3534303030303b733a31323a2270726963655f6265666f7265223b733a363a22393030303030223b733a333a22717479223b643a343b733a333a22676272223b733a33363a2235393036666462303661363138326236363632653565616633616431313533652e6a7067223b733a383a2269645f6272616e64223b733a313a2232223b733a353a22726f776964223b733a33323a223139636131346537656136333238613432653065623133643538356534633232223b733a383a22737562746f74616c223b643a323136303030303b7d7d),
('omunjrm6fm56q6ob9juoguholsbmotov', '::1', 1536821036, 0x5f5f63695f6c6173745f726567656e65726174657c693a313533363832313033363b637573746f6d65725f69647c733a313a2237223b637573746f6d65725f6e616d615f757365727c733a31353a2241726468692052616d616468616e73223b637573746f6d65725f656d61696c5f757365727c733a31343a2272616d6140676d61696c2e636f6d223b637573746f6d65725f6c6f67696e5f73657373696f6e7c733a383a227575326365703169223b637573746f6d65725f746573745f73657373696f6e7c733a31353a224164612053657373696f6e204b6f6b223b637573746f6d65725f6c6576656c7c733a313a2234223b637573746f6d65725f70686f746f7c733a33363a2234393731343136336230313737393939636366373032656464346231333465382e6a7067223b637573746f6d65725f7065727573616861616e7c733a32313a2250542e2047726f6f746820546563686e6f6c6f6779223b637573746f6d65725f616c616d61747c733a34343a22506572756d6168616e204d75746961726120476164696e672054696d757220426c6f6b204b2032206e6f2037223b6b6563616d6174616e5f6b656c75726168616e7c733a31323a224d757374696b61204a617961223b637573746f6d65725f6b6f64655f706f737c733a353a223137313535223b637573746f6d65725f6e6f5f74656c707c733a31333a2230383231313332323238383334223b69647c4e3b6e616d615f757365727c733a31343a2241726468692052616d616468616e223b656d61696c5f757365727c733a31343a2272616d6140676d61696c2e636f6d223b6c6f67696e5f73657373696f6e7c733a373a22616c6c6f776564223b746573745f73657373696f6e7c733a31353a224164612053657373696f6e204b6f6b223b6c6576656c7c733a323a223130223b70686f746f7c733a33363a2239356165383035626530613938303863356137383830356534373733373233322e6a7067223b),
('p93u0fvsrais26suddiljfb83d5cjnac', '::1', 1536821780, 0x5f5f63695f6c6173745f726567656e65726174657c693a313533363832313738303b637573746f6d65725f69647c733a313a2237223b637573746f6d65725f6e616d615f757365727c733a31353a2241726468692052616d616468616e73223b637573746f6d65725f656d61696c5f757365727c733a31343a2272616d6140676d61696c2e636f6d223b637573746f6d65725f6c6f67696e5f73657373696f6e7c733a383a227575326365703169223b637573746f6d65725f746573745f73657373696f6e7c733a31353a224164612053657373696f6e204b6f6b223b637573746f6d65725f6c6576656c7c733a313a2234223b637573746f6d65725f70686f746f7c733a33363a2234393731343136336230313737393939636366373032656464346231333465382e6a7067223b637573746f6d65725f7065727573616861616e7c733a32313a2250542e2047726f6f746820546563686e6f6c6f6779223b637573746f6d65725f616c616d61747c733a34343a22506572756d6168616e204d75746961726120476164696e672054696d757220426c6f6b204b2032206e6f2037223b6b6563616d6174616e5f6b656c75726168616e7c733a31323a224d757374696b61204a617961223b637573746f6d65725f6b6f64655f706f737c733a353a223137313535223b637573746f6d65725f6e6f5f74656c707c733a31333a2230383231313332323238383334223b69647c4e3b6e616d615f757365727c733a31343a2241726468692052616d616468616e223b656d61696c5f757365727c733a31343a2272616d6140676d61696c2e636f6d223b6c6f67696e5f73657373696f6e7c733a373a22616c6c6f776564223b746573745f73657373696f6e7c733a31353a224164612053657373696f6e204b6f6b223b6c6576656c7c733a323a223130223b70686f746f7c733a33363a2239356165383035626530613938303863356137383830356534373733373233322e6a7067223b),
('pd55bfj8cmpcmv63k8bj9mo5dms819rc', '::1', 1536825648, 0x5f5f63695f6c6173745f726567656e65726174657c693a313533363832353634383b637573746f6d65725f69647c733a313a2237223b637573746f6d65725f6e616d615f757365727c733a31353a2241726468692052616d616468616e73223b637573746f6d65725f656d61696c5f757365727c733a31343a2272616d6140676d61696c2e636f6d223b637573746f6d65725f6c6f67696e5f73657373696f6e7c733a383a227575326365703169223b637573746f6d65725f746573745f73657373696f6e7c733a31353a224164612053657373696f6e204b6f6b223b637573746f6d65725f6c6576656c7c733a313a2234223b637573746f6d65725f70686f746f7c733a33363a2234393731343136336230313737393939636366373032656464346231333465382e6a7067223b637573746f6d65725f7065727573616861616e7c733a32313a2250542e2047726f6f746820546563686e6f6c6f6779223b637573746f6d65725f616c616d61747c733a34343a22506572756d6168616e204d75746961726120476164696e672054696d757220426c6f6b204b2032206e6f2037223b6b6563616d6174616e5f6b656c75726168616e7c733a31323a224d757374696b61204a617961223b637573746f6d65725f6b6f64655f706f737c733a353a223137313535223b637573746f6d65725f6e6f5f74656c707c733a31333a2230383231313332323238383334223b636172745f636f6e74656e74737c613a353a7b733a31303a22636172745f746f74616c223b643a383832393432303b733a31313a22746f74616c5f6974656d73223b643a31343b733a33323a226533363938353364663736366661343465316564306666363133663536336264223b613a393a7b733a323a226964223b733a323a223334223b733a343a226e616d65223b733a31303a225847503530302d564143223b733a353a227072696365223b643a3936303330303b733a31323a2270726963655f6265666f7265223b733a373a2231363030353030223b733a333a22717479223b643a323b733a333a22676272223b733a33363a2232623064323237626466393833613864303035656630623230333738363135612e4a5047223b733a383a2269645f6272616e64223b733a313a2232223b733a353a22726f776964223b733a33323a226533363938353364663736366661343465316564306666363133663536336264223b733a383a22737562746f74616c223b643a313932303630303b7d733a33323a223163333833636433306237633239386162353032393361646665636237623138223b613a393a7b733a323a226964223b733a323a223335223b733a343a226e616d65223b733a31313a22455a433130304833313030223b733a353a227072696365223b643a3630313236303b733a31323a2270726963655f6265666f7265223b733a373a2231303032313030223b733a333a22717479223b643a373b733a333a22676272223b733a33363a2230393539353339363962373836346635633431643161633465356133633430302e4a5047223b733a383a2269645f6272616e64223b733a313a2232223b733a353a22726f776964223b733a33323a223163333833636433306237633239386162353032393361646665636237623138223b733a383a22737562746f74616c223b643a343230383832303b7d733a33323a223139636131346537656136333238613432653065623133643538356534633232223b613a393a7b733a323a226964223b733a323a223336223b733a343a226e616d65223b733a363a22424a55393930223b733a353a227072696365223b643a3534303030303b733a31323a2270726963655f6265666f7265223b733a363a22393030303030223b733a333a22717479223b643a353b733a333a22676272223b733a33363a2235393036666462303661363138326236363632653565616633616431313533652e6a7067223b733a383a2269645f6272616e64223b733a313a2232223b733a353a22726f776964223b733a33323a223139636131346537656136333238613432653065623133643538356534633232223b733a383a22737562746f74616c223b643a323730303030303b7d7d),
('qmpd7mu2daeij6qbp89u6huvro2qsdjh', '::1', 1536823327, 0x5f5f63695f6c6173745f726567656e65726174657c693a313533363832333332373b69647c4e3b6e616d615f757365727c733a31343a2241726468692052616d616468616e223b656d61696c5f757365727c733a31343a2272616d6140676d61696c2e636f6d223b6c6f67696e5f73657373696f6e7c733a373a22616c6c6f776564223b746573745f73657373696f6e7c733a31353a224164612053657373696f6e204b6f6b223b6c6576656c7c733a323a223130223b70686f746f7c733a33363a2239356165383035626530613938303863356137383830356534373733373233322e6a7067223b636172745f636f6e74656e74737c613a343a7b733a31303a22636172745f746f74616c223b643a313134313236303b733a31313a22746f74616c5f6974656d73223b643a323b733a33323a223163333833636433306237633239386162353032393361646665636237623138223b613a393a7b733a323a226964223b733a323a223335223b733a343a226e616d65223b733a31313a22455a433130304833313030223b733a353a227072696365223b643a3630313236303b733a31323a2270726963655f6265666f7265223b733a373a2231303032313030223b733a333a22717479223b643a313b733a333a22676272223b733a33363a2230393539353339363962373836346635633431643161633465356133633430302e4a5047223b733a383a2269645f6272616e64223b733a313a2232223b733a353a22726f776964223b733a33323a223163333833636433306237633239386162353032393361646665636237623138223b733a383a22737562746f74616c223b643a3630313236303b7d733a33323a223139636131346537656136333238613432653065623133643538356534633232223b613a393a7b733a323a226964223b733a323a223336223b733a343a226e616d65223b733a363a22424a55393930223b733a353a227072696365223b643a3534303030303b733a31323a2270726963655f6265666f7265223b733a363a22393030303030223b733a333a22717479223b643a313b733a333a22676272223b733a33363a2235393036666462303661363138326236363632653565616633616431313533652e6a7067223b733a383a2269645f6272616e64223b733a313a2232223b733a353a22726f776964223b733a33323a223139636131346537656136333238613432653065623133643538356534633232223b733a383a22737562746f74616c223b643a3534303030303b7d7d637573746f6d65725f69647c733a313a2237223b637573746f6d65725f6e616d615f757365727c733a31353a2241726468692052616d616468616e73223b637573746f6d65725f656d61696c5f757365727c733a31343a2272616d6140676d61696c2e636f6d223b637573746f6d65725f6c6f67696e5f73657373696f6e7c733a383a227575326365703169223b637573746f6d65725f746573745f73657373696f6e7c733a31353a224164612053657373696f6e204b6f6b223b637573746f6d65725f6c6576656c7c733a313a2234223b637573746f6d65725f70686f746f7c733a33363a2234393731343136336230313737393939636366373032656464346231333465382e6a7067223b637573746f6d65725f7065727573616861616e7c733a32313a2250542e2047726f6f746820546563686e6f6c6f6779223b637573746f6d65725f616c616d61747c733a34343a22506572756d6168616e204d75746961726120476164696e672054696d757220426c6f6b204b2032206e6f2037223b6b6563616d6174616e5f6b656c75726168616e7c733a31323a224d757374696b61204a617961223b637573746f6d65725f6b6f64655f706f737c733a353a223137313535223b637573746f6d65725f6e6f5f74656c707c733a31333a2230383231313332323238383334223b),
('r1i6vvklmmvorc5pllq0agq7va3gp2s4', '::1', 1536825958, 0x5f5f63695f6c6173745f726567656e65726174657c693a313533363832353935383b637573746f6d65725f69647c733a313a2237223b637573746f6d65725f6e616d615f757365727c733a31353a2241726468692052616d616468616e73223b637573746f6d65725f656d61696c5f757365727c733a31343a2272616d6140676d61696c2e636f6d223b637573746f6d65725f6c6f67696e5f73657373696f6e7c733a383a227575326365703169223b637573746f6d65725f746573745f73657373696f6e7c733a31353a224164612053657373696f6e204b6f6b223b637573746f6d65725f6c6576656c7c733a313a2234223b637573746f6d65725f70686f746f7c733a33363a2234393731343136336230313737393939636366373032656464346231333465382e6a7067223b637573746f6d65725f7065727573616861616e7c733a32313a2250542e2047726f6f746820546563686e6f6c6f6779223b637573746f6d65725f616c616d61747c733a34343a22506572756d6168616e204d75746961726120476164696e672054696d757220426c6f6b204b2032206e6f2037223b6b6563616d6174616e5f6b656c75726168616e7c733a31323a224d757374696b61204a617961223b637573746f6d65725f6b6f64655f706f737c733a353a223137313535223b637573746f6d65725f6e6f5f74656c707c733a31333a2230383231313332323238383334223b636172745f636f6e74656e74737c613a353a7b733a31303a22636172745f746f74616c223b643a31303033313934303b733a31313a22746f74616c5f6974656d73223b643a31363b733a33323a226533363938353364663736366661343465316564306666363133663536336264223b613a393a7b733a323a226964223b733a323a223334223b733a343a226e616d65223b733a31303a225847503530302d564143223b733a353a227072696365223b643a3936303330303b733a31323a2270726963655f6265666f7265223b733a373a2231363030353030223b733a333a22717479223b643a323b733a333a22676272223b733a33363a2232623064323237626466393833613864303035656630623230333738363135612e4a5047223b733a383a2269645f6272616e64223b733a313a2232223b733a353a22726f776964223b733a33323a226533363938353364663736366661343465316564306666363133663536336264223b733a383a22737562746f74616c223b643a313932303630303b7d733a33323a223163333833636433306237633239386162353032393361646665636237623138223b613a393a7b733a323a226964223b733a323a223335223b733a343a226e616d65223b733a31313a22455a433130304833313030223b733a353a227072696365223b643a3630313236303b733a31323a2270726963655f6265666f7265223b733a373a2231303032313030223b733a333a22717479223b643a393b733a333a22676272223b733a33363a2230393539353339363962373836346635633431643161633465356133633430302e4a5047223b733a383a2269645f6272616e64223b733a313a2232223b733a353a22726f776964223b733a33323a223163333833636433306237633239386162353032393361646665636237623138223b733a383a22737562746f74616c223b643a353431313334303b7d733a33323a223139636131346537656136333238613432653065623133643538356534633232223b613a393a7b733a323a226964223b733a323a223336223b733a343a226e616d65223b733a363a22424a55393930223b733a353a227072696365223b643a3534303030303b733a31323a2270726963655f6265666f7265223b733a363a22393030303030223b733a333a22717479223b643a353b733a333a22676272223b733a33363a2235393036666462303661363138326236363632653565616633616431313533652e6a7067223b733a383a2269645f6272616e64223b733a313a2232223b733a353a22726f776964223b733a33323a223139636131346537656136333238613432653065623133643538356534633232223b733a383a22737562746f74616c223b643a323730303030303b7d7d),
('tv5vlqhe11cnrr02nm54m8uumrv4tm9a', '::1', 1536823647, 0x5f5f63695f6c6173745f726567656e65726174657c693a313533363832333634373b69647c4e3b6e616d615f757365727c733a31343a2241726468692052616d616468616e223b656d61696c5f757365727c733a31343a2272616d6140676d61696c2e636f6d223b6c6f67696e5f73657373696f6e7c733a373a22616c6c6f776564223b746573745f73657373696f6e7c733a31353a224164612053657373696f6e204b6f6b223b6c6576656c7c733a323a223130223b70686f746f7c733a33363a2239356165383035626530613938303863356137383830356534373733373233322e6a7067223b637573746f6d65725f69647c733a313a2237223b637573746f6d65725f6e616d615f757365727c733a31353a2241726468692052616d616468616e73223b637573746f6d65725f656d61696c5f757365727c733a31343a2272616d6140676d61696c2e636f6d223b637573746f6d65725f6c6f67696e5f73657373696f6e7c733a383a227575326365703169223b637573746f6d65725f746573745f73657373696f6e7c733a31353a224164612053657373696f6e204b6f6b223b637573746f6d65725f6c6576656c7c733a313a2234223b637573746f6d65725f70686f746f7c733a33363a2234393731343136336230313737393939636366373032656464346231333465382e6a7067223b637573746f6d65725f7065727573616861616e7c733a32313a2250542e2047726f6f746820546563686e6f6c6f6779223b637573746f6d65725f616c616d61747c733a34343a22506572756d6168616e204d75746961726120476164696e672054696d757220426c6f6b204b2032206e6f2037223b6b6563616d6174616e5f6b656c75726168616e7c733a31323a224d757374696b61204a617961223b637573746f6d65725f6b6f64655f706f737c733a353a223137313535223b637573746f6d65725f6e6f5f74656c707c733a31333a2230383231313332323238383334223b);
INSERT INTO `ci_sessions` (`id`, `ip_address`, `timestamp`, `data`) VALUES
('u4qtsfldk1k4dvchi41ru1q43e56c63q', '::1', 1536822084, 0x5f5f63695f6c6173745f726567656e65726174657c693a313533363832323038343b637573746f6d65725f69647c733a313a2237223b637573746f6d65725f6e616d615f757365727c733a31353a2241726468692052616d616468616e73223b637573746f6d65725f656d61696c5f757365727c733a31343a2272616d6140676d61696c2e636f6d223b637573746f6d65725f6c6f67696e5f73657373696f6e7c733a383a227575326365703169223b637573746f6d65725f746573745f73657373696f6e7c733a31353a224164612053657373696f6e204b6f6b223b637573746f6d65725f6c6576656c7c733a313a2234223b637573746f6d65725f70686f746f7c733a33363a2234393731343136336230313737393939636366373032656464346231333465382e6a7067223b637573746f6d65725f7065727573616861616e7c733a32313a2250542e2047726f6f746820546563686e6f6c6f6779223b637573746f6d65725f616c616d61747c733a34343a22506572756d6168616e204d75746961726120476164696e672054696d757220426c6f6b204b2032206e6f2037223b6b6563616d6174616e5f6b656c75726168616e7c733a31323a224d757374696b61204a617961223b637573746f6d65725f6b6f64655f706f737c733a353a223137313535223b637573746f6d65725f6e6f5f74656c707c733a31333a2230383231313332323238383334223b69647c4e3b6e616d615f757365727c733a31343a2241726468692052616d616468616e223b656d61696c5f757365727c733a31343a2272616d6140676d61696c2e636f6d223b6c6f67696e5f73657373696f6e7c733a373a22616c6c6f776564223b746573745f73657373696f6e7c733a31353a224164612053657373696f6e204b6f6b223b6c6576656c7c733a323a223130223b70686f746f7c733a33363a2239356165383035626530613938303863356137383830356534373733373233322e6a7067223b),
('ufsm7njfkcfdcq63vatveu0fj8sf3c6k', '::1', 1536824048, 0x5f5f63695f6c6173745f726567656e65726174657c693a313533363832343034383b69647c4e3b6e616d615f757365727c733a31343a2241726468692052616d616468616e223b656d61696c5f757365727c733a31343a2272616d6140676d61696c2e636f6d223b6c6f67696e5f73657373696f6e7c733a373a22616c6c6f776564223b746573745f73657373696f6e7c733a31353a224164612053657373696f6e204b6f6b223b6c6576656c7c733a323a223130223b70686f746f7c733a33363a2239356165383035626530613938303863356137383830356534373733373233322e6a7067223b637573746f6d65725f69647c733a313a2237223b637573746f6d65725f6e616d615f757365727c733a31353a2241726468692052616d616468616e73223b637573746f6d65725f656d61696c5f757365727c733a31343a2272616d6140676d61696c2e636f6d223b637573746f6d65725f6c6f67696e5f73657373696f6e7c733a383a227575326365703169223b637573746f6d65725f746573745f73657373696f6e7c733a31353a224164612053657373696f6e204b6f6b223b637573746f6d65725f6c6576656c7c733a313a2234223b637573746f6d65725f70686f746f7c733a33363a2234393731343136336230313737393939636366373032656464346231333465382e6a7067223b637573746f6d65725f7065727573616861616e7c733a32313a2250542e2047726f6f746820546563686e6f6c6f6779223b637573746f6d65725f616c616d61747c733a34343a22506572756d6168616e204d75746961726120476164696e672054696d757220426c6f6b204b2032206e6f2037223b6b6563616d6174616e5f6b656c75726168616e7c733a31323a224d757374696b61204a617961223b637573746f6d65725f6b6f64655f706f737c733a353a223137313535223b637573746f6d65725f6e6f5f74656c707c733a31333a2230383231313332323238383334223b636172745f636f6e74656e74737c613a353a7b733a31303a22636172745f746f74616c223b643a323130313536303b733a31313a22746f74616c5f6974656d73223b643a333b733a33323a223163333833636433306237633239386162353032393361646665636237623138223b613a393a7b733a323a226964223b733a323a223335223b733a343a226e616d65223b733a31313a22455a433130304833313030223b733a353a227072696365223b643a3630313236303b733a31323a2270726963655f6265666f7265223b733a373a2231303032313030223b733a333a22717479223b643a313b733a333a22676272223b733a33363a2230393539353339363962373836346635633431643161633465356133633430302e4a5047223b733a383a2269645f6272616e64223b733a313a2232223b733a353a22726f776964223b733a33323a223163333833636433306237633239386162353032393361646665636237623138223b733a383a22737562746f74616c223b643a3630313236303b7d733a33323a223139636131346537656136333238613432653065623133643538356534633232223b613a393a7b733a323a226964223b733a323a223336223b733a343a226e616d65223b733a363a22424a55393930223b733a353a227072696365223b643a3534303030303b733a31323a2270726963655f6265666f7265223b733a363a22393030303030223b733a333a22717479223b643a313b733a333a22676272223b733a33363a2235393036666462303661363138326236363632653565616633616431313533652e6a7067223b733a383a2269645f6272616e64223b733a313a2232223b733a353a22726f776964223b733a33323a223139636131346537656136333238613432653065623133643538356534633232223b733a383a22737562746f74616c223b643a3534303030303b7d733a33323a226533363938353364663736366661343465316564306666363133663536336264223b613a393a7b733a323a226964223b733a323a223334223b733a343a226e616d65223b733a31303a225847503530302d564143223b733a353a227072696365223b643a3936303330303b733a31323a2270726963655f6265666f7265223b733a373a2231363030353030223b733a333a22717479223b643a313b733a333a22676272223b733a33363a2232623064323237626466393833613864303035656630623230333738363135612e4a5047223b733a383a2269645f6272616e64223b733a313a2232223b733a353a22726f776964223b733a33323a226533363938353364663736366661343465316564306666363133663536336264223b733a383a22737562746f74616c223b643a3936303330303b7d7d),
('umnb87j7aokt6uqemsnfc4vjkc3htejf', '::1', 1536824437, 0x5f5f63695f6c6173745f726567656e65726174657c693a313533363832343433373b69647c4e3b6e616d615f757365727c733a31343a2241726468692052616d616468616e223b656d61696c5f757365727c733a31343a2272616d6140676d61696c2e636f6d223b6c6f67696e5f73657373696f6e7c733a373a22616c6c6f776564223b746573745f73657373696f6e7c733a31353a224164612053657373696f6e204b6f6b223b6c6576656c7c733a323a223130223b70686f746f7c733a33363a2239356165383035626530613938303863356137383830356534373733373233322e6a7067223b637573746f6d65725f69647c733a313a2237223b637573746f6d65725f6e616d615f757365727c733a31353a2241726468692052616d616468616e73223b637573746f6d65725f656d61696c5f757365727c733a31343a2272616d6140676d61696c2e636f6d223b637573746f6d65725f6c6f67696e5f73657373696f6e7c733a383a227575326365703169223b637573746f6d65725f746573745f73657373696f6e7c733a31353a224164612053657373696f6e204b6f6b223b637573746f6d65725f6c6576656c7c733a313a2234223b637573746f6d65725f70686f746f7c733a33363a2234393731343136336230313737393939636366373032656464346231333465382e6a7067223b637573746f6d65725f7065727573616861616e7c733a32313a2250542e2047726f6f746820546563686e6f6c6f6779223b637573746f6d65725f616c616d61747c733a34343a22506572756d6168616e204d75746961726120476164696e672054696d757220426c6f6b204b2032206e6f2037223b6b6563616d6174616e5f6b656c75726168616e7c733a31323a224d757374696b61204a617961223b637573746f6d65725f6b6f64655f706f737c733a353a223137313535223b637573746f6d65725f6e6f5f74656c707c733a31333a2230383231313332323238383334223b636172745f636f6e74656e74737c613a353a7b733a31303a22636172745f746f74616c223b643a323130313536303b733a31313a22746f74616c5f6974656d73223b643a333b733a33323a223163333833636433306237633239386162353032393361646665636237623138223b613a393a7b733a323a226964223b733a323a223335223b733a343a226e616d65223b733a31313a22455a433130304833313030223b733a353a227072696365223b643a3630313236303b733a31323a2270726963655f6265666f7265223b733a373a2231303032313030223b733a333a22717479223b643a313b733a333a22676272223b733a33363a2230393539353339363962373836346635633431643161633465356133633430302e4a5047223b733a383a2269645f6272616e64223b733a313a2232223b733a353a22726f776964223b733a33323a223163333833636433306237633239386162353032393361646665636237623138223b733a383a22737562746f74616c223b643a3630313236303b7d733a33323a223139636131346537656136333238613432653065623133643538356534633232223b613a393a7b733a323a226964223b733a323a223336223b733a343a226e616d65223b733a363a22424a55393930223b733a353a227072696365223b643a3534303030303b733a31323a2270726963655f6265666f7265223b733a363a22393030303030223b733a333a22717479223b643a313b733a333a22676272223b733a33363a2235393036666462303661363138326236363632653565616633616431313533652e6a7067223b733a383a2269645f6272616e64223b733a313a2232223b733a353a22726f776964223b733a33323a223139636131346537656136333238613432653065623133643538356534633232223b733a383a22737562746f74616c223b643a3534303030303b7d733a33323a226533363938353364663736366661343465316564306666363133663536336264223b613a393a7b733a323a226964223b733a323a223334223b733a343a226e616d65223b733a31303a225847503530302d564143223b733a353a227072696365223b643a3936303330303b733a31323a2270726963655f6265666f7265223b733a373a2231363030353030223b733a333a22717479223b643a313b733a333a22676272223b733a33363a2232623064323237626466393833613864303035656630623230333738363135612e4a5047223b733a383a2269645f6272616e64223b733a313a2232223b733a353a22726f776964223b733a33323a226533363938353364663736366661343465316564306666363133663536336264223b733a383a22737562746f74616c223b643a3936303330303b7d7d),
('vu2dmkv15mfb2dnc6qk90c8gohf2mn2a', '::1', 1536834920, 0x5f5f63695f6c6173745f726567656e65726174657c693a313533363833343932303b637573746f6d65725f69647c733a313a2237223b637573746f6d65725f6e616d615f757365727c733a31353a2241726468692052616d616468616e73223b637573746f6d65725f656d61696c5f757365727c733a31343a2272616d6140676d61696c2e636f6d223b637573746f6d65725f6c6f67696e5f73657373696f6e7c733a383a227575326365703169223b637573746f6d65725f746573745f73657373696f6e7c733a31353a224164612053657373696f6e204b6f6b223b637573746f6d65725f6c6576656c7c733a313a2234223b637573746f6d65725f70686f746f7c733a33363a2234393731343136336230313737393939636366373032656464346231333465382e6a7067223b637573746f6d65725f7065727573616861616e7c733a32313a2250542e2047726f6f746820546563686e6f6c6f6779223b637573746f6d65725f616c616d61747c733a34343a22506572756d6168616e204d75746961726120476164696e672054696d757220426c6f6b204b2032206e6f2037223b6b6563616d6174616e5f6b656c75726168616e7c733a31323a224d757374696b61204a617961223b637573746f6d65725f6b6f64655f706f737c733a353a223137313535223b637573746f6d65725f6e6f5f74656c707c733a31333a2230383231313332323238383334223b69647c4e3b6e616d615f757365727c733a31343a2241726468692052616d616468616e223b656d61696c5f757365727c733a31343a2272616d6140676d61696c2e636f6d223b6c6f67696e5f73657373696f6e7c733a373a22616c6c6f776564223b746573745f73657373696f6e7c733a31353a224164612053657373696f6e204b6f6b223b6c6576656c7c733a323a223130223b70686f746f7c733a33363a2239356165383035626530613938303863356137383830356534373733373233322e6a7067223b636172745f636f6e74656e74737c613a353a7b733a31303a22636172745f746f74616c223b643a323130313536303b733a31313a22746f74616c5f6974656d73223b643a333b733a33323a223139636131346537656136333238613432653065623133643538356534633232223b613a393a7b733a323a226964223b733a323a223336223b733a343a226e616d65223b733a363a22424a55393930223b733a353a227072696365223b643a3534303030303b733a31323a2270726963655f6265666f7265223b733a363a22393030303030223b733a333a22717479223b643a313b733a333a22676272223b733a33363a2235393036666462303661363138326236363632653565616633616431313533652e6a7067223b733a383a2269645f6272616e64223b733a313a2232223b733a353a22726f776964223b733a33323a223139636131346537656136333238613432653065623133643538356534633232223b733a383a22737562746f74616c223b643a3534303030303b7d733a33323a223163333833636433306237633239386162353032393361646665636237623138223b613a393a7b733a323a226964223b733a323a223335223b733a343a226e616d65223b733a31313a22455a433130304833313030223b733a353a227072696365223b643a3630313236303b733a31323a2270726963655f6265666f7265223b733a373a2231303032313030223b733a333a22717479223b643a313b733a333a22676272223b733a33363a2230393539353339363962373836346635633431643161633465356133633430302e4a5047223b733a383a2269645f6272616e64223b733a313a2232223b733a353a22726f776964223b733a33323a223163333833636433306237633239386162353032393361646665636237623138223b733a383a22737562746f74616c223b643a3630313236303b7d733a33323a226533363938353364663736366661343465316564306666363133663536336264223b613a393a7b733a323a226964223b733a323a223334223b733a343a226e616d65223b733a31303a225847503530302d564143223b733a353a227072696365223b643a3936303330303b733a31323a2270726963655f6265666f7265223b733a373a2231363030353030223b733a333a22717479223b643a313b733a333a22676272223b733a33363a2232623064323237626466393833613864303035656630623230333738363135612e4a5047223b733a383a2269645f6272616e64223b733a313a2232223b733a353a22726f776964223b733a33323a226533363938353364663736366661343465316564306666363133663536336264223b733a383a22737562746f74616c223b643a3936303330303b7d7d),
('vukgqsisp6gjof0ha4mbc9dq6umrbtlv', '::1', 1536831163, 0x5f5f63695f6c6173745f726567656e65726174657c693a313533363833313136333b637573746f6d65725f69647c733a313a2237223b637573746f6d65725f6e616d615f757365727c733a31353a2241726468692052616d616468616e73223b637573746f6d65725f656d61696c5f757365727c733a31343a2272616d6140676d61696c2e636f6d223b637573746f6d65725f6c6f67696e5f73657373696f6e7c733a383a227575326365703169223b637573746f6d65725f746573745f73657373696f6e7c733a31353a224164612053657373696f6e204b6f6b223b637573746f6d65725f6c6576656c7c733a313a2234223b637573746f6d65725f70686f746f7c733a33363a2234393731343136336230313737393939636366373032656464346231333465382e6a7067223b637573746f6d65725f7065727573616861616e7c733a32313a2250542e2047726f6f746820546563686e6f6c6f6779223b637573746f6d65725f616c616d61747c733a34343a22506572756d6168616e204d75746961726120476164696e672054696d757220426c6f6b204b2032206e6f2037223b6b6563616d6174616e5f6b656c75726168616e7c733a31323a224d757374696b61204a617961223b637573746f6d65725f6b6f64655f706f737c733a353a223137313535223b637573746f6d65725f6e6f5f74656c707c733a31333a2230383231313332323238383334223b69647c4e3b6e616d615f757365727c733a31343a2241726468692052616d616468616e223b656d61696c5f757365727c733a31343a2272616d6140676d61696c2e636f6d223b6c6f67696e5f73657373696f6e7c733a373a22616c6c6f776564223b746573745f73657373696f6e7c733a31353a224164612053657373696f6e204b6f6b223b6c6576656c7c733a323a223130223b70686f746f7c733a33363a2239356165383035626530613938303863356137383830356534373733373233322e6a7067223b636172745f636f6e74656e74737c613a353a7b733a31303a22636172745f746f74616c223b643a323130313536303b733a31313a22746f74616c5f6974656d73223b643a333b733a33323a223139636131346537656136333238613432653065623133643538356534633232223b613a393a7b733a323a226964223b733a323a223336223b733a343a226e616d65223b733a363a22424a55393930223b733a353a227072696365223b643a3534303030303b733a31323a2270726963655f6265666f7265223b733a363a22393030303030223b733a333a22717479223b643a313b733a333a22676272223b733a33363a2235393036666462303661363138326236363632653565616633616431313533652e6a7067223b733a383a2269645f6272616e64223b733a313a2232223b733a353a22726f776964223b733a33323a223139636131346537656136333238613432653065623133643538356534633232223b733a383a22737562746f74616c223b643a3534303030303b7d733a33323a223163333833636433306237633239386162353032393361646665636237623138223b613a393a7b733a323a226964223b733a323a223335223b733a343a226e616d65223b733a31313a22455a433130304833313030223b733a353a227072696365223b643a3630313236303b733a31323a2270726963655f6265666f7265223b733a373a2231303032313030223b733a333a22717479223b643a313b733a333a22676272223b733a33363a2230393539353339363962373836346635633431643161633465356133633430302e4a5047223b733a383a2269645f6272616e64223b733a313a2232223b733a353a22726f776964223b733a33323a223163333833636433306237633239386162353032393361646665636237623138223b733a383a22737562746f74616c223b643a3630313236303b7d733a33323a226533363938353364663736366661343465316564306666363133663536336264223b613a393a7b733a323a226964223b733a323a223334223b733a343a226e616d65223b733a31303a225847503530302d564143223b733a353a227072696365223b643a3936303330303b733a31323a2270726963655f6265666f7265223b733a373a2231363030353030223b733a333a22717479223b643a313b733a333a22676272223b733a33363a2232623064323237626466393833613864303035656630623230333738363135612e4a5047223b733a383a2269645f6272616e64223b733a313a2232223b733a353a22726f776964223b733a33323a226533363938353364663736366661343465316564306666363133663536336264223b733a383a22737562746f74616c223b643a3936303330303b7d7d);

-- --------------------------------------------------------

--
-- Struktur dari tabel `t_admin`
--

CREATE TABLE `t_admin` (
  `id_admin` int(11) NOT NULL,
  `nama` varchar(100) NOT NULL,
  `email` varchar(60) NOT NULL,
  `password` varchar(255) NOT NULL,
  `status` varchar(50) NOT NULL,
  `type` varchar(100) NOT NULL,
  `photo` varchar(255) NOT NULL
) ENGINE=InnoDB DEFAULT CHARSET=latin1;

--
-- Dumping data untuk tabel `t_admin`
--

INSERT INTO `t_admin` (`id_admin`, `nama`, `email`, `password`, `status`, `type`, `photo`) VALUES
(61, 'Ardhi Ramadhan', 'rama@gmail.com', '21232f297a57a5a743894a0e4a801fc3', '1', '10', '95ae805be0a9808c5a78805e47737232.jpg'),
(62, 'Agustinu Pristya Putra', 'putra@gmail.com', '21232f297a57a5a743894a0e4a801fc3', '1', '10', 'a2bc1348d5cc09953c3ba4cbf3139cb7.jpg'),
(63, 'Brian Adi Kusumo', 'brian@gmail.com', '21232f297a57a5a743894a0e4a801fc3', '1', '10', '332119f1ccf23a98ad9616d5d0bbcdac.jpg'),
(73, 'Faiz', 'faiz@gmail.com', '21232f297a57a5a743894a0e4a801fc3', '1', '10', 'c2a99c92f0688edb21ee0ec473211c43.jpg');

-- --------------------------------------------------------

--
-- Struktur dari tabel `t_brand`
--

CREATE TABLE `t_brand` (
  `id` int(11) NOT NULL,
  `nama_brand` varchar(200) NOT NULL,
  `logo` varchar(255) NOT NULL,
  `website` varchar(255) NOT NULL
) ENGINE=InnoDB DEFAULT CHARSET=latin1;

--
-- Dumping data untuk tabel `t_brand`
--

INSERT INTO `t_brand` (`id`, `nama_brand`, `logo`, `website`) VALUES
(1, 'Philips', 'schneider.png', 'Philips.com'),
(2, 'Scheniders', '299f0da36b38f635ce6af2d584ebb1cc.png', 'asas.co'),
(10, 'Philips', '596f59b52dd44fdfe5dd03435b6b7b4a.png', 'phil.co.id');

-- --------------------------------------------------------

--
-- Struktur dari tabel `t_coupon`
--

CREATE TABLE `t_coupon` (
  `id` int(11) NOT NULL,
  `judul_coupon` varchar(150) NOT NULL,
  `coupon_code` varchar(50) NOT NULL,
  `discount` int(11) NOT NULL,
  `tanggal_aktif` date NOT NULL,
  `tanggal_selesai` date NOT NULL,
  `status` int(11) NOT NULL COMMENT '1=Aktif,0=Nonaktif',
  `gambar` varchar(255) NOT NULL,
  `keterangan` varchar(150) NOT NULL
) ENGINE=InnoDB DEFAULT CHARSET=latin1;

--
-- Dumping data untuk tabel `t_coupon`
--

INSERT INTO `t_coupon` (`id`, `judul_coupon`, `coupon_code`, `discount`, `tanggal_aktif`, `tanggal_selesai`, `status`, `gambar`, `keterangan`) VALUES
(1, 'Diskon 17 Agustusan ', 'UU2CEP1I', 50, '2018-09-10', '2018-09-12', 1, '977ec974f8b1134dc46e11fb5413ba85.jpg', 'Anniv Kita'),
(2, 'Pesta Gajian FAST', 'GJI0110', 10, '1970-01-01', '1970-01-01', 1, '38736c2f1d20652c671751c858206239.png', 'Untuk Yang Gajian Ajah'),
(3, 'Aye 30', 'DISC30', 30, '2018-09-10', '2018-09-18', 1, '07e3fd3d814e7032d00204420cbac63c.png', 'Aye 30%');

-- --------------------------------------------------------

--
-- Struktur dari tabel `t_customer`
--

CREATE TABLE `t_customer` (
  `id` int(11) NOT NULL,
  `nama` varchar(150) NOT NULL,
  `email` varchar(150) NOT NULL,
  `password` varchar(255) NOT NULL,
  `perusahaan` varchar(150) NOT NULL,
  `photo` varchar(255) NOT NULL,
  `level` int(11) NOT NULL,
  `status` int(11) NOT NULL COMMENT '1==Aktif , 0 == Nonaktif',
  `media_sosial` varchar(200) NOT NULL,
  `alamat` varchar(255) NOT NULL,
  `provinsi` varchar(50) NOT NULL,
  `kota` varchar(50) NOT NULL,
  `kecamatan_kelurahan` varchar(100) NOT NULL,
  `kode_pos` varchar(100) NOT NULL,
  `no_telp` varchar(15) NOT NULL,
  `jenis_kelamin` varchar(50) NOT NULL
) ENGINE=InnoDB DEFAULT CHARSET=latin1;

--
-- Dumping data untuk tabel `t_customer`
--

INSERT INTO `t_customer` (`id`, `nama`, `email`, `password`, `perusahaan`, `photo`, `level`, `status`, `media_sosial`, `alamat`, `provinsi`, `kota`, `kecamatan_kelurahan`, `kode_pos`, `no_telp`, `jenis_kelamin`) VALUES
(1, 'Faiz', 'faiz@gmail.co', '21232f297a57a5a743894a0e4a801fc3', 'Grooth Company', 'dummy.jpg', 2, 1, 'Instagram', 'Rawa Lumbu', '', '', '', '', '0828892882', 'L'),
(7, 'Ardhi Ramadhans', 'rama@gmail.com', '21232f297a57a5a743894a0e4a801fc3', 'PT. Grooth Technology', '49714163b0177999ccf702edd4b134e8.jpg', 4, 1, 'ardhir10', 'Perumahan Mutiara Gading Timur Blok K 2 no 7', 'Jawa Barat', 'Kota Bekasi', 'Mustika Jaya', '17151', '0821132228834', 'L'),
(8, 'Imam Rohimam', 'imams@gmail.com', '21232f297a57a5a743894a0e4a801fc3', 'Pt . Mampus', '', 0, 1, 'IG', 'Ruko Aster 10', 'Jawa Barat', 'Kab. Bekasi', 'Galaxy City', '17155', '082100000000', 'L');

-- --------------------------------------------------------

--
-- Struktur dari tabel `t_kategori`
--

CREATE TABLE `t_kategori` (
  `id` int(11) NOT NULL,
  `nama_kategori` varchar(50) NOT NULL,
  `id_parent` int(11) NOT NULL,
  `posisi` int(11) NOT NULL,
  `status` int(11) NOT NULL COMMENT '1=aktif,0=nonaktif'
) ENGINE=InnoDB DEFAULT CHARSET=latin1;

--
-- Dumping data untuk tabel `t_kategori`
--

INSERT INTO `t_kategori` (`id`, `nama_kategori`, `id_parent`, `posisi`, `status`) VALUES
(1, 'Handphone', 0, 2, 1),
(2, 'Laptop', 22, 1, 1),
(3, 'Mesin', 1, 1, 1),
(6, 'Mesin Uang', 1, 2, 1),
(7, 'X8809', 6, 0, 0),
(8, 'V02', 7, 0, 0),
(9, 'Acer', 2, 0, 0),
(10, 'Asus', 2, 0, 0),
(11, 'Core i3', 10, 0, 0),
(12, 'Core i5', 10, 0, 0),
(13, 'Type A455L', 11, 0, 0),
(14, 'Residential and Small Business', 0, 0, 1),
(15, ' Electrical Protection and Control', 14, 1, 1),
(16, 'Electrical Protection', 0, 4, 1),
(17, 'Critical power', 0, 5, 1),
(18, 'Industrial automation', 0, 6, 1),
(19, 'Building Automation', 0, 7, 1),
(22, 'Medium Voltage', 19, 0, 1);

-- --------------------------------------------------------

--
-- Struktur dari tabel `t_ongkir`
--

CREATE TABLE `t_ongkir` (
  `id` int(11) NOT NULL,
  `kode_pos` varchar(7) NOT NULL,
  `value` int(11) NOT NULL,
  `detail` varchar(100) NOT NULL
) ENGINE=InnoDB DEFAULT CHARSET=latin1;

--
-- Dumping data untuk tabel `t_ongkir`
--

INSERT INTO `t_ongkir` (`id`, `kode_pos`, `value`, `detail`) VALUES
(1, '17155', 10000, 'Mustika Jaya'),
(2, '17151', 8000, 'Bantargebang');

-- --------------------------------------------------------

--
-- Struktur dari tabel `t_order`
--

CREATE TABLE `t_order` (
  `id` int(11) NOT NULL,
  `no_order` varchar(50) NOT NULL,
  `id_customer` int(11) NOT NULL,
  `tanggal_order` date NOT NULL,
  `perusahaan` varchar(100) NOT NULL,
  `alamat_pengiriman` varchar(150) NOT NULL,
  `no_telp` varchar(15) NOT NULL,
  `kurir` varchar(50) NOT NULL,
  `kode_pos` varchar(200) NOT NULL,
  `status_order` varchar(50) NOT NULL,
  `payment_method` varchar(50) NOT NULL,
  `coupon` varchar(50) NOT NULL,
  `total_bayar` decimal(10,0) NOT NULL
) ENGINE=InnoDB DEFAULT CHARSET=latin1;

--
-- Dumping data untuk tabel `t_order`
--

INSERT INTO `t_order` (`id`, `no_order`, `id_customer`, `tanggal_order`, `perusahaan`, `alamat_pengiriman`, `no_telp`, `kurir`, `kode_pos`, `status_order`, `payment_method`, `coupon`, `total_bayar`) VALUES
(45, 'ORD201809130001', 7, '2018-09-13', 'PT. Grooth Technology', 'Perumahan Mutiara Gading Timur Blok K 2 no 7 Jawa Barat,Kota Bekasi,Mustika Jaya,17155 ', '0821132228834', 'Klak Klik Express', '17155', '0', '--Pilih Metode Pembayaran', '', '2111560'),
(46, 'ORD201809130002', 7, '2018-09-13', 'PT. Grooth Technology', 'Perumahan Mutiara Gading Timur Blok K 2 no 7 Jawa Barat,Kota Bekasi,Mustika Jaya,17155 ', '0821132228834', 'Klak Klik Express', '17155', '0', 'Transfer BANK BRI', '', '2651560'),
(47, 'ORD201809130003', 7, '2018-09-13', 'PT. Grooth Technology', 'Perumahan Mutiara Gading Timur Blok K 2 no 7 Jawa Barat,Kota Bekasi,Mustika Jaya,17151 ', '0821132228834', 'Klak Klik Express', '17151', '0', '--Pilih Metode Pembayaran', 'DISC30', '1101092');

-- --------------------------------------------------------

--
-- Struktur dari tabel `t_order_detail`
--

CREATE TABLE `t_order_detail` (
  `no_order` varchar(50) NOT NULL,
  `id_produk` int(11) NOT NULL,
  `sku` varchar(150) NOT NULL,
  `qty` int(11) NOT NULL,
  `price` decimal(10,0) NOT NULL,
  `price_discount` int(11) NOT NULL,
  `sub_total` decimal(10,0) NOT NULL
) ENGINE=InnoDB DEFAULT CHARSET=latin1;

--
-- Dumping data untuk tabel `t_order_detail`
--

INSERT INTO `t_order_detail` (`no_order`, `id_produk`, `sku`, `qty`, `price`, `price_discount`, `sub_total`) VALUES
('ORD201809130001', 36, 'BJU990', 1, '900000', 540000, '540000'),
('ORD201809130001', 35, 'EZC100H3100', 1, '1002100', 601260, '601260'),
('ORD201809130001', 34, 'XGP500-VAC', 1, '1600500', 960300, '960300'),
('ORD201809130002', 36, 'BJU990', 2, '900000', 540000, '1080000'),
('ORD201809130002', 35, 'EZC100H3100', 1, '1002100', 601260, '601260'),
('ORD201809130002', 34, 'XGP500-VAC', 1, '1600500', 960300, '960300'),
('ORD201809130003', 35, 'EZC100H3100', 1, '1002100', 601260, '601260'),
('ORD201809130003', 34, 'XGP500-VAC', 1, '1600500', 960300, '960300');

-- --------------------------------------------------------

--
-- Struktur dari tabel `t_produk`
--

CREATE TABLE `t_produk` (
  `id` int(11) NOT NULL,
  `gambar_produk` varchar(255) NOT NULL,
  `sku` varchar(1000) NOT NULL,
  `local_code` varchar(20) NOT NULL,
  `short_deskripsi` text NOT NULL,
  `id_kategori` varchar(1000) NOT NULL,
  `id_brand` int(11) NOT NULL,
  `harga` int(11) NOT NULL,
  `description` text NOT NULL,
  `spesification` text NOT NULL,
  `stok` int(11) NOT NULL,
  `visible` int(11) DEFAULT NULL,
  `featured` int(11) DEFAULT NULL,
  `tags` varchar(255) NOT NULL,
  `berat` decimal(10,0) NOT NULL
) ENGINE=InnoDB DEFAULT CHARSET=latin1;

--
-- Dumping data untuk tabel `t_produk`
--

INSERT INTO `t_produk` (`id`, `gambar_produk`, `sku`, `local_code`, `short_deskripsi`, `id_kategori`, `id_brand`, `harga`, `description`, `spesification`, `stok`, `visible`, `featured`, `tags`, `berat`) VALUES
(34, '2b0d227bdf983a8d005ef0b20378615a.JPG', 'XGP500-VAC', 'EE$%', ' Philips Luxeon K2  OBL LED, with superior packaging and low thermal resistance -100-240 V AC - 5W - Red light - 50,000 hours (70% lumen maintenance)  ', '18', 2, 1600500, '<p>Lorem ipsum dolor sit amet, consectetur adipiscing elit. Praesent sollicitudin diam tortor, non mollis arcu facilisis condimentum. Praesent pretium nulla turpis, id luctus turpis posuere ac. Donec et enim viverra, viverra erat eget, bibendum felis. Quisque porta augue quis mauris ultrices suscipit. Interdum et malesuada fames ac ante ipsum primis in faucibus. Curabitur bibendum mauris leo, at vehicula lorem molestie quis. Nulla vel urna malesuada, auctor metus sit amet, gravida libero. Mauris et erat cursus sapien dapibus sagittis non sagittis arcu. Sed vel leo feugiat justo faucibus ullamcorper. Cras eu fermentum nibh. Praesent ut lectus ipsum. Orci varius natoque penatibus et magnis dis parturient montes, nascetur ridiculus mus. Integer quis malesuada sapien. Orci varius natoque penatibus et magnis dis parturient montes, nascetur ridiculus mus. Aliquam finibus eros dolor, eu semper leo feugiat vel.</p>\r\n\r\n<p>Fusce lobortis nec ligula eget varius. Sed volutpat tincidunt arcu, at porttitor nunc varius eget. Pellentesque tempor leo elit, sit amet ullamcorper nisl lobortis ac. In nec mauris quis mi malesuada maximus nec in felis. Mauris pulvinar ac tellus vel convallis. Pellentesque risus nibh, semper quis justo eu, euismod malesuada mauris. Quisque in erat in enim aliquam consequat. Aenean tincidunt gravida leo, non luctus nulla pretium sed. Donec tincidunt risus vitae felis imperdiet congue quis a est. Vivamus tincidunt, orci posuere porta pretium, diam purus dapibus ipsum, nec cursus odio libero eu velit. Cras id ornare ex. Pellentesque nisi nunc, semper in malesuada ut, bibendum et turpis. Phasellus maximus quam faucibus tellus euismod rutrum. Duis eget ante suscipit, faucibus arcu at, dapibus leo. Sed in iaculis tortor, a gravida orci.</p>\r\n\r\n<p>Vivamus eu elit a est consequat volutpat. Ut a luctus diam. Nulla ut mi placerat erat fringilla porta sit amet pharetra justo. Nulla a ultricies urna, in semper elit. Nullam rutrum lectus turpis, vel tempor risus mattis at. Phasellus mauris leo, pellentesque et elementum quis, pulvinar eu elit. In hac habitasse platea dictumst. Nulla facilisi. Duis placerat eros quis nunc commodo interdum. Ut dolor sem, pretium sed ullamcorper ut, imperdiet vitae enim. Pellentesque a ex pulvinar, interdum elit vel, dictum arcu. Orci varius natoque penatibus et magnis dis parturient montes, nascetur ridiculus mus.</p>\r\n\r\n<p>Nullam eget diam vitae tellus finibus blandit ac in tellus. Nullam at tincidunt enim. Aenean id odio eros. Suspendisse fermentum erat non nulla egestas, ut auctor eros lobortis. Aenean condimentum felis a dolor pulvinar dignissim. Phasellus ac lectus ultrices lectus eleifend laoreet a et arcu. Fusce congue convallis nunc, sit amet volutpat mi vehicula id. Vivamus cursus, orci at molestie tempus, erat enim auctor sapien, quis condimentum urna urna eu nisl. Suspendisse tempus tempor tempus.</p>\r\n', '<table border="0" cellpadding="1" cellspacing="1" style="width:100%">\r\n	<tbody>\r\n		<tr>\r\n			<td>Volt</td>\r\n			<td><strong>200Wat</strong></td>\r\n		</tr>\r\n		<tr>\r\n			<td>Range</td>\r\n			<td><strong>22Ghx</strong></td>\r\n		</tr>\r\n		<tr>\r\n			<td>Sub Range</td>\r\n			<td><strong>78Ampere</strong></td>\r\n		</tr>\r\n		<tr>\r\n			<td>&nbsp;</td>\r\n			<td>&nbsp;</td>\r\n		</tr>\r\n		<tr>\r\n			<td>&nbsp;</td>\r\n			<td>&nbsp;</td>\r\n		</tr>\r\n		<tr>\r\n			<td>&nbsp;</td>\r\n			<td>&nbsp;</td>\r\n		</tr>\r\n	</tbody>\r\n</table>\r\n\r\n<p>&nbsp;</p>\r\n', 80, 1, NULL, 'XGP500,XGP500PHILIPS', '0'),
(35, '095953969b7864f5c41d1ac4e5a3c400.JPG', 'EZC100H3100', 'BALLACK', 'Moulded Case Circuit Breaker (MCCB) - Schneider Electric (EasyPact EZC) - EZC100H 3P 100A - 3 poles (3P3d) - Rated current 100A - Short circuit breaking capacity (Icu) (400-415Vac) 30kA - Thermal-Magnetic (fixed) trip unit (TMD) - Lug terminals', '22', 2, 1002100, '<p>eu fermentum nibh. Praesent ut lectus ipsum. Orci varius natoque penatibus et magnis dis parturient montes, nascetur ridiculus mus. Integer quis malesuada sapien. Orci varius natoque penatibus et magnis dis parturient montes, nascetur ridiculus mus. Aliquam finibus eros dolor, eu semper leo feugiat vel.</p>\r\n\r\n<p>Fusce lobortis nec ligula eget varius. Sed volutpat tincidunt arcu, at porttitor nunc varius eget. Pellentesque tempor leo elit, sit amet ullamcorper nisl lobortis ac. In nec mauris quis mi malesuada maximus nec in felis. Mauris pulvinar ac tellus vel convallis. Pellentesque risus nibh, semper quis justo eu, euismod malesuada mauris. Quisque in erat in enim aliquam consequat. Aenean tincidunt gravida leo, non luctus nulla pretium sed. Donec tincidunt risus vitae felis imperdiet congue quis a est. Vivamus tincidunt, orci posuere porta pretium, diam purus dapibus ipsum, nec cursus odio libero eu velit. Cras id ornare ex. Pellentesque nisi nunc, semper in malesuada ut, bibendum et turpis. Phasellus maximus quam faucibus tellus euismod rutrum. Duis eget ante suscipit, faucibus arcu at, dapibus leo. Sed in iaculis tortor, a gravida orci.</p>\r\n\r\n<p>Vivamus eu elit a est consequat volutpat. Ut a luctus diam. Nulla ut mi placerat erat fringilla porta sit amet pharetra justo. Nulla a ultricies urna, in semper elit. Nullam rutrum lectus turpis, vel tempor risus mattis at. Phasellus mauris leo, pellentesque et elementum quis, pulvinar eu elit. In hac habitasse platea dictumst. Nulla facilisi. Duis placerat eros quis nunc commodo interdum. Ut dolor sem, pretium sed ullamcorper ut, imperdiet vitae enim. Pellentesque a ex pulvinar, interdum elit vel, dictum arcu. Orci varius natoque penatibus et magnis dis parturient montes, nascetur ridiculus mus.</p>\r\n\r\n<p>Nullam eget diam vitae tellus finibus blandit ac in tellus. Nullam at tincidunt enim. Aenean id odio eros. Suspendisse fermentum erat non nulla egestas, ut auctor eros lobortis. Aenean condimentum felis a dolor pulvinar dignissim. Phasellus ac lectus ultrices lectus eleifend laoreet a et arcu. Fusce congue convallis nunc, sit amet volutpat mi vehicula id. Vivamus cursus, orci at molestie tempus, erat enim auctor sapien, quis condimentum urna urna eu nisl. Suspendisse tempus tempor tempus.</p>\r\n\r\n<p><small><strong>BALLACK</strong></small></p>\r\n', '<p>&nbsp;</p>\r\n\r\n<table class="mt-3">\r\n	<tbody>\r\n		<tr>\r\n			<td><small>PRODUCT NAME</small></td>\r\n			<td><small><strong>&nbsp;&nbsp;&nbsp;&nbsp;&nbsp;&nbsp;LK99OLZ</strong></small></td>\r\n		</tr>\r\n		<tr>\r\n			<td style="vertical-align:text-bottom"><small>RATED VOLTAGE IN VOILT ELECTRICT </small></td>\r\n			<td><small><strong>&nbsp;&nbsp;&nbsp;&nbsp;&nbsp;&nbsp;(888Vlt)<br />\r\n			&nbsp;&nbsp;&nbsp;&nbsp;&nbsp;&nbsp;(888sVlt)<br />\r\n			&nbsp;&nbsp;&nbsp;&nbsp;&nbsp;&nbsp;(K88Vlt)</strong></small></td>\r\n		</tr>\r\n		<tr>\r\n			<td style="vertical-align:text-bottom"><small>RATED VOLTAGE IN VOILT ELECTRICT </small></td>\r\n			<td>\r\n			<p><small><strong>&nbsp;&nbsp;&nbsp;&nbsp;&nbsp;&nbsp;(888Vlt : AC 2) 9A<br />\r\n			&nbsp;&nbsp;&nbsp;&nbsp;&nbsp;&nbsp;(888sVlt : AC 2) 9A<br />\r\n			&nbsp;&nbsp;&nbsp;&nbsp;&nbsp;&nbsp;(K88Vlt : AC 2) 9A)</strong></small></p>\r\n\r\n			<p><small><strong>BALLACK</strong></small></p>\r\n			</td>\r\n		</tr>\r\n	</tbody>\r\n</table>\r\n\r\n<table class="mt-3">\r\n	<tbody>\r\n		<tr>\r\n			<td><small>PRODUCT NAME</small></td>\r\n			<td><small><strong>&nbsp;&nbsp;&nbsp;&nbsp;&nbsp;&nbsp;LK99OLZ</strong></small></td>\r\n		</tr>\r\n		<tr>\r\n			<td style="vertical-align:text-bottom"><small>RATED VOLTAGE IN VOILT ELECTRICT </small></td>\r\n			<td><small><strong>&nbsp;&nbsp;&nbsp;&nbsp;&nbsp;&nbsp;(888Vlt)<br />\r\n			&nbsp;&nbsp;&nbsp;&nbsp;&nbsp;&nbsp;(888sVlt)<br />\r\n			&nbsp;&nbsp;&nbsp;&nbsp;&nbsp;&nbsp;(K88Vlt)</strong></small></td>\r\n		</tr>\r\n		<tr>\r\n			<td style="vertical-align:text-bottom"><small>RATED VOLTAGE IN VOILT ELECTRICT </small></td>\r\n			<td>\r\n			<p><small><strong>&nbsp;&nbsp;&nbsp;&nbsp;&nbsp;&nbsp;(888Vlt : AC 2) 9A<br />\r\n			&nbsp;&nbsp;&nbsp;&nbsp;&nbsp;&nbsp;(888sVlt : AC 2) 9A<br />\r\n			&nbsp;&nbsp;&nbsp;&nbsp;&nbsp;&nbsp;(K88Vlt : AC 2) 9A)</strong></small></p>\r\n\r\n			<p><small><strong>BALLACK</strong></small></p>\r\n			</td>\r\n		</tr>\r\n	</tbody>\r\n</table>\r\n\r\n<table class="mt-3">\r\n	<tbody>\r\n		<tr>\r\n			<td><small>PRODUCT NAME</small></td>\r\n			<td><small><strong>&nbsp;&nbsp;&nbsp;&nbsp;&nbsp;&nbsp;LK99OLZ</strong></small></td>\r\n		</tr>\r\n		<tr>\r\n			<td style="vertical-align:text-bottom"><small>RATED VOLTAGE IN VOILT ELECTRICT </small></td>\r\n			<td><small><strong>&nbsp;&nbsp;&nbsp;&nbsp;&nbsp;&nbsp;(888Vlt)<br />\r\n			&nbsp;&nbsp;&nbsp;&nbsp;&nbsp;&nbsp;(888sVlt)<br />\r\n			&nbsp;&nbsp;&nbsp;&nbsp;&nbsp;&nbsp;(K88Vlt)</strong></small></td>\r\n		</tr>\r\n		<tr>\r\n			<td style="vertical-align:text-bottom"><small>RATED VOLTAGE IN VOILT ELECTRICT </small></td>\r\n			<td>\r\n			<p><small><strong>&nbsp;&nbsp;&nbsp;&nbsp;&nbsp;&nbsp;(888Vlt : AC 2) 9A<br />\r\n			&nbsp;&nbsp;&nbsp;&nbsp;&nbsp;&nbsp;(888sVlt : AC 2) 9A<br />\r\n			&nbsp;&nbsp;&nbsp;&nbsp;&nbsp;&nbsp;(K88Vlt : AC 2) 9A)</strong></small></p>\r\n\r\n			<p><small><strong>BALLACK</strong></small></p>\r\n			</td>\r\n		</tr>\r\n	</tbody>\r\n</table>\r\n', 74, 1, 1, 'SCHNEIDER ELECTRIC,EZC100H3100', '0'),
(36, '5906fdb06a6182b6662e5eaf3ad1153e.jpg', 'BJU990', '8878', 'BAJU MURAH - BAJU KOTAK', '18', 2, 900000, '<p>HVGHVKJNIUU</p>\r\n', '<p>HVGHVGVG</p>\r\n', 75, 1, 1, 'baju,gesper', '0');

-- --------------------------------------------------------

--
-- Struktur dari tabel `t_quotation`
--

CREATE TABLE `t_quotation` (
  `id` int(11) NOT NULL,
  `no_order` varchar(50) NOT NULL,
  `id_customer` int(11) NOT NULL,
  `tanggal_order` date NOT NULL,
  `perusahaan` varchar(100) NOT NULL,
  `alamat_pengiriman` varchar(150) NOT NULL,
  `no_telp` varchar(15) NOT NULL,
  `kurir` varchar(50) NOT NULL,
  `kode_pos` varchar(200) NOT NULL,
  `status_order` varchar(50) NOT NULL,
  `payment_method` varchar(50) NOT NULL,
  `coupon` varchar(50) NOT NULL,
  `total_bayar` decimal(10,0) NOT NULL
) ENGINE=InnoDB DEFAULT CHARSET=latin1;

--
-- Dumping data untuk tabel `t_quotation`
--

INSERT INTO `t_quotation` (`id`, `no_order`, `id_customer`, `tanggal_order`, `perusahaan`, `alamat_pengiriman`, `no_telp`, `kurir`, `kode_pos`, `status_order`, `payment_method`, `coupon`, `total_bayar`) VALUES
(9, 'QUO201809130001', 7, '2018-09-13', 'PT. Grooth Technology', 'Perumahan Mutiara Gading Timur Blok K 2 no 7 Jawa Barat,Kota Bekasi,Mustika Jaya,17155 ', '0821132228834', 'Klak Klik Express', '17155', '0', '', 'uu2cep1i', '1060780'),
(10, 'QUO201809130002', 7, '2018-09-13', 'PT. Grooth Technology', 'Perumahan Mutiara Gading Timur Blok K 2 no 7 Jawa Barat,Kota Bekasi,Mustika Jaya,17155 ', '0821132228834', 'Klak Klik Express', '17155', '0', '', '', '4992460'),
(11, 'QUO201809130003', 7, '2018-09-13', 'PT. Grooth Technology', 'Perumahan Mutiara Gading Timur Blok K 2 no 7 Jawa Barat,Kota Bekasi,Mustika Jaya,17155 ', '0821132228834', 'Klak Klik Express', '17155', '0', '', 'uu2cep1i', '1060780'),
(12, 'QUO201809130004', 7, '2018-09-13', 'PT. Grooth Technology', 'Perumahan Mutiara Gading Timur Blok K 2 no 7 Jawa Barat,Kota Bekasi,Mustika Jaya,17151 ', '0821132228834', 'Klak Klik Express', '17151', '0', '', 'DISC30', '1101092');

-- --------------------------------------------------------

--
-- Struktur dari tabel `t_quotation_detail`
--

CREATE TABLE `t_quotation_detail` (
  `no_order` varchar(50) NOT NULL,
  `id_produk` int(11) NOT NULL,
  `sku` varchar(150) NOT NULL,
  `qty` int(11) NOT NULL,
  `price` decimal(10,0) NOT NULL,
  `price_discount` int(11) NOT NULL,
  `sub_total` decimal(10,0) NOT NULL
) ENGINE=InnoDB DEFAULT CHARSET=latin1;

--
-- Dumping data untuk tabel `t_quotation_detail`
--

INSERT INTO `t_quotation_detail` (`no_order`, `id_produk`, `sku`, `qty`, `price`, `price_discount`, `sub_total`) VALUES
('QUO201809130001', 36, 'BJU990', 1, '900000', 540000, '540000'),
('QUO201809130001', 35, 'EZC100H3100', 1, '1002100', 601260, '601260'),
('QUO201809130001', 34, 'XGP500-VAC', 1, '1600500', 960300, '960300'),
('QUO201809130002', 36, 'BJU990', 1, '900000', 540000, '540000'),
('QUO201809130002', 35, 'EZC100H3100', 1, '1002100', 601260, '601260'),
('QUO201809130002', 34, 'XGP500-VAC', 4, '1600500', 960300, '3841200'),
('QUO201809130003', 36, 'BJU990', 1, '900000', 540000, '540000'),
('QUO201809130003', 35, 'EZC100H3100', 1, '1002100', 601260, '601260'),
('QUO201809130003', 34, 'XGP500-VAC', 1, '1600500', 960300, '960300'),
('QUO201809130004', 35, 'EZC100H3100', 1, '1002100', 601260, '601260'),
('QUO201809130004', 34, 'XGP500-VAC', 1, '1600500', 960300, '960300');

-- --------------------------------------------------------

--
-- Struktur dari tabel `t_type_admin`
--

CREATE TABLE `t_type_admin` (
  `id` int(11) NOT NULL,
  `type` varchar(150) NOT NULL
) ENGINE=InnoDB DEFAULT CHARSET=latin1;

--
-- Dumping data untuk tabel `t_type_admin`
--

INSERT INTO `t_type_admin` (`id`, `type`) VALUES
(9, 'Admin'),
(10, 'Superuser');

-- --------------------------------------------------------

--
-- Struktur dari tabel `t_type_customer`
--

CREATE TABLE `t_type_customer` (
  `id` int(11) NOT NULL,
  `nama_type` varchar(50) NOT NULL,
  `discount` int(11) NOT NULL,
  `keterangan` varchar(200) NOT NULL
) ENGINE=InnoDB DEFAULT CHARSET=latin1;

--
-- Dumping data untuk tabel `t_type_customer`
--

INSERT INTO `t_type_customer` (`id`, `nama_type`, `discount`, `keterangan`) VALUES
(1, 'Type A', 20, 'Discount 20% untuk all Item'),
(2, 'Type B', 10, 'Discount 10% untuk all Item'),
(4, 'Type D', 40, 'Mendapat discount 40% disemua'),
(5, 'Type E', 50, '50% Untuk Kategori Mesin'),
(6, 'Type C', 25, 'Dapatkan diskon 25%');

-- --------------------------------------------------------

--
-- Struktur dari tabel `t_video`
--

CREATE TABLE `t_video` (
  `id` int(11) NOT NULL,
  `judul` varchar(150) NOT NULL,
  `link` varchar(255) NOT NULL
) ENGINE=InnoDB DEFAULT CHARSET=latin1;

--
-- Dumping data untuk tabel `t_video`
--

INSERT INTO `t_video` (`id`, `judul`, `link`) VALUES
(1, 'President 2019', '<iframe class="embed-responsive-item" width="500" height="315" src="https://www.youtube.com/embed/AybX-OtH4t4" frameborder="0" allow="autoplay; encrypted-media" allowfullscreen></iframe>'),
(2, 'Young Blood', '<iframe class="embed-responsive-item" width="500" height="315" src="https://www.youtube.com/embed/-RJSbO8UZVY" frameborder="0" allow="autoplay; encrypted-media" allowfullscreen></iframe>');

-- --------------------------------------------------------

--
-- Struktur dari tabel `user`
--

CREATE TABLE `user` (
  `id` int(11) NOT NULL,
  `nama` varchar(50) NOT NULL,
  `alamat` text NOT NULL,
  `pekerjaan` varchar(50) NOT NULL
) ENGINE=InnoDB DEFAULT CHARSET=latin1;

--
-- Dumping data untuk tabel `user`
--

INSERT INTO `user` (`id`, `nama`, `alamat`, `pekerjaan`) VALUES
(1, 'Andi', 'Surabaya', 'web programmer'),
(2, 'Santoso', 'Jakarta', 'Web Designer'),
(6, 'Samsul', 'Sumedang', 'Pegawai'),
(7, 'Bob', 'jakarta', 'penyanyi'),
(8, 'marley', 'afrika', 'penyanyi'),
(9, 'Bob', 'jakarta', 'penyanyi'),
(10, 'Bob', 'jakarta', 'penyanyi'),
(11, 'Bob', 'jakarta', 'penyanyi'),
(12, 'Bob', 'jakarta', 'penyanyi'),
(13, 'Bob', 'jakarta', 'penyanyi'),
(14, 'Bob', 'jakarta', 'penyanyi'),
(15, 'Bob', 'jakarta', 'penyanyi'),
(16, 'Bob', 'jakarta', 'penyanyi'),
(17, 'Bob', 'jakarta', 'penyanyi'),
(18, 'marley', 'afrika', 'penyanyi'),
(19, 'Bob', 'jakarta', 'penyanyi'),
(20, 'Bob', 'jakarta', 'penyanyi'),
(21, 'Bob', 'jakarta', 'penyanyi'),
(22, 'Bob', 'jakarta', 'penyanyi'),
(23, 'Bob', 'jakarta', 'penyanyi'),
(24, 'Bob', 'jakarta', 'penyanyi'),
(25, 'Bob', 'jakarta', 'penyanyi'),
(26, 'Bob', 'jakarta', 'penyanyi'),
(27, 'Bob', 'jakarta', 'penyanyi'),
(28, 'Bob', 'jakarta', 'penyanyi'),
(29, 'Bob', 'jakarta', 'penyanyi'),
(30, 'Bob', 'jakarta', 'penyanyi'),
(31, 'Bob', 'jakarta', 'penyanyi'),
(32, 'marley', 'afrika', 'penyanyi'),
(33, 'Bob', 'jakarta', 'penyanyi'),
(34, 'Bob', 'jakarta', 'penyanyi'),
(35, 'Bob', 'jakarta', 'penyanyi'),
(36, 'Bob', 'jakarta', 'penyanyi'),
(37, 'Bob', 'jakarta', 'penyanyi'),
(38, 'Bob', 'jakarta', 'penyanyi'),
(39, 'Bob', 'jakarta', 'penyanyi'),
(40, 'Bob', 'jakarta', 'penyanyi'),
(41, 'Bob', 'jakarta', 'penyanyi'),
(42, 'Bob', 'jakarta', 'penyanyi'),
(43, 'Bob', 'jakarta', 'penyanyi'),
(44, 'Bob', 'jakarta', 'penyanyi'),
(45, 'Bob', 'jakarta', 'penyanyi'),
(46, 'Bob', 'jakarta', 'penyanyi'),
(47, 'marley', 'afrika', 'penyanyi'),
(48, 'Bob', 'jakarta', 'penyanyi'),
(49, 'Bob', 'jakarta', 'penyanyi'),
(50, 'Bob', 'jakarta', 'penyanyi'),
(51, 'Bob', 'jakarta', 'penyanyi'),
(52, 'Bob', 'jakarta', 'penyanyi'),
(53, 'Bob', 'jakarta', 'penyanyi'),
(54, 'Bob', 'jakarta', 'penyanyi'),
(55, 'Bob', 'jakarta', 'penyanyi'),
(56, 'Bob', 'jakarta', 'penyanyi'),
(57, 'Bob', 'jakarta', 'penyanyi'),
(58, 'Bob', 'jakarta', 'penyanyi');

--
-- Indexes for dumped tables
--

--
-- Indexes for table `ci_sessions`
--
ALTER TABLE `ci_sessions`
  ADD PRIMARY KEY (`id`),
  ADD KEY `ci_sessions_timestamp` (`timestamp`);

--
-- Indexes for table `t_admin`
--
ALTER TABLE `t_admin`
  ADD PRIMARY KEY (`id_admin`),
  ADD UNIQUE KEY `email` (`email`);

--
-- Indexes for table `t_brand`
--
ALTER TABLE `t_brand`
  ADD PRIMARY KEY (`id`);

--
-- Indexes for table `t_coupon`
--
ALTER TABLE `t_coupon`
  ADD PRIMARY KEY (`id`);

--
-- Indexes for table `t_customer`
--
ALTER TABLE `t_customer`
  ADD PRIMARY KEY (`id`);

--
-- Indexes for table `t_kategori`
--
ALTER TABLE `t_kategori`
  ADD PRIMARY KEY (`id`);

--
-- Indexes for table `t_ongkir`
--
ALTER TABLE `t_ongkir`
  ADD PRIMARY KEY (`id`);

--
-- Indexes for table `t_order`
--
ALTER TABLE `t_order`
  ADD PRIMARY KEY (`id`);

--
-- Indexes for table `t_produk`
--
ALTER TABLE `t_produk`
  ADD PRIMARY KEY (`id`);

--
-- Indexes for table `t_quotation`
--
ALTER TABLE `t_quotation`
  ADD PRIMARY KEY (`id`);

--
-- Indexes for table `t_type_admin`
--
ALTER TABLE `t_type_admin`
  ADD PRIMARY KEY (`id`);

--
-- Indexes for table `t_type_customer`
--
ALTER TABLE `t_type_customer`
  ADD PRIMARY KEY (`id`);

--
-- Indexes for table `t_video`
--
ALTER TABLE `t_video`
  ADD PRIMARY KEY (`id`);

--
-- Indexes for table `user`
--
ALTER TABLE `user`
  ADD PRIMARY KEY (`id`);

--
-- AUTO_INCREMENT for dumped tables
--

--
-- AUTO_INCREMENT for table `t_admin`
--
ALTER TABLE `t_admin`
  MODIFY `id_admin` int(11) NOT NULL AUTO_INCREMENT, AUTO_INCREMENT=74;
--
-- AUTO_INCREMENT for table `t_brand`
--
ALTER TABLE `t_brand`
  MODIFY `id` int(11) NOT NULL AUTO_INCREMENT, AUTO_INCREMENT=11;
--
-- AUTO_INCREMENT for table `t_coupon`
--
ALTER TABLE `t_coupon`
  MODIFY `id` int(11) NOT NULL AUTO_INCREMENT, AUTO_INCREMENT=4;
--
-- AUTO_INCREMENT for table `t_customer`
--
ALTER TABLE `t_customer`
  MODIFY `id` int(11) NOT NULL AUTO_INCREMENT, AUTO_INCREMENT=9;
--
-- AUTO_INCREMENT for table `t_kategori`
--
ALTER TABLE `t_kategori`
  MODIFY `id` int(11) NOT NULL AUTO_INCREMENT, AUTO_INCREMENT=23;
--
-- AUTO_INCREMENT for table `t_ongkir`
--
ALTER TABLE `t_ongkir`
  MODIFY `id` int(11) NOT NULL AUTO_INCREMENT, AUTO_INCREMENT=3;
--
-- AUTO_INCREMENT for table `t_order`
--
ALTER TABLE `t_order`
  MODIFY `id` int(11) NOT NULL AUTO_INCREMENT, AUTO_INCREMENT=48;
--
-- AUTO_INCREMENT for table `t_produk`
--
ALTER TABLE `t_produk`
  MODIFY `id` int(11) NOT NULL AUTO_INCREMENT, AUTO_INCREMENT=37;
--
-- AUTO_INCREMENT for table `t_quotation`
--
ALTER TABLE `t_quotation`
  MODIFY `id` int(11) NOT NULL AUTO_INCREMENT, AUTO_INCREMENT=13;
--
-- AUTO_INCREMENT for table `t_type_admin`
--
ALTER TABLE `t_type_admin`
  MODIFY `id` int(11) NOT NULL AUTO_INCREMENT, AUTO_INCREMENT=11;
--
-- AUTO_INCREMENT for table `t_type_customer`
--
ALTER TABLE `t_type_customer`
  MODIFY `id` int(11) NOT NULL AUTO_INCREMENT, AUTO_INCREMENT=7;
--
-- AUTO_INCREMENT for table `t_video`
--
ALTER TABLE `t_video`
  MODIFY `id` int(11) NOT NULL AUTO_INCREMENT, AUTO_INCREMENT=3;
--
-- AUTO_INCREMENT for table `user`
--
ALTER TABLE `user`
  MODIFY `id` int(11) NOT NULL AUTO_INCREMENT, AUTO_INCREMENT=59;
/*!40101 SET CHARACTER_SET_CLIENT=@OLD_CHARACTER_SET_CLIENT */;
/*!40101 SET CHARACTER_SET_RESULTS=@OLD_CHARACTER_SET_RESULTS */;
/*!40101 SET COLLATION_CONNECTION=@OLD_COLLATION_CONNECTION */;
