-- phpMyAdmin SQL Dump
-- version 4.5.1
-- http://www.phpmyadmin.net
--
-- Host: 127.0.0.1
-- Generation Time: 07 Sep 2018 pada 02.41
-- Versi Server: 10.1.10-MariaDB
-- PHP Version: 7.0.3

SET SQL_MODE = "NO_AUTO_VALUE_ON_ZERO";
SET time_zone = "+00:00";


/*!40101 SET @OLD_CHARACTER_SET_CLIENT=@@CHARACTER_SET_CLIENT */;
/*!40101 SET @OLD_CHARACTER_SET_RESULTS=@@CHARACTER_SET_RESULTS */;
/*!40101 SET @OLD_COLLATION_CONNECTION=@@COLLATION_CONNECTION */;
/*!40101 SET NAMES utf8mb4 */;

--
-- Database: `theklakklik`
--

-- --------------------------------------------------------

--
-- Struktur dari tabel `ci_sessions`
--

CREATE TABLE `ci_sessions` (
  `id` varchar(40) NOT NULL,
  `ip_address` varchar(45) NOT NULL,
  `timestamp` int(10) UNSIGNED NOT NULL DEFAULT '0',
  `data` blob NOT NULL
) ENGINE=InnoDB DEFAULT CHARSET=latin1;

--
-- Dumping data untuk tabel `ci_sessions`
--

INSERT INTO `ci_sessions` (`id`, `ip_address`, `timestamp`, `data`) VALUES
('1115tb0orgluafv5b486fbjt83psq4eu', '::1', 1536229315, 0x5f5f63695f6c6173745f726567656e65726174657c693a313533363232393331353b69647c4e3b6e616d615f757365727c733a31343a2241726468692052616d616468616e223b656d61696c5f757365727c733a31343a2272616d6140676d61696c2e636f6d223b6c6f67696e5f73657373696f6e7c733a373a22616c6c6f776564223b746573745f73657373696f6e7c733a31353a224164612053657373696f6e204b6f6b223b6c6576656c7c733a323a223130223b70686f746f7c733a33363a2239356165383035626530613938303863356137383830356534373733373233322e6a7067223b636172745f636f6e74656e74737c613a383a7b733a31303a22636172745f746f74616c223b643a31373138333939373b733a31313a22746f74616c5f6974656d73223b643a31323b733a33323a223337363933636663373438303439653435643837623863376438623961616364223b613a373a7b733a323a226964223b733a323a223233223b733a343a226e616d65223b733a393a2241394b315234313036223b733a353a227072696365223b643a39303030303b733a333a22717479223b643a333b733a333a22676272223b733a33363a2261646430323634303765313934376238633961343065373335396465323161382e6a7067223b733a353a22726f776964223b733a33323a223337363933636663373438303439653435643837623863376438623961616364223b733a383a22737562746f74616c223b643a3237303030303b7d733a33323a223166663164653737343030356638646131336634323934333838316336353566223b613a373a7b733a323a226964223b733a323a223234223b733a343a226e616d65223b733a31323a22455a43315230304833313030223b733a353a227072696365223b643a3238303030303b733a333a22717479223b643a323b733a333a22676272223b733a33363a2261646430323634303765313934376238633961343065373335396465323161382e6a7067223b733a353a22726f776964223b733a33323a223166663164653737343030356638646131336634323934333838316336353566223b733a383a22737562746f74616c223b643a3536303030303b7d733a33323a226236643736376432663865643564323161343462306535383836363830636239223b613a373a7b733a323a226964223b733a323a223232223b733a343a226e616d65223b733a31303a2244463242524e30323030223b733a353a227072696365223b643a38393939393b733a333a22717479223b643a333b733a333a22676272223b733a33363a2261646430323634303765313934376238633961343065373335396465323161382e6a7067223b733a353a22726f776964223b733a33323a226236643736376432663865643564323161343462306535383836363830636239223b733a383a22737562746f74616c223b643a3236393939373b7d733a33323a223363353964633034386538383530323433626538303739613563373464303739223b613a373a7b733a323a226964223b733a323a223231223b733a343a226e616d65223b733a393a224c43314446524b4d37223b733a353a227072696365223b643a383030303030303b733a333a22717479223b643a323b733a333a22676272223b733a33363a2261646430323634303765313934376238633961343065373335396465323161382e6a7067223b733a353a22726f776964223b733a33323a223363353964633034386538383530323433626538303739613563373464303739223b733a383a22737562746f74616c223b643a31363030303030303b7d733a33323a223938663133373038323130313934633437353638376265363130366133623834223b613a373a7b733a323a226964223b733a323a223230223b733a343a226e616d65223b733a31313a22584750353052302d564143223b733a353a227072696365223b643a343030303b733a333a22717479223b643a313b733a333a22676272223b733a33363a2261646430323634303765313934376238633961343065373335396465323161382e6a7067223b733a353a22726f776964223b733a33323a223938663133373038323130313934633437353638376265363130366133623834223b733a383a22737562746f74616c223b643a343030303b7d733a33323a223865323936613036376133373536333337306465643035663561336266336563223b613a373a7b733a323a226964223b733a323a223235223b733a343a226e616d65223b733a373a224c41444e523232223b733a353a227072696365223b643a38303030303b733a333a22717479223b643a313b733a333a22676272223b733a33363a2261646430323634303765313934376238633961343065373335396465323161382e6a7067223b733a353a22726f776964223b733a33323a223865323936613036376133373536333337306465643035663561336266336563223b733a383a22737562746f74616c223b643a38303030303b7d7d),
('1r000fls9qfou70bbc3rpc52rmred65t', '::1', 1536226522, 0x5f5f63695f6c6173745f726567656e65726174657c693a313533363232363532323b69647c4e3b6e616d615f757365727c733a31343a2241726468692052616d616468616e223b656d61696c5f757365727c733a31343a2272616d6140676d61696c2e636f6d223b6c6f67696e5f73657373696f6e7c733a373a22616c6c6f776564223b746573745f73657373696f6e7c733a31353a224164612053657373696f6e204b6f6b223b6c6576656c7c733a323a223130223b70686f746f7c733a33363a2239356165383035626530613938303863356137383830356534373733373233322e6a7067223b636172745f636f6e74656e74737c613a383a7b733a31303a22636172745f746f74616c223b643a31373138333939373b733a31313a22746f74616c5f6974656d73223b643a31323b733a33323a223337363933636663373438303439653435643837623863376438623961616364223b613a373a7b733a323a226964223b733a323a223233223b733a343a226e616d65223b733a393a2241394b315234313036223b733a353a227072696365223b643a39303030303b733a333a22717479223b643a333b733a333a22676272223b733a33363a2261646430323634303765313934376238633961343065373335396465323161382e6a7067223b733a353a22726f776964223b733a33323a223337363933636663373438303439653435643837623863376438623961616364223b733a383a22737562746f74616c223b643a3237303030303b7d733a33323a223166663164653737343030356638646131336634323934333838316336353566223b613a373a7b733a323a226964223b733a323a223234223b733a343a226e616d65223b733a31323a22455a43315230304833313030223b733a353a227072696365223b643a3238303030303b733a333a22717479223b643a323b733a333a22676272223b733a33363a2261646430323634303765313934376238633961343065373335396465323161382e6a7067223b733a353a22726f776964223b733a33323a223166663164653737343030356638646131336634323934333838316336353566223b733a383a22737562746f74616c223b643a3536303030303b7d733a33323a226236643736376432663865643564323161343462306535383836363830636239223b613a373a7b733a323a226964223b733a323a223232223b733a343a226e616d65223b733a31303a2244463242524e30323030223b733a353a227072696365223b643a38393939393b733a333a22717479223b643a333b733a333a22676272223b733a33363a2261646430323634303765313934376238633961343065373335396465323161382e6a7067223b733a353a22726f776964223b733a33323a226236643736376432663865643564323161343462306535383836363830636239223b733a383a22737562746f74616c223b643a3236393939373b7d733a33323a223363353964633034386538383530323433626538303739613563373464303739223b613a373a7b733a323a226964223b733a323a223231223b733a343a226e616d65223b733a393a224c43314446524b4d37223b733a353a227072696365223b643a383030303030303b733a333a22717479223b643a323b733a333a22676272223b733a33363a2261646430323634303765313934376238633961343065373335396465323161382e6a7067223b733a353a22726f776964223b733a33323a223363353964633034386538383530323433626538303739613563373464303739223b733a383a22737562746f74616c223b643a31363030303030303b7d733a33323a223938663133373038323130313934633437353638376265363130366133623834223b613a373a7b733a323a226964223b733a323a223230223b733a343a226e616d65223b733a31313a22584750353052302d564143223b733a353a227072696365223b643a343030303b733a333a22717479223b643a313b733a333a22676272223b733a33363a2261646430323634303765313934376238633961343065373335396465323161382e6a7067223b733a353a22726f776964223b733a33323a223938663133373038323130313934633437353638376265363130366133623834223b733a383a22737562746f74616c223b643a343030303b7d733a33323a223865323936613036376133373536333337306465643035663561336266336563223b613a373a7b733a323a226964223b733a323a223235223b733a343a226e616d65223b733a373a224c41444e523232223b733a353a227072696365223b643a38303030303b733a333a22717479223b643a313b733a333a22676272223b733a33363a2261646430323634303765313934376238633961343065373335396465323161382e6a7067223b733a353a22726f776964223b733a33323a223865323936613036376133373536333337306465643035663561336266336563223b733a383a22737562746f74616c223b643a38303030303b7d7d),
('2dp4ouoebstds8kgtb3t8e7001g50vg7', '::1', 1536254666, 0x5f5f63695f6c6173745f726567656e65726174657c693a313533363235343636363b636172745f636f6e74656e74737c613a353a7b733a31303a22636172745f746f74616c223b643a31363039373939393b733a31313a22746f74616c5f6974656d73223b643a353b733a33323a223166306533646164393939303833343566373433396638666661626466666334223b613a373a7b733a323a226964223b733a323a223139223b733a343a226e616d65223b733a31323a22444f4d313133523431534e49223b733a353a227072696365223b643a383030303030303b733a333a22717479223b643a323b733a333a22676272223b733a33363a2261646430323634303765313934376238633961343065373335396465323161382e6a7067223b733a353a22726f776964223b733a33323a223166306533646164393939303833343566373433396638666661626466666334223b733a383a22737562746f74616c223b643a31363030303030303b7d733a33323a223938663133373038323130313934633437353638376265363130366133623834223b613a373a7b733a323a226964223b733a323a223230223b733a343a226e616d65223b733a31313a22584750353052302d564143223b733a353a227072696365223b643a343030303b733a333a22717479223b643a323b733a333a22676272223b733a33363a2261646430323634303765313934376238633961343065373335396465323161382e6a7067223b733a353a22726f776964223b733a33323a223938663133373038323130313934633437353638376265363130366133623834223b733a383a22737562746f74616c223b643a383030303b7d733a33323a226236643736376432663865643564323161343462306535383836363830636239223b613a373a7b733a323a226964223b733a323a223232223b733a343a226e616d65223b733a31303a2244463242524e30323030223b733a353a227072696365223b643a38393939393b733a333a22717479223b643a313b733a333a22676272223b733a33363a2261646430323634303765313934376238633961343065373335396465323161382e6a7067223b733a353a22726f776964223b733a33323a226236643736376432663865643564323161343462306535383836363830636239223b733a383a22737562746f74616c223b643a38393939393b7d7d69647c4e3b6e616d615f757365727c733a31343a2241726468692052616d616468616e223b656d61696c5f757365727c733a31343a2272616d6140676d61696c2e636f6d223b6c6f67696e5f73657373696f6e7c733a373a22616c6c6f776564223b746573745f73657373696f6e7c733a31353a224164612053657373696f6e204b6f6b223b6c6576656c7c733a323a223130223b70686f746f7c733a33363a2239356165383035626530613938303863356137383830356534373733373233322e6a7067223b),
('2kh5jb9ad3o7tdj96bs5adcg9hq9vnd9', '::1', 1536251858, 0x5f5f63695f6c6173745f726567656e65726174657c693a313533363235313835383b636172745f636f6e74656e74737c613a363a7b733a31303a22636172745f746f74616c223b643a32343039333939393b733a31313a22746f74616c5f6974656d73223b643a353b733a33323a223363353964633034386538383530323433626538303739613563373464303739223b613a373a7b733a323a226964223b733a323a223231223b733a343a226e616d65223b733a393a224c43314446524b4d37223b733a353a227072696365223b643a383030303030303b733a333a22717479223b643a313b733a333a22676272223b733a33363a2261646430323634303765313934376238633961343065373335396465323161382e6a7067223b733a353a22726f776964223b733a33323a223363353964633034386538383530323433626538303739613563373464303739223b733a383a22737562746f74616c223b643a383030303030303b7d733a33323a223166306533646164393939303833343566373433396638666661626466666334223b613a373a7b733a323a226964223b733a323a223139223b733a343a226e616d65223b733a31323a22444f4d313133523431534e49223b733a353a227072696365223b643a383030303030303b733a333a22717479223b643a323b733a333a22676272223b733a33363a2261646430323634303765313934376238633961343065373335396465323161382e6a7067223b733a353a22726f776964223b733a33323a223166306533646164393939303833343566373433396638666661626466666334223b733a383a22737562746f74616c223b643a31363030303030303b7d733a33323a223938663133373038323130313934633437353638376265363130366133623834223b613a373a7b733a323a226964223b733a323a223230223b733a343a226e616d65223b733a31313a22584750353052302d564143223b733a353a227072696365223b643a343030303b733a333a22717479223b643a313b733a333a22676272223b733a33363a2261646430323634303765313934376238633961343065373335396465323161382e6a7067223b733a353a22726f776964223b733a33323a223938663133373038323130313934633437353638376265363130366133623834223b733a383a22737562746f74616c223b643a343030303b7d733a33323a226236643736376432663865643564323161343462306535383836363830636239223b613a373a7b733a323a226964223b733a323a223232223b733a343a226e616d65223b733a31303a2244463242524e30323030223b733a353a227072696365223b643a38393939393b733a333a22717479223b643a313b733a333a22676272223b733a33363a2261646430323634303765313934376238633961343065373335396465323161382e6a7067223b733a353a22726f776964223b733a33323a226236643736376432663865643564323161343462306535383836363830636239223b733a383a22737562746f74616c223b643a38393939393b7d7d69647c4e3b6e616d615f757365727c733a31343a2241726468692052616d616468616e223b656d61696c5f757365727c733a31343a2272616d6140676d61696c2e636f6d223b6c6f67696e5f73657373696f6e7c733a373a22616c6c6f776564223b746573745f73657373696f6e7c733a31353a224164612053657373696f6e204b6f6b223b6c6576656c7c733a323a223130223b70686f746f7c733a33363a2239356165383035626530613938303863356137383830356534373733373233322e6a7067223b),
('2qft6bnfk2jo5lmhe3t835bmehcamk19', '::1', 1536278554, 0x5f5f63695f6c6173745f726567656e65726174657c693a313533363237383535343b69647c4e3b6e616d615f757365727c733a31343a2241726468692052616d616468616e223b656d61696c5f757365727c733a31343a2272616d6140676d61696c2e636f6d223b6c6f67696e5f73657373696f6e7c733a373a22616c6c6f776564223b746573745f73657373696f6e7c733a31353a224164612053657373696f6e204b6f6b223b6c6576656c7c733a323a223130223b70686f746f7c733a33363a2239356165383035626530613938303863356137383830356534373733373233322e6a7067223b7374617475735f616374696f6e7c733a353a22656d61696c223b5f5f63695f766172737c613a313a7b733a31333a227374617475735f616374696f6e223b733a333a226f6c64223b7d),
('35snuulr99gjdak4hf98hk5pvdj9lqbl', '::1', 1536222612, 0x5f5f63695f6c6173745f726567656e65726174657c693a313533363232323631323b69647c4e3b6e616d615f757365727c733a31343a2241726468692052616d616468616e223b656d61696c5f757365727c733a31343a2272616d6140676d61696c2e636f6d223b6c6f67696e5f73657373696f6e7c733a373a22616c6c6f776564223b746573745f73657373696f6e7c733a31353a224164612053657373696f6e204b6f6b223b6c6576656c7c733a323a223130223b70686f746f7c733a33363a2239356165383035626530613938303863356137383830356534373733373233322e6a7067223b636172745f636f6e74656e74737c613a383a7b733a31303a22636172745f746f74616c223b643a31373138333939373b733a31313a22746f74616c5f6974656d73223b643a31323b733a33323a223337363933636663373438303439653435643837623863376438623961616364223b613a373a7b733a323a226964223b733a323a223233223b733a343a226e616d65223b733a393a2241394b315234313036223b733a353a227072696365223b643a39303030303b733a333a22717479223b643a333b733a333a22676272223b733a33363a2261646430323634303765313934376238633961343065373335396465323161382e6a7067223b733a353a22726f776964223b733a33323a223337363933636663373438303439653435643837623863376438623961616364223b733a383a22737562746f74616c223b643a3237303030303b7d733a33323a223166663164653737343030356638646131336634323934333838316336353566223b613a373a7b733a323a226964223b733a323a223234223b733a343a226e616d65223b733a31323a22455a43315230304833313030223b733a353a227072696365223b643a3238303030303b733a333a22717479223b643a323b733a333a22676272223b733a33363a2261646430323634303765313934376238633961343065373335396465323161382e6a7067223b733a353a22726f776964223b733a33323a223166663164653737343030356638646131336634323934333838316336353566223b733a383a22737562746f74616c223b643a3536303030303b7d733a33323a226236643736376432663865643564323161343462306535383836363830636239223b613a373a7b733a323a226964223b733a323a223232223b733a343a226e616d65223b733a31303a2244463242524e30323030223b733a353a227072696365223b643a38393939393b733a333a22717479223b643a333b733a333a22676272223b733a33363a2261646430323634303765313934376238633961343065373335396465323161382e6a7067223b733a353a22726f776964223b733a33323a226236643736376432663865643564323161343462306535383836363830636239223b733a383a22737562746f74616c223b643a3236393939373b7d733a33323a223363353964633034386538383530323433626538303739613563373464303739223b613a373a7b733a323a226964223b733a323a223231223b733a343a226e616d65223b733a393a224c43314446524b4d37223b733a353a227072696365223b643a383030303030303b733a333a22717479223b643a323b733a333a22676272223b733a33363a2261646430323634303765313934376238633961343065373335396465323161382e6a7067223b733a353a22726f776964223b733a33323a223363353964633034386538383530323433626538303739613563373464303739223b733a383a22737562746f74616c223b643a31363030303030303b7d733a33323a223938663133373038323130313934633437353638376265363130366133623834223b613a373a7b733a323a226964223b733a323a223230223b733a343a226e616d65223b733a31313a22584750353052302d564143223b733a353a227072696365223b643a343030303b733a333a22717479223b643a313b733a333a22676272223b733a33363a2261646430323634303765313934376238633961343065373335396465323161382e6a7067223b733a353a22726f776964223b733a33323a223938663133373038323130313934633437353638376265363130366133623834223b733a383a22737562746f74616c223b643a343030303b7d733a33323a223865323936613036376133373536333337306465643035663561336266336563223b613a373a7b733a323a226964223b733a323a223235223b733a343a226e616d65223b733a373a224c41444e523232223b733a353a227072696365223b643a38303030303b733a333a22717479223b643a313b733a333a22676272223b733a33363a2261646430323634303765313934376238633961343065373335396465323161382e6a7067223b733a353a22726f776964223b733a33323a223865323936613036376133373536333337306465643035663561336266336563223b733a383a22737562746f74616c223b643a38303030303b7d7d),
('3p2atp7aa47ldf2qljpc8mcng6g8pua0', '::1', 1536226864, 0x5f5f63695f6c6173745f726567656e65726174657c693a313533363232363836343b69647c4e3b6e616d615f757365727c733a31343a2241726468692052616d616468616e223b656d61696c5f757365727c733a31343a2272616d6140676d61696c2e636f6d223b6c6f67696e5f73657373696f6e7c733a373a22616c6c6f776564223b746573745f73657373696f6e7c733a31353a224164612053657373696f6e204b6f6b223b6c6576656c7c733a323a223130223b70686f746f7c733a33363a2239356165383035626530613938303863356137383830356534373733373233322e6a7067223b636172745f636f6e74656e74737c613a383a7b733a31303a22636172745f746f74616c223b643a31373138333939373b733a31313a22746f74616c5f6974656d73223b643a31323b733a33323a223337363933636663373438303439653435643837623863376438623961616364223b613a373a7b733a323a226964223b733a323a223233223b733a343a226e616d65223b733a393a2241394b315234313036223b733a353a227072696365223b643a39303030303b733a333a22717479223b643a333b733a333a22676272223b733a33363a2261646430323634303765313934376238633961343065373335396465323161382e6a7067223b733a353a22726f776964223b733a33323a223337363933636663373438303439653435643837623863376438623961616364223b733a383a22737562746f74616c223b643a3237303030303b7d733a33323a223166663164653737343030356638646131336634323934333838316336353566223b613a373a7b733a323a226964223b733a323a223234223b733a343a226e616d65223b733a31323a22455a43315230304833313030223b733a353a227072696365223b643a3238303030303b733a333a22717479223b643a323b733a333a22676272223b733a33363a2261646430323634303765313934376238633961343065373335396465323161382e6a7067223b733a353a22726f776964223b733a33323a223166663164653737343030356638646131336634323934333838316336353566223b733a383a22737562746f74616c223b643a3536303030303b7d733a33323a226236643736376432663865643564323161343462306535383836363830636239223b613a373a7b733a323a226964223b733a323a223232223b733a343a226e616d65223b733a31303a2244463242524e30323030223b733a353a227072696365223b643a38393939393b733a333a22717479223b643a333b733a333a22676272223b733a33363a2261646430323634303765313934376238633961343065373335396465323161382e6a7067223b733a353a22726f776964223b733a33323a226236643736376432663865643564323161343462306535383836363830636239223b733a383a22737562746f74616c223b643a3236393939373b7d733a33323a223363353964633034386538383530323433626538303739613563373464303739223b613a373a7b733a323a226964223b733a323a223231223b733a343a226e616d65223b733a393a224c43314446524b4d37223b733a353a227072696365223b643a383030303030303b733a333a22717479223b643a323b733a333a22676272223b733a33363a2261646430323634303765313934376238633961343065373335396465323161382e6a7067223b733a353a22726f776964223b733a33323a223363353964633034386538383530323433626538303739613563373464303739223b733a383a22737562746f74616c223b643a31363030303030303b7d733a33323a223938663133373038323130313934633437353638376265363130366133623834223b613a373a7b733a323a226964223b733a323a223230223b733a343a226e616d65223b733a31313a22584750353052302d564143223b733a353a227072696365223b643a343030303b733a333a22717479223b643a313b733a333a22676272223b733a33363a2261646430323634303765313934376238633961343065373335396465323161382e6a7067223b733a353a22726f776964223b733a33323a223938663133373038323130313934633437353638376265363130366133623834223b733a383a22737562746f74616c223b643a343030303b7d733a33323a223865323936613036376133373536333337306465643035663561336266336563223b613a373a7b733a323a226964223b733a323a223235223b733a343a226e616d65223b733a373a224c41444e523232223b733a353a227072696365223b643a38303030303b733a333a22717479223b643a313b733a333a22676272223b733a33363a2261646430323634303765313934376238633961343065373335396465323161382e6a7067223b733a353a22726f776964223b733a33323a223865323936613036376133373536333337306465643035663561336266336563223b733a383a22737562746f74616c223b643a38303030303b7d7d),
('4t8un2kdo805g93s0uri52n57roqov1t', '::1', 1536257004, 0x5f5f63695f6c6173745f726567656e65726174657c693a313533363235373030343b636172745f636f6e74656e74737c613a353a7b733a31303a22636172745f746f74616c223b643a31363039373939393b733a31313a22746f74616c5f6974656d73223b643a353b733a33323a223166306533646164393939303833343566373433396638666661626466666334223b613a373a7b733a323a226964223b733a323a223139223b733a343a226e616d65223b733a31323a22444f4d313133523431534e49223b733a353a227072696365223b643a383030303030303b733a333a22717479223b643a323b733a333a22676272223b733a33363a2261646430323634303765313934376238633961343065373335396465323161382e6a7067223b733a353a22726f776964223b733a33323a223166306533646164393939303833343566373433396638666661626466666334223b733a383a22737562746f74616c223b643a31363030303030303b7d733a33323a223938663133373038323130313934633437353638376265363130366133623834223b613a373a7b733a323a226964223b733a323a223230223b733a343a226e616d65223b733a31313a22584750353052302d564143223b733a353a227072696365223b643a343030303b733a333a22717479223b643a323b733a333a22676272223b733a33363a2261646430323634303765313934376238633961343065373335396465323161382e6a7067223b733a353a22726f776964223b733a33323a223938663133373038323130313934633437353638376265363130366133623834223b733a383a22737562746f74616c223b643a383030303b7d733a33323a226236643736376432663865643564323161343462306535383836363830636239223b613a373a7b733a323a226964223b733a323a223232223b733a343a226e616d65223b733a31303a2244463242524e30323030223b733a353a227072696365223b643a38393939393b733a333a22717479223b643a313b733a333a22676272223b733a33363a2261646430323634303765313934376238633961343065373335396465323161382e6a7067223b733a353a22726f776964223b733a33323a226236643736376432663865643564323161343462306535383836363830636239223b733a383a22737562746f74616c223b643a38393939393b7d7d69647c4e3b6e616d615f757365727c733a31343a2241726468692052616d616468616e223b656d61696c5f757365727c733a31343a2272616d6140676d61696c2e636f6d223b6c6f67696e5f73657373696f6e7c733a373a22616c6c6f776564223b746573745f73657373696f6e7c733a31353a224164612053657373696f6e204b6f6b223b6c6576656c7c733a323a223130223b70686f746f7c733a33363a2239356165383035626530613938303863356137383830356534373733373233322e6a7067223b7374617475735f616374696f6e7c733a343a2273617665223b5f5f63695f766172737c613a313a7b733a31333a227374617475735f616374696f6e223b733a333a226f6c64223b7d),
('6ehqo2jkvukldsn2n214men783kfalos', '::1', 1536230276, 0x5f5f63695f6c6173745f726567656e65726174657c693a313533363233303237363b69647c4e3b6e616d615f757365727c733a31343a2241726468692052616d616468616e223b656d61696c5f757365727c733a31343a2272616d6140676d61696c2e636f6d223b6c6f67696e5f73657373696f6e7c733a373a22616c6c6f776564223b746573745f73657373696f6e7c733a31353a224164612053657373696f6e204b6f6b223b6c6576656c7c733a323a223130223b70686f746f7c733a33363a2239356165383035626530613938303863356137383830356534373733373233322e6a7067223b636172745f636f6e74656e74737c613a383a7b733a31303a22636172745f746f74616c223b643a31373138333939373b733a31313a22746f74616c5f6974656d73223b643a31323b733a33323a223337363933636663373438303439653435643837623863376438623961616364223b613a373a7b733a323a226964223b733a323a223233223b733a343a226e616d65223b733a393a2241394b315234313036223b733a353a227072696365223b643a39303030303b733a333a22717479223b643a333b733a333a22676272223b733a33363a2261646430323634303765313934376238633961343065373335396465323161382e6a7067223b733a353a22726f776964223b733a33323a223337363933636663373438303439653435643837623863376438623961616364223b733a383a22737562746f74616c223b643a3237303030303b7d733a33323a223166663164653737343030356638646131336634323934333838316336353566223b613a373a7b733a323a226964223b733a323a223234223b733a343a226e616d65223b733a31323a22455a43315230304833313030223b733a353a227072696365223b643a3238303030303b733a333a22717479223b643a323b733a333a22676272223b733a33363a2261646430323634303765313934376238633961343065373335396465323161382e6a7067223b733a353a22726f776964223b733a33323a223166663164653737343030356638646131336634323934333838316336353566223b733a383a22737562746f74616c223b643a3536303030303b7d733a33323a226236643736376432663865643564323161343462306535383836363830636239223b613a373a7b733a323a226964223b733a323a223232223b733a343a226e616d65223b733a31303a2244463242524e30323030223b733a353a227072696365223b643a38393939393b733a333a22717479223b643a333b733a333a22676272223b733a33363a2261646430323634303765313934376238633961343065373335396465323161382e6a7067223b733a353a22726f776964223b733a33323a226236643736376432663865643564323161343462306535383836363830636239223b733a383a22737562746f74616c223b643a3236393939373b7d733a33323a223363353964633034386538383530323433626538303739613563373464303739223b613a373a7b733a323a226964223b733a323a223231223b733a343a226e616d65223b733a393a224c43314446524b4d37223b733a353a227072696365223b643a383030303030303b733a333a22717479223b643a323b733a333a22676272223b733a33363a2261646430323634303765313934376238633961343065373335396465323161382e6a7067223b733a353a22726f776964223b733a33323a223363353964633034386538383530323433626538303739613563373464303739223b733a383a22737562746f74616c223b643a31363030303030303b7d733a33323a223938663133373038323130313934633437353638376265363130366133623834223b613a373a7b733a323a226964223b733a323a223230223b733a343a226e616d65223b733a31313a22584750353052302d564143223b733a353a227072696365223b643a343030303b733a333a22717479223b643a313b733a333a22676272223b733a33363a2261646430323634303765313934376238633961343065373335396465323161382e6a7067223b733a353a22726f776964223b733a33323a223938663133373038323130313934633437353638376265363130366133623834223b733a383a22737562746f74616c223b643a343030303b7d733a33323a223865323936613036376133373536333337306465643035663561336266336563223b613a373a7b733a323a226964223b733a323a223235223b733a343a226e616d65223b733a373a224c41444e523232223b733a353a227072696365223b643a38303030303b733a333a22717479223b643a313b733a333a22676272223b733a33363a2261646430323634303765313934376238633961343065373335396465323161382e6a7067223b733a353a22726f776964223b733a33323a223865323936613036376133373536333337306465643035663561336266336563223b733a383a22737562746f74616c223b643a38303030303b7d7d),
('6mlm3heb3g26k7gve9vbjh1oe1jbviu5', '::1', 1536259805, 0x5f5f63695f6c6173745f726567656e65726174657c693a313533363235393830353b636172745f636f6e74656e74737c613a353a7b733a31303a22636172745f746f74616c223b643a31363039373939393b733a31313a22746f74616c5f6974656d73223b643a353b733a33323a223166306533646164393939303833343566373433396638666661626466666334223b613a373a7b733a323a226964223b733a323a223139223b733a343a226e616d65223b733a31323a22444f4d313133523431534e49223b733a353a227072696365223b643a383030303030303b733a333a22717479223b643a323b733a333a22676272223b733a33363a2261646430323634303765313934376238633961343065373335396465323161382e6a7067223b733a353a22726f776964223b733a33323a223166306533646164393939303833343566373433396638666661626466666334223b733a383a22737562746f74616c223b643a31363030303030303b7d733a33323a223938663133373038323130313934633437353638376265363130366133623834223b613a373a7b733a323a226964223b733a323a223230223b733a343a226e616d65223b733a31313a22584750353052302d564143223b733a353a227072696365223b643a343030303b733a333a22717479223b643a323b733a333a22676272223b733a33363a2261646430323634303765313934376238633961343065373335396465323161382e6a7067223b733a353a22726f776964223b733a33323a223938663133373038323130313934633437353638376265363130366133623834223b733a383a22737562746f74616c223b643a383030303b7d733a33323a226236643736376432663865643564323161343462306535383836363830636239223b613a373a7b733a323a226964223b733a323a223232223b733a343a226e616d65223b733a31303a2244463242524e30323030223b733a353a227072696365223b643a38393939393b733a333a22717479223b643a313b733a333a22676272223b733a33363a2261646430323634303765313934376238633961343065373335396465323161382e6a7067223b733a353a22726f776964223b733a33323a226236643736376432663865643564323161343462306535383836363830636239223b733a383a22737562746f74616c223b643a38393939393b7d7d69647c4e3b6e616d615f757365727c733a31343a2241726468692052616d616468616e223b656d61696c5f757365727c733a31343a2272616d6140676d61696c2e636f6d223b6c6f67696e5f73657373696f6e7c733a373a22616c6c6f776564223b746573745f73657373696f6e7c733a31353a224164612053657373696f6e204b6f6b223b6c6576656c7c733a323a223130223b70686f746f7c733a33363a2239356165383035626530613938303863356137383830356534373733373233322e6a7067223b),
('6udibm8o7hgfgjpdg9je564hp92g6kj5', '::1', 1536231588, 0x5f5f63695f6c6173745f726567656e65726174657c693a313533363233313332363b69647c4e3b6e616d615f757365727c733a31343a2241726468692052616d616468616e223b656d61696c5f757365727c733a31343a2272616d6140676d61696c2e636f6d223b6c6f67696e5f73657373696f6e7c733a373a22616c6c6f776564223b746573745f73657373696f6e7c733a31353a224164612053657373696f6e204b6f6b223b6c6576656c7c733a323a223130223b70686f746f7c733a33363a2239356165383035626530613938303863356137383830356534373733373233322e6a7067223b636172745f636f6e74656e74737c613a383a7b733a31303a22636172745f746f74616c223b643a31373138333939373b733a31313a22746f74616c5f6974656d73223b643a31323b733a33323a223337363933636663373438303439653435643837623863376438623961616364223b613a373a7b733a323a226964223b733a323a223233223b733a343a226e616d65223b733a393a2241394b315234313036223b733a353a227072696365223b643a39303030303b733a333a22717479223b643a333b733a333a22676272223b733a33363a2261646430323634303765313934376238633961343065373335396465323161382e6a7067223b733a353a22726f776964223b733a33323a223337363933636663373438303439653435643837623863376438623961616364223b733a383a22737562746f74616c223b643a3237303030303b7d733a33323a223166663164653737343030356638646131336634323934333838316336353566223b613a373a7b733a323a226964223b733a323a223234223b733a343a226e616d65223b733a31323a22455a43315230304833313030223b733a353a227072696365223b643a3238303030303b733a333a22717479223b643a323b733a333a22676272223b733a33363a2261646430323634303765313934376238633961343065373335396465323161382e6a7067223b733a353a22726f776964223b733a33323a223166663164653737343030356638646131336634323934333838316336353566223b733a383a22737562746f74616c223b643a3536303030303b7d733a33323a226236643736376432663865643564323161343462306535383836363830636239223b613a373a7b733a323a226964223b733a323a223232223b733a343a226e616d65223b733a31303a2244463242524e30323030223b733a353a227072696365223b643a38393939393b733a333a22717479223b643a333b733a333a22676272223b733a33363a2261646430323634303765313934376238633961343065373335396465323161382e6a7067223b733a353a22726f776964223b733a33323a226236643736376432663865643564323161343462306535383836363830636239223b733a383a22737562746f74616c223b643a3236393939373b7d733a33323a223363353964633034386538383530323433626538303739613563373464303739223b613a373a7b733a323a226964223b733a323a223231223b733a343a226e616d65223b733a393a224c43314446524b4d37223b733a353a227072696365223b643a383030303030303b733a333a22717479223b643a323b733a333a22676272223b733a33363a2261646430323634303765313934376238633961343065373335396465323161382e6a7067223b733a353a22726f776964223b733a33323a223363353964633034386538383530323433626538303739613563373464303739223b733a383a22737562746f74616c223b643a31363030303030303b7d733a33323a223938663133373038323130313934633437353638376265363130366133623834223b613a373a7b733a323a226964223b733a323a223230223b733a343a226e616d65223b733a31313a22584750353052302d564143223b733a353a227072696365223b643a343030303b733a333a22717479223b643a313b733a333a22676272223b733a33363a2261646430323634303765313934376238633961343065373335396465323161382e6a7067223b733a353a22726f776964223b733a33323a223938663133373038323130313934633437353638376265363130366133623834223b733a383a22737562746f74616c223b643a343030303b7d733a33323a223865323936613036376133373536333337306465643035663561336266336563223b613a373a7b733a323a226964223b733a323a223235223b733a343a226e616d65223b733a373a224c41444e523232223b733a353a227072696365223b643a38303030303b733a333a22717479223b643a313b733a333a22676272223b733a33363a2261646430323634303765313934376238633961343065373335396465323161382e6a7067223b733a353a22726f776964223b733a33323a223865323936613036376133373536333337306465643035663561336266336563223b733a383a22737562746f74616c223b643a38303030303b7d7d),
('7lco0gbbtq5dbhjpdcrinh25qsrptgu7', '::1', 1536248119, 0x5f5f63695f6c6173745f726567656e65726174657c693a313533363234383131393b636172745f636f6e74656e74737c613a363a7b733a31303a22636172745f746f74616c223b643a32343039333939393b733a31313a22746f74616c5f6974656d73223b643a353b733a33323a223363353964633034386538383530323433626538303739613563373464303739223b613a373a7b733a323a226964223b733a323a223231223b733a343a226e616d65223b733a393a224c43314446524b4d37223b733a353a227072696365223b643a383030303030303b733a333a22717479223b643a313b733a333a22676272223b733a33363a2261646430323634303765313934376238633961343065373335396465323161382e6a7067223b733a353a22726f776964223b733a33323a223363353964633034386538383530323433626538303739613563373464303739223b733a383a22737562746f74616c223b643a383030303030303b7d733a33323a223166306533646164393939303833343566373433396638666661626466666334223b613a373a7b733a323a226964223b733a323a223139223b733a343a226e616d65223b733a31323a22444f4d313133523431534e49223b733a353a227072696365223b643a383030303030303b733a333a22717479223b643a323b733a333a22676272223b733a33363a2261646430323634303765313934376238633961343065373335396465323161382e6a7067223b733a353a22726f776964223b733a33323a223166306533646164393939303833343566373433396638666661626466666334223b733a383a22737562746f74616c223b643a31363030303030303b7d733a33323a223938663133373038323130313934633437353638376265363130366133623834223b613a373a7b733a323a226964223b733a323a223230223b733a343a226e616d65223b733a31313a22584750353052302d564143223b733a353a227072696365223b643a343030303b733a333a22717479223b643a313b733a333a22676272223b733a33363a2261646430323634303765313934376238633961343065373335396465323161382e6a7067223b733a353a22726f776964223b733a33323a223938663133373038323130313934633437353638376265363130366133623834223b733a383a22737562746f74616c223b643a343030303b7d733a33323a226236643736376432663865643564323161343462306535383836363830636239223b613a373a7b733a323a226964223b733a323a223232223b733a343a226e616d65223b733a31303a2244463242524e30323030223b733a353a227072696365223b643a38393939393b733a333a22717479223b643a313b733a333a22676272223b733a33363a2261646430323634303765313934376238633961343065373335396465323161382e6a7067223b733a353a22726f776964223b733a33323a226236643736376432663865643564323161343462306535383836363830636239223b733a383a22737562746f74616c223b643a38393939393b7d7d69647c4e3b6e616d615f757365727c733a31343a2241726468692052616d616468616e223b656d61696c5f757365727c733a31343a2272616d6140676d61696c2e636f6d223b6c6f67696e5f73657373696f6e7c733a373a22616c6c6f776564223b746573745f73657373696f6e7c733a31353a224164612053657373696f6e204b6f6b223b6c6576656c7c733a323a223130223b70686f746f7c733a33363a2239356165383035626530613938303863356137383830356534373733373233322e6a7067223b),
('7rbp5clcjtopggipuj471jm0elfgn5nr', '::1', 1536225418, 0x5f5f63695f6c6173745f726567656e65726174657c693a313533363232353431383b69647c4e3b6e616d615f757365727c733a31343a2241726468692052616d616468616e223b656d61696c5f757365727c733a31343a2272616d6140676d61696c2e636f6d223b6c6f67696e5f73657373696f6e7c733a373a22616c6c6f776564223b746573745f73657373696f6e7c733a31353a224164612053657373696f6e204b6f6b223b6c6576656c7c733a323a223130223b70686f746f7c733a33363a2239356165383035626530613938303863356137383830356534373733373233322e6a7067223b636172745f636f6e74656e74737c613a383a7b733a31303a22636172745f746f74616c223b643a31373138333939373b733a31313a22746f74616c5f6974656d73223b643a31323b733a33323a223337363933636663373438303439653435643837623863376438623961616364223b613a373a7b733a323a226964223b733a323a223233223b733a343a226e616d65223b733a393a2241394b315234313036223b733a353a227072696365223b643a39303030303b733a333a22717479223b643a333b733a333a22676272223b733a33363a2261646430323634303765313934376238633961343065373335396465323161382e6a7067223b733a353a22726f776964223b733a33323a223337363933636663373438303439653435643837623863376438623961616364223b733a383a22737562746f74616c223b643a3237303030303b7d733a33323a223166663164653737343030356638646131336634323934333838316336353566223b613a373a7b733a323a226964223b733a323a223234223b733a343a226e616d65223b733a31323a22455a43315230304833313030223b733a353a227072696365223b643a3238303030303b733a333a22717479223b643a323b733a333a22676272223b733a33363a2261646430323634303765313934376238633961343065373335396465323161382e6a7067223b733a353a22726f776964223b733a33323a223166663164653737343030356638646131336634323934333838316336353566223b733a383a22737562746f74616c223b643a3536303030303b7d733a33323a226236643736376432663865643564323161343462306535383836363830636239223b613a373a7b733a323a226964223b733a323a223232223b733a343a226e616d65223b733a31303a2244463242524e30323030223b733a353a227072696365223b643a38393939393b733a333a22717479223b643a333b733a333a22676272223b733a33363a2261646430323634303765313934376238633961343065373335396465323161382e6a7067223b733a353a22726f776964223b733a33323a226236643736376432663865643564323161343462306535383836363830636239223b733a383a22737562746f74616c223b643a3236393939373b7d733a33323a223363353964633034386538383530323433626538303739613563373464303739223b613a373a7b733a323a226964223b733a323a223231223b733a343a226e616d65223b733a393a224c43314446524b4d37223b733a353a227072696365223b643a383030303030303b733a333a22717479223b643a323b733a333a22676272223b733a33363a2261646430323634303765313934376238633961343065373335396465323161382e6a7067223b733a353a22726f776964223b733a33323a223363353964633034386538383530323433626538303739613563373464303739223b733a383a22737562746f74616c223b643a31363030303030303b7d733a33323a223938663133373038323130313934633437353638376265363130366133623834223b613a373a7b733a323a226964223b733a323a223230223b733a343a226e616d65223b733a31313a22584750353052302d564143223b733a353a227072696365223b643a343030303b733a333a22717479223b643a313b733a333a22676272223b733a33363a2261646430323634303765313934376238633961343065373335396465323161382e6a7067223b733a353a22726f776964223b733a33323a223938663133373038323130313934633437353638376265363130366133623834223b733a383a22737562746f74616c223b643a343030303b7d733a33323a223865323936613036376133373536333337306465643035663561336266336563223b613a373a7b733a323a226964223b733a323a223235223b733a343a226e616d65223b733a373a224c41444e523232223b733a353a227072696365223b643a38303030303b733a333a22717479223b643a313b733a333a22676272223b733a33363a2261646430323634303765313934376238633961343065373335396465323161382e6a7067223b733a353a22726f776964223b733a33323a223865323936613036376133373536333337306465643035663561336266336563223b733a383a22737562746f74616c223b643a38303030303b7d7d),
('7vkq4qhrq0oegfq21canp10sb85efia6', '::1', 1536226179, 0x5f5f63695f6c6173745f726567656e65726174657c693a313533363232363137393b69647c4e3b6e616d615f757365727c733a31343a2241726468692052616d616468616e223b656d61696c5f757365727c733a31343a2272616d6140676d61696c2e636f6d223b6c6f67696e5f73657373696f6e7c733a373a22616c6c6f776564223b746573745f73657373696f6e7c733a31353a224164612053657373696f6e204b6f6b223b6c6576656c7c733a323a223130223b70686f746f7c733a33363a2239356165383035626530613938303863356137383830356534373733373233322e6a7067223b636172745f636f6e74656e74737c613a383a7b733a31303a22636172745f746f74616c223b643a31373138333939373b733a31313a22746f74616c5f6974656d73223b643a31323b733a33323a223337363933636663373438303439653435643837623863376438623961616364223b613a373a7b733a323a226964223b733a323a223233223b733a343a226e616d65223b733a393a2241394b315234313036223b733a353a227072696365223b643a39303030303b733a333a22717479223b643a333b733a333a22676272223b733a33363a2261646430323634303765313934376238633961343065373335396465323161382e6a7067223b733a353a22726f776964223b733a33323a223337363933636663373438303439653435643837623863376438623961616364223b733a383a22737562746f74616c223b643a3237303030303b7d733a33323a223166663164653737343030356638646131336634323934333838316336353566223b613a373a7b733a323a226964223b733a323a223234223b733a343a226e616d65223b733a31323a22455a43315230304833313030223b733a353a227072696365223b643a3238303030303b733a333a22717479223b643a323b733a333a22676272223b733a33363a2261646430323634303765313934376238633961343065373335396465323161382e6a7067223b733a353a22726f776964223b733a33323a223166663164653737343030356638646131336634323934333838316336353566223b733a383a22737562746f74616c223b643a3536303030303b7d733a33323a226236643736376432663865643564323161343462306535383836363830636239223b613a373a7b733a323a226964223b733a323a223232223b733a343a226e616d65223b733a31303a2244463242524e30323030223b733a353a227072696365223b643a38393939393b733a333a22717479223b643a333b733a333a22676272223b733a33363a2261646430323634303765313934376238633961343065373335396465323161382e6a7067223b733a353a22726f776964223b733a33323a226236643736376432663865643564323161343462306535383836363830636239223b733a383a22737562746f74616c223b643a3236393939373b7d733a33323a223363353964633034386538383530323433626538303739613563373464303739223b613a373a7b733a323a226964223b733a323a223231223b733a343a226e616d65223b733a393a224c43314446524b4d37223b733a353a227072696365223b643a383030303030303b733a333a22717479223b643a323b733a333a22676272223b733a33363a2261646430323634303765313934376238633961343065373335396465323161382e6a7067223b733a353a22726f776964223b733a33323a223363353964633034386538383530323433626538303739613563373464303739223b733a383a22737562746f74616c223b643a31363030303030303b7d733a33323a223938663133373038323130313934633437353638376265363130366133623834223b613a373a7b733a323a226964223b733a323a223230223b733a343a226e616d65223b733a31313a22584750353052302d564143223b733a353a227072696365223b643a343030303b733a333a22717479223b643a313b733a333a22676272223b733a33363a2261646430323634303765313934376238633961343065373335396465323161382e6a7067223b733a353a22726f776964223b733a33323a223938663133373038323130313934633437353638376265363130366133623834223b733a383a22737562746f74616c223b643a343030303b7d733a33323a223865323936613036376133373536333337306465643035663561336266336563223b613a373a7b733a323a226964223b733a323a223235223b733a343a226e616d65223b733a373a224c41444e523232223b733a353a227072696365223b643a38303030303b733a333a22717479223b643a313b733a333a22676272223b733a33363a2261646430323634303765313934376238633961343065373335396465323161382e6a7067223b733a353a22726f776964223b733a33323a223865323936613036376133373536333337306465643035663561336266336563223b733a383a22737562746f74616c223b643a38303030303b7d7d),
('8sgkun3f4r113jf7ef8uevkcdcvl6fj3', '::1', 1536247752, 0x5f5f63695f6c6173745f726567656e65726174657c693a313533363234373735323b636172745f636f6e74656e74737c613a363a7b733a31303a22636172745f746f74616c223b643a32343039333939393b733a31313a22746f74616c5f6974656d73223b643a353b733a33323a223363353964633034386538383530323433626538303739613563373464303739223b613a373a7b733a323a226964223b733a323a223231223b733a343a226e616d65223b733a393a224c43314446524b4d37223b733a353a227072696365223b643a383030303030303b733a333a22717479223b643a313b733a333a22676272223b733a33363a2261646430323634303765313934376238633961343065373335396465323161382e6a7067223b733a353a22726f776964223b733a33323a223363353964633034386538383530323433626538303739613563373464303739223b733a383a22737562746f74616c223b643a383030303030303b7d733a33323a223166306533646164393939303833343566373433396638666661626466666334223b613a373a7b733a323a226964223b733a323a223139223b733a343a226e616d65223b733a31323a22444f4d313133523431534e49223b733a353a227072696365223b643a383030303030303b733a333a22717479223b643a323b733a333a22676272223b733a33363a2261646430323634303765313934376238633961343065373335396465323161382e6a7067223b733a353a22726f776964223b733a33323a223166306533646164393939303833343566373433396638666661626466666334223b733a383a22737562746f74616c223b643a31363030303030303b7d733a33323a223938663133373038323130313934633437353638376265363130366133623834223b613a373a7b733a323a226964223b733a323a223230223b733a343a226e616d65223b733a31313a22584750353052302d564143223b733a353a227072696365223b643a343030303b733a333a22717479223b643a313b733a333a22676272223b733a33363a2261646430323634303765313934376238633961343065373335396465323161382e6a7067223b733a353a22726f776964223b733a33323a223938663133373038323130313934633437353638376265363130366133623834223b733a383a22737562746f74616c223b643a343030303b7d733a33323a226236643736376432663865643564323161343462306535383836363830636239223b613a373a7b733a323a226964223b733a323a223232223b733a343a226e616d65223b733a31303a2244463242524e30323030223b733a353a227072696365223b643a38393939393b733a333a22717479223b643a313b733a333a22676272223b733a33363a2261646430323634303765313934376238633961343065373335396465323161382e6a7067223b733a353a22726f776964223b733a33323a226236643736376432663865643564323161343462306535383836363830636239223b733a383a22737562746f74616c223b643a38393939393b7d7d69647c4e3b6e616d615f757365727c733a31343a2241726468692052616d616468616e223b656d61696c5f757365727c733a31343a2272616d6140676d61696c2e636f6d223b6c6f67696e5f73657373696f6e7c733a373a22616c6c6f776564223b746573745f73657373696f6e7c733a31353a224164612053657373696f6e204b6f6b223b6c6576656c7c733a323a223130223b70686f746f7c733a33363a2239356165383035626530613938303863356137383830356534373733373233322e6a7067223b),
('9f3argsi7vqrit1aia4oim0cppgk8rlk', '::1', 1536279759, 0x5f5f63695f6c6173745f726567656e65726174657c693a313533363237393735393b69647c4e3b6e616d615f757365727c733a31343a2241726468692052616d616468616e223b656d61696c5f757365727c733a31343a2272616d6140676d61696c2e636f6d223b6c6f67696e5f73657373696f6e7c733a373a22616c6c6f776564223b746573745f73657373696f6e7c733a31353a224164612053657373696f6e204b6f6b223b6c6576656c7c733a323a223130223b70686f746f7c733a33363a2239356165383035626530613938303863356137383830356534373733373233322e6a7067223b),
('9glaeuorpp0gj9e4o1ojgibje4hmv356', '::1', 1536230593, 0x5f5f63695f6c6173745f726567656e65726174657c693a313533363233303539333b69647c4e3b6e616d615f757365727c733a31343a2241726468692052616d616468616e223b656d61696c5f757365727c733a31343a2272616d6140676d61696c2e636f6d223b6c6f67696e5f73657373696f6e7c733a373a22616c6c6f776564223b746573745f73657373696f6e7c733a31353a224164612053657373696f6e204b6f6b223b6c6576656c7c733a323a223130223b70686f746f7c733a33363a2239356165383035626530613938303863356137383830356534373733373233322e6a7067223b636172745f636f6e74656e74737c613a383a7b733a31303a22636172745f746f74616c223b643a31373138333939373b733a31313a22746f74616c5f6974656d73223b643a31323b733a33323a223337363933636663373438303439653435643837623863376438623961616364223b613a373a7b733a323a226964223b733a323a223233223b733a343a226e616d65223b733a393a2241394b315234313036223b733a353a227072696365223b643a39303030303b733a333a22717479223b643a333b733a333a22676272223b733a33363a2261646430323634303765313934376238633961343065373335396465323161382e6a7067223b733a353a22726f776964223b733a33323a223337363933636663373438303439653435643837623863376438623961616364223b733a383a22737562746f74616c223b643a3237303030303b7d733a33323a223166663164653737343030356638646131336634323934333838316336353566223b613a373a7b733a323a226964223b733a323a223234223b733a343a226e616d65223b733a31323a22455a43315230304833313030223b733a353a227072696365223b643a3238303030303b733a333a22717479223b643a323b733a333a22676272223b733a33363a2261646430323634303765313934376238633961343065373335396465323161382e6a7067223b733a353a22726f776964223b733a33323a223166663164653737343030356638646131336634323934333838316336353566223b733a383a22737562746f74616c223b643a3536303030303b7d733a33323a226236643736376432663865643564323161343462306535383836363830636239223b613a373a7b733a323a226964223b733a323a223232223b733a343a226e616d65223b733a31303a2244463242524e30323030223b733a353a227072696365223b643a38393939393b733a333a22717479223b643a333b733a333a22676272223b733a33363a2261646430323634303765313934376238633961343065373335396465323161382e6a7067223b733a353a22726f776964223b733a33323a226236643736376432663865643564323161343462306535383836363830636239223b733a383a22737562746f74616c223b643a3236393939373b7d733a33323a223363353964633034386538383530323433626538303739613563373464303739223b613a373a7b733a323a226964223b733a323a223231223b733a343a226e616d65223b733a393a224c43314446524b4d37223b733a353a227072696365223b643a383030303030303b733a333a22717479223b643a323b733a333a22676272223b733a33363a2261646430323634303765313934376238633961343065373335396465323161382e6a7067223b733a353a22726f776964223b733a33323a223363353964633034386538383530323433626538303739613563373464303739223b733a383a22737562746f74616c223b643a31363030303030303b7d733a33323a223938663133373038323130313934633437353638376265363130366133623834223b613a373a7b733a323a226964223b733a323a223230223b733a343a226e616d65223b733a31313a22584750353052302d564143223b733a353a227072696365223b643a343030303b733a333a22717479223b643a313b733a333a22676272223b733a33363a2261646430323634303765313934376238633961343065373335396465323161382e6a7067223b733a353a22726f776964223b733a33323a223938663133373038323130313934633437353638376265363130366133623834223b733a383a22737562746f74616c223b643a343030303b7d733a33323a223865323936613036376133373536333337306465643035663561336266336563223b613a373a7b733a323a226964223b733a323a223235223b733a343a226e616d65223b733a373a224c41444e523232223b733a353a227072696365223b643a38303030303b733a333a22717479223b643a313b733a333a22676272223b733a33363a2261646430323634303765313934376238633961343065373335396465323161382e6a7067223b733a353a22726f776964223b733a33323a223865323936613036376133373536333337306465643035663561336266336563223b733a383a22737562746f74616c223b643a38303030303b7d7d);
INSERT INTO `ci_sessions` (`id`, `ip_address`, `timestamp`, `data`) VALUES
('9gqnoloqme3k3taki21hnueepuafmc97', '::1', 1536278218, 0x5f5f63695f6c6173745f726567656e65726174657c693a313533363237383231383b),
('a64t7e9okr8hp5mhfvjnnhksngpg7qv4', '::1', 1536255880, 0x5f5f63695f6c6173745f726567656e65726174657c693a313533363235353838303b636172745f636f6e74656e74737c613a353a7b733a31303a22636172745f746f74616c223b643a31363039373939393b733a31313a22746f74616c5f6974656d73223b643a353b733a33323a223166306533646164393939303833343566373433396638666661626466666334223b613a373a7b733a323a226964223b733a323a223139223b733a343a226e616d65223b733a31323a22444f4d313133523431534e49223b733a353a227072696365223b643a383030303030303b733a333a22717479223b643a323b733a333a22676272223b733a33363a2261646430323634303765313934376238633961343065373335396465323161382e6a7067223b733a353a22726f776964223b733a33323a223166306533646164393939303833343566373433396638666661626466666334223b733a383a22737562746f74616c223b643a31363030303030303b7d733a33323a223938663133373038323130313934633437353638376265363130366133623834223b613a373a7b733a323a226964223b733a323a223230223b733a343a226e616d65223b733a31313a22584750353052302d564143223b733a353a227072696365223b643a343030303b733a333a22717479223b643a323b733a333a22676272223b733a33363a2261646430323634303765313934376238633961343065373335396465323161382e6a7067223b733a353a22726f776964223b733a33323a223938663133373038323130313934633437353638376265363130366133623834223b733a383a22737562746f74616c223b643a383030303b7d733a33323a226236643736376432663865643564323161343462306535383836363830636239223b613a373a7b733a323a226964223b733a323a223232223b733a343a226e616d65223b733a31303a2244463242524e30323030223b733a353a227072696365223b643a38393939393b733a333a22717479223b643a313b733a333a22676272223b733a33363a2261646430323634303765313934376238633961343065373335396465323161382e6a7067223b733a353a22726f776964223b733a33323a226236643736376432663865643564323161343462306535383836363830636239223b733a383a22737562746f74616c223b643a38393939393b7d7d69647c4e3b6e616d615f757365727c733a31343a2241726468692052616d616468616e223b656d61696c5f757365727c733a31343a2272616d6140676d61696c2e636f6d223b6c6f67696e5f73657373696f6e7c733a373a22616c6c6f776564223b746573745f73657373696f6e7c733a31353a224164612053657373696f6e204b6f6b223b6c6576656c7c733a323a223130223b70686f746f7c733a33363a2239356165383035626530613938303863356137383830356534373733373233322e6a7067223b),
('am6rihuqs7mboq1dae8jat3rc5ehje8a', '::1', 1536224952, 0x5f5f63695f6c6173745f726567656e65726174657c693a313533363232343935323b69647c4e3b6e616d615f757365727c733a31343a2241726468692052616d616468616e223b656d61696c5f757365727c733a31343a2272616d6140676d61696c2e636f6d223b6c6f67696e5f73657373696f6e7c733a373a22616c6c6f776564223b746573745f73657373696f6e7c733a31353a224164612053657373696f6e204b6f6b223b6c6576656c7c733a323a223130223b70686f746f7c733a33363a2239356165383035626530613938303863356137383830356534373733373233322e6a7067223b636172745f636f6e74656e74737c613a383a7b733a31303a22636172745f746f74616c223b643a31373138333939373b733a31313a22746f74616c5f6974656d73223b643a31323b733a33323a223337363933636663373438303439653435643837623863376438623961616364223b613a373a7b733a323a226964223b733a323a223233223b733a343a226e616d65223b733a393a2241394b315234313036223b733a353a227072696365223b643a39303030303b733a333a22717479223b643a333b733a333a22676272223b733a33363a2261646430323634303765313934376238633961343065373335396465323161382e6a7067223b733a353a22726f776964223b733a33323a223337363933636663373438303439653435643837623863376438623961616364223b733a383a22737562746f74616c223b643a3237303030303b7d733a33323a223166663164653737343030356638646131336634323934333838316336353566223b613a373a7b733a323a226964223b733a323a223234223b733a343a226e616d65223b733a31323a22455a43315230304833313030223b733a353a227072696365223b643a3238303030303b733a333a22717479223b643a323b733a333a22676272223b733a33363a2261646430323634303765313934376238633961343065373335396465323161382e6a7067223b733a353a22726f776964223b733a33323a223166663164653737343030356638646131336634323934333838316336353566223b733a383a22737562746f74616c223b643a3536303030303b7d733a33323a226236643736376432663865643564323161343462306535383836363830636239223b613a373a7b733a323a226964223b733a323a223232223b733a343a226e616d65223b733a31303a2244463242524e30323030223b733a353a227072696365223b643a38393939393b733a333a22717479223b643a333b733a333a22676272223b733a33363a2261646430323634303765313934376238633961343065373335396465323161382e6a7067223b733a353a22726f776964223b733a33323a226236643736376432663865643564323161343462306535383836363830636239223b733a383a22737562746f74616c223b643a3236393939373b7d733a33323a223363353964633034386538383530323433626538303739613563373464303739223b613a373a7b733a323a226964223b733a323a223231223b733a343a226e616d65223b733a393a224c43314446524b4d37223b733a353a227072696365223b643a383030303030303b733a333a22717479223b643a323b733a333a22676272223b733a33363a2261646430323634303765313934376238633961343065373335396465323161382e6a7067223b733a353a22726f776964223b733a33323a223363353964633034386538383530323433626538303739613563373464303739223b733a383a22737562746f74616c223b643a31363030303030303b7d733a33323a223938663133373038323130313934633437353638376265363130366133623834223b613a373a7b733a323a226964223b733a323a223230223b733a343a226e616d65223b733a31313a22584750353052302d564143223b733a353a227072696365223b643a343030303b733a333a22717479223b643a313b733a333a22676272223b733a33363a2261646430323634303765313934376238633961343065373335396465323161382e6a7067223b733a353a22726f776964223b733a33323a223938663133373038323130313934633437353638376265363130366133623834223b733a383a22737562746f74616c223b643a343030303b7d733a33323a223865323936613036376133373536333337306465643035663561336266336563223b613a373a7b733a323a226964223b733a323a223235223b733a343a226e616d65223b733a373a224c41444e523232223b733a353a227072696365223b643a38303030303b733a333a22717479223b643a313b733a333a22676272223b733a33363a2261646430323634303765313934376238633961343065373335396465323161382e6a7067223b733a353a22726f776964223b733a33323a223865323936613036376133373536333337306465643035663561336266336563223b733a383a22737562746f74616c223b643a38303030303b7d7d),
('c99vsinbg7mjlcve6a9hb4g0dkpptdb3', '::1', 1536258503, 0x5f5f63695f6c6173745f726567656e65726174657c693a313533363235383530333b636172745f636f6e74656e74737c613a353a7b733a31303a22636172745f746f74616c223b643a31363039373939393b733a31313a22746f74616c5f6974656d73223b643a353b733a33323a223166306533646164393939303833343566373433396638666661626466666334223b613a373a7b733a323a226964223b733a323a223139223b733a343a226e616d65223b733a31323a22444f4d313133523431534e49223b733a353a227072696365223b643a383030303030303b733a333a22717479223b643a323b733a333a22676272223b733a33363a2261646430323634303765313934376238633961343065373335396465323161382e6a7067223b733a353a22726f776964223b733a33323a223166306533646164393939303833343566373433396638666661626466666334223b733a383a22737562746f74616c223b643a31363030303030303b7d733a33323a223938663133373038323130313934633437353638376265363130366133623834223b613a373a7b733a323a226964223b733a323a223230223b733a343a226e616d65223b733a31313a22584750353052302d564143223b733a353a227072696365223b643a343030303b733a333a22717479223b643a323b733a333a22676272223b733a33363a2261646430323634303765313934376238633961343065373335396465323161382e6a7067223b733a353a22726f776964223b733a33323a223938663133373038323130313934633437353638376265363130366133623834223b733a383a22737562746f74616c223b643a383030303b7d733a33323a226236643736376432663865643564323161343462306535383836363830636239223b613a373a7b733a323a226964223b733a323a223232223b733a343a226e616d65223b733a31303a2244463242524e30323030223b733a353a227072696365223b643a38393939393b733a333a22717479223b643a313b733a333a22676272223b733a33363a2261646430323634303765313934376238633961343065373335396465323161382e6a7067223b733a353a22726f776964223b733a33323a226236643736376432663865643564323161343462306535383836363830636239223b733a383a22737562746f74616c223b643a38393939393b7d7d69647c4e3b6e616d615f757365727c733a31343a2241726468692052616d616468616e223b656d61696c5f757365727c733a31343a2272616d6140676d61696c2e636f6d223b6c6f67696e5f73657373696f6e7c733a373a22616c6c6f776564223b746573745f73657373696f6e7c733a31353a224164612053657373696f6e204b6f6b223b6c6576656c7c733a323a223130223b70686f746f7c733a33363a2239356165383035626530613938303863356137383830356534373733373233322e6a7067223b),
('do9agss35onefss1kio59ods1g3du4fr', '::1', 1536255111, 0x5f5f63695f6c6173745f726567656e65726174657c693a313533363235353131313b636172745f636f6e74656e74737c613a353a7b733a31303a22636172745f746f74616c223b643a31363039373939393b733a31313a22746f74616c5f6974656d73223b643a353b733a33323a223166306533646164393939303833343566373433396638666661626466666334223b613a373a7b733a323a226964223b733a323a223139223b733a343a226e616d65223b733a31323a22444f4d313133523431534e49223b733a353a227072696365223b643a383030303030303b733a333a22717479223b643a323b733a333a22676272223b733a33363a2261646430323634303765313934376238633961343065373335396465323161382e6a7067223b733a353a22726f776964223b733a33323a223166306533646164393939303833343566373433396638666661626466666334223b733a383a22737562746f74616c223b643a31363030303030303b7d733a33323a223938663133373038323130313934633437353638376265363130366133623834223b613a373a7b733a323a226964223b733a323a223230223b733a343a226e616d65223b733a31313a22584750353052302d564143223b733a353a227072696365223b643a343030303b733a333a22717479223b643a323b733a333a22676272223b733a33363a2261646430323634303765313934376238633961343065373335396465323161382e6a7067223b733a353a22726f776964223b733a33323a223938663133373038323130313934633437353638376265363130366133623834223b733a383a22737562746f74616c223b643a383030303b7d733a33323a226236643736376432663865643564323161343462306535383836363830636239223b613a373a7b733a323a226964223b733a323a223232223b733a343a226e616d65223b733a31303a2244463242524e30323030223b733a353a227072696365223b643a38393939393b733a333a22717479223b643a313b733a333a22676272223b733a33363a2261646430323634303765313934376238633961343065373335396465323161382e6a7067223b733a353a22726f776964223b733a33323a226236643736376432663865643564323161343462306535383836363830636239223b733a383a22737562746f74616c223b643a38393939393b7d7d69647c4e3b6e616d615f757365727c733a31343a2241726468692052616d616468616e223b656d61696c5f757365727c733a31343a2272616d6140676d61696c2e636f6d223b6c6f67696e5f73657373696f6e7c733a373a22616c6c6f776564223b746573745f73657373696f6e7c733a31353a224164612053657373696f6e204b6f6b223b6c6576656c7c733a323a223130223b70686f746f7c733a33363a2239356165383035626530613938303863356137383830356534373733373233322e6a7067223b),
('eafcirnc5lhs3d6dmhpas3jfuipv5a1k', '::1', 1536280753, 0x5f5f63695f6c6173745f726567656e65726174657c693a313533363238303735333b69647c4e3b6e616d615f757365727c733a31343a2241726468692052616d616468616e223b656d61696c5f757365727c733a31343a2272616d6140676d61696c2e636f6d223b6c6f67696e5f73657373696f6e7c733a373a22616c6c6f776564223b746573745f73657373696f6e7c733a31353a224164612053657373696f6e204b6f6b223b6c6576656c7c733a323a223130223b70686f746f7c733a33363a2239356165383035626530613938303863356137383830356534373733373233322e6a7067223b),
('ejo4i4dppd5uv1gj9ricms6435jccs3m', '::1', 1536224063, 0x5f5f63695f6c6173745f726567656e65726174657c693a313533363232343036333b69647c4e3b6e616d615f757365727c733a31343a2241726468692052616d616468616e223b656d61696c5f757365727c733a31343a2272616d6140676d61696c2e636f6d223b6c6f67696e5f73657373696f6e7c733a373a22616c6c6f776564223b746573745f73657373696f6e7c733a31353a224164612053657373696f6e204b6f6b223b6c6576656c7c733a323a223130223b70686f746f7c733a33363a2239356165383035626530613938303863356137383830356534373733373233322e6a7067223b636172745f636f6e74656e74737c613a383a7b733a31303a22636172745f746f74616c223b643a31373138333939373b733a31313a22746f74616c5f6974656d73223b643a31323b733a33323a223337363933636663373438303439653435643837623863376438623961616364223b613a373a7b733a323a226964223b733a323a223233223b733a343a226e616d65223b733a393a2241394b315234313036223b733a353a227072696365223b643a39303030303b733a333a22717479223b643a333b733a333a22676272223b733a33363a2261646430323634303765313934376238633961343065373335396465323161382e6a7067223b733a353a22726f776964223b733a33323a223337363933636663373438303439653435643837623863376438623961616364223b733a383a22737562746f74616c223b643a3237303030303b7d733a33323a223166663164653737343030356638646131336634323934333838316336353566223b613a373a7b733a323a226964223b733a323a223234223b733a343a226e616d65223b733a31323a22455a43315230304833313030223b733a353a227072696365223b643a3238303030303b733a333a22717479223b643a323b733a333a22676272223b733a33363a2261646430323634303765313934376238633961343065373335396465323161382e6a7067223b733a353a22726f776964223b733a33323a223166663164653737343030356638646131336634323934333838316336353566223b733a383a22737562746f74616c223b643a3536303030303b7d733a33323a226236643736376432663865643564323161343462306535383836363830636239223b613a373a7b733a323a226964223b733a323a223232223b733a343a226e616d65223b733a31303a2244463242524e30323030223b733a353a227072696365223b643a38393939393b733a333a22717479223b643a333b733a333a22676272223b733a33363a2261646430323634303765313934376238633961343065373335396465323161382e6a7067223b733a353a22726f776964223b733a33323a226236643736376432663865643564323161343462306535383836363830636239223b733a383a22737562746f74616c223b643a3236393939373b7d733a33323a223363353964633034386538383530323433626538303739613563373464303739223b613a373a7b733a323a226964223b733a323a223231223b733a343a226e616d65223b733a393a224c43314446524b4d37223b733a353a227072696365223b643a383030303030303b733a333a22717479223b643a323b733a333a22676272223b733a33363a2261646430323634303765313934376238633961343065373335396465323161382e6a7067223b733a353a22726f776964223b733a33323a223363353964633034386538383530323433626538303739613563373464303739223b733a383a22737562746f74616c223b643a31363030303030303b7d733a33323a223938663133373038323130313934633437353638376265363130366133623834223b613a373a7b733a323a226964223b733a323a223230223b733a343a226e616d65223b733a31313a22584750353052302d564143223b733a353a227072696365223b643a343030303b733a333a22717479223b643a313b733a333a22676272223b733a33363a2261646430323634303765313934376238633961343065373335396465323161382e6a7067223b733a353a22726f776964223b733a33323a223938663133373038323130313934633437353638376265363130366133623834223b733a383a22737562746f74616c223b643a343030303b7d733a33323a223865323936613036376133373536333337306465643035663561336266336563223b613a373a7b733a323a226964223b733a323a223235223b733a343a226e616d65223b733a373a224c41444e523232223b733a353a227072696365223b643a38303030303b733a333a22717479223b643a313b733a333a22676272223b733a33363a2261646430323634303765313934376238633961343065373335396465323161382e6a7067223b733a353a22726f776964223b733a33323a223865323936613036376133373536333337306465643035663561336266336563223b733a383a22737562746f74616c223b643a38303030303b7d7d),
('eoloo0qedqkvh375j5i818scq3uso41k', '::1', 1536280776, 0x5f5f63695f6c6173745f726567656e65726174657c693a313533363238303735333b69647c4e3b6e616d615f757365727c733a31343a2241726468692052616d616468616e223b656d61696c5f757365727c733a31343a2272616d6140676d61696c2e636f6d223b6c6f67696e5f73657373696f6e7c733a373a22616c6c6f776564223b746573745f73657373696f6e7c733a31353a224164612053657373696f6e204b6f6b223b6c6576656c7c733a323a223130223b70686f746f7c733a33363a2239356165383035626530613938303863356137383830356534373733373233322e6a7067223b),
('ghfti21kfav49peihagrfjqaq34tg9tq', '::1', 1536229619, 0x5f5f63695f6c6173745f726567656e65726174657c693a313533363232393631393b69647c4e3b6e616d615f757365727c733a31343a2241726468692052616d616468616e223b656d61696c5f757365727c733a31343a2272616d6140676d61696c2e636f6d223b6c6f67696e5f73657373696f6e7c733a373a22616c6c6f776564223b746573745f73657373696f6e7c733a31353a224164612053657373696f6e204b6f6b223b6c6576656c7c733a323a223130223b70686f746f7c733a33363a2239356165383035626530613938303863356137383830356534373733373233322e6a7067223b636172745f636f6e74656e74737c613a383a7b733a31303a22636172745f746f74616c223b643a31373138333939373b733a31313a22746f74616c5f6974656d73223b643a31323b733a33323a223337363933636663373438303439653435643837623863376438623961616364223b613a373a7b733a323a226964223b733a323a223233223b733a343a226e616d65223b733a393a2241394b315234313036223b733a353a227072696365223b643a39303030303b733a333a22717479223b643a333b733a333a22676272223b733a33363a2261646430323634303765313934376238633961343065373335396465323161382e6a7067223b733a353a22726f776964223b733a33323a223337363933636663373438303439653435643837623863376438623961616364223b733a383a22737562746f74616c223b643a3237303030303b7d733a33323a223166663164653737343030356638646131336634323934333838316336353566223b613a373a7b733a323a226964223b733a323a223234223b733a343a226e616d65223b733a31323a22455a43315230304833313030223b733a353a227072696365223b643a3238303030303b733a333a22717479223b643a323b733a333a22676272223b733a33363a2261646430323634303765313934376238633961343065373335396465323161382e6a7067223b733a353a22726f776964223b733a33323a223166663164653737343030356638646131336634323934333838316336353566223b733a383a22737562746f74616c223b643a3536303030303b7d733a33323a226236643736376432663865643564323161343462306535383836363830636239223b613a373a7b733a323a226964223b733a323a223232223b733a343a226e616d65223b733a31303a2244463242524e30323030223b733a353a227072696365223b643a38393939393b733a333a22717479223b643a333b733a333a22676272223b733a33363a2261646430323634303765313934376238633961343065373335396465323161382e6a7067223b733a353a22726f776964223b733a33323a226236643736376432663865643564323161343462306535383836363830636239223b733a383a22737562746f74616c223b643a3236393939373b7d733a33323a223363353964633034386538383530323433626538303739613563373464303739223b613a373a7b733a323a226964223b733a323a223231223b733a343a226e616d65223b733a393a224c43314446524b4d37223b733a353a227072696365223b643a383030303030303b733a333a22717479223b643a323b733a333a22676272223b733a33363a2261646430323634303765313934376238633961343065373335396465323161382e6a7067223b733a353a22726f776964223b733a33323a223363353964633034386538383530323433626538303739613563373464303739223b733a383a22737562746f74616c223b643a31363030303030303b7d733a33323a223938663133373038323130313934633437353638376265363130366133623834223b613a373a7b733a323a226964223b733a323a223230223b733a343a226e616d65223b733a31313a22584750353052302d564143223b733a353a227072696365223b643a343030303b733a333a22717479223b643a313b733a333a22676272223b733a33363a2261646430323634303765313934376238633961343065373335396465323161382e6a7067223b733a353a22726f776964223b733a33323a223938663133373038323130313934633437353638376265363130366133623834223b733a383a22737562746f74616c223b643a343030303b7d733a33323a223865323936613036376133373536333337306465643035663561336266336563223b613a373a7b733a323a226964223b733a323a223235223b733a343a226e616d65223b733a373a224c41444e523232223b733a353a227072696365223b643a38303030303b733a333a22717479223b643a313b733a333a22676272223b733a33363a2261646430323634303765313934376238633961343065373335396465323161382e6a7067223b733a353a22726f776964223b733a33323a223865323936613036376133373536333337306465643035663561336266336563223b733a383a22737562746f74616c223b643a38303030303b7d7d),
('h97hi2gu73go77bf15qf90a4oceirmg3', '::1', 1536278892, 0x5f5f63695f6c6173745f726567656e65726174657c693a313533363237383839323b69647c4e3b6e616d615f757365727c733a31343a2241726468692052616d616468616e223b656d61696c5f757365727c733a31343a2272616d6140676d61696c2e636f6d223b6c6f67696e5f73657373696f6e7c733a373a22616c6c6f776564223b746573745f73657373696f6e7c733a31353a224164612053657373696f6e204b6f6b223b6c6576656c7c733a323a223130223b70686f746f7c733a33363a2239356165383035626530613938303863356137383830356534373733373233322e6a7067223b7374617475735f616374696f6e7c733a363a22757064617465223b5f5f63695f766172737c613a313a7b733a31333a227374617475735f616374696f6e223b733a333a226f6c64223b7d),
('i19as6hhheh0oo6gv8ti8nn9d6kt4h5k', '::1', 1536253950, 0x5f5f63695f6c6173745f726567656e65726174657c693a313533363235333935303b636172745f636f6e74656e74737c613a353a7b733a31303a22636172745f746f74616c223b643a31363039373939393b733a31313a22746f74616c5f6974656d73223b643a353b733a33323a223166306533646164393939303833343566373433396638666661626466666334223b613a373a7b733a323a226964223b733a323a223139223b733a343a226e616d65223b733a31323a22444f4d313133523431534e49223b733a353a227072696365223b643a383030303030303b733a333a22717479223b643a323b733a333a22676272223b733a33363a2261646430323634303765313934376238633961343065373335396465323161382e6a7067223b733a353a22726f776964223b733a33323a223166306533646164393939303833343566373433396638666661626466666334223b733a383a22737562746f74616c223b643a31363030303030303b7d733a33323a223938663133373038323130313934633437353638376265363130366133623834223b613a373a7b733a323a226964223b733a323a223230223b733a343a226e616d65223b733a31313a22584750353052302d564143223b733a353a227072696365223b643a343030303b733a333a22717479223b643a323b733a333a22676272223b733a33363a2261646430323634303765313934376238633961343065373335396465323161382e6a7067223b733a353a22726f776964223b733a33323a223938663133373038323130313934633437353638376265363130366133623834223b733a383a22737562746f74616c223b643a383030303b7d733a33323a226236643736376432663865643564323161343462306535383836363830636239223b613a373a7b733a323a226964223b733a323a223232223b733a343a226e616d65223b733a31303a2244463242524e30323030223b733a353a227072696365223b643a38393939393b733a333a22717479223b643a313b733a333a22676272223b733a33363a2261646430323634303765313934376238633961343065373335396465323161382e6a7067223b733a353a22726f776964223b733a33323a226236643736376432663865643564323161343462306535383836363830636239223b733a383a22737562746f74616c223b643a38393939393b7d7d69647c4e3b6e616d615f757365727c733a31343a2241726468692052616d616468616e223b656d61696c5f757365727c733a31343a2272616d6140676d61696c2e636f6d223b6c6f67696e5f73657373696f6e7c733a373a22616c6c6f776564223b746573745f73657373696f6e7c733a31353a224164612053657373696f6e204b6f6b223b6c6576656c7c733a323a223130223b70686f746f7c733a33363a2239356165383035626530613938303863356137383830356534373733373233322e6a7067223b),
('i3vbd3q61r3qihc6u8cts5v6ojvk757i', '::1', 1536258835, 0x5f5f63695f6c6173745f726567656e65726174657c693a313533363235383833353b636172745f636f6e74656e74737c613a353a7b733a31303a22636172745f746f74616c223b643a31363039373939393b733a31313a22746f74616c5f6974656d73223b643a353b733a33323a223166306533646164393939303833343566373433396638666661626466666334223b613a373a7b733a323a226964223b733a323a223139223b733a343a226e616d65223b733a31323a22444f4d313133523431534e49223b733a353a227072696365223b643a383030303030303b733a333a22717479223b643a323b733a333a22676272223b733a33363a2261646430323634303765313934376238633961343065373335396465323161382e6a7067223b733a353a22726f776964223b733a33323a223166306533646164393939303833343566373433396638666661626466666334223b733a383a22737562746f74616c223b643a31363030303030303b7d733a33323a223938663133373038323130313934633437353638376265363130366133623834223b613a373a7b733a323a226964223b733a323a223230223b733a343a226e616d65223b733a31313a22584750353052302d564143223b733a353a227072696365223b643a343030303b733a333a22717479223b643a323b733a333a22676272223b733a33363a2261646430323634303765313934376238633961343065373335396465323161382e6a7067223b733a353a22726f776964223b733a33323a223938663133373038323130313934633437353638376265363130366133623834223b733a383a22737562746f74616c223b643a383030303b7d733a33323a226236643736376432663865643564323161343462306535383836363830636239223b613a373a7b733a323a226964223b733a323a223232223b733a343a226e616d65223b733a31303a2244463242524e30323030223b733a353a227072696365223b643a38393939393b733a333a22717479223b643a313b733a333a22676272223b733a33363a2261646430323634303765313934376238633961343065373335396465323161382e6a7067223b733a353a22726f776964223b733a33323a226236643736376432663865643564323161343462306535383836363830636239223b733a383a22737562746f74616c223b643a38393939393b7d7d69647c4e3b6e616d615f757365727c733a31343a2241726468692052616d616468616e223b656d61696c5f757365727c733a31343a2272616d6140676d61696c2e636f6d223b6c6f67696e5f73657373696f6e7c733a373a22616c6c6f776564223b746573745f73657373696f6e7c733a31353a224164612053657373696f6e204b6f6b223b6c6576656c7c733a323a223130223b70686f746f7c733a33363a2239356165383035626530613938303863356137383830356534373733373233322e6a7067223b),
('ipfrvplskj5vl007olho4lp1armv9jl9', '::1', 1536222271, 0x5f5f63695f6c6173745f726567656e65726174657c693a313533363232323237313b69647c4e3b6e616d615f757365727c733a31343a2241726468692052616d616468616e223b656d61696c5f757365727c733a31343a2272616d6140676d61696c2e636f6d223b6c6f67696e5f73657373696f6e7c733a373a22616c6c6f776564223b746573745f73657373696f6e7c733a31353a224164612053657373696f6e204b6f6b223b6c6576656c7c733a323a223130223b70686f746f7c733a33363a2239356165383035626530613938303863356137383830356534373733373233322e6a7067223b636172745f636f6e74656e74737c613a383a7b733a31303a22636172745f746f74616c223b643a31373138333939373b733a31313a22746f74616c5f6974656d73223b643a31323b733a33323a223337363933636663373438303439653435643837623863376438623961616364223b613a373a7b733a323a226964223b733a323a223233223b733a343a226e616d65223b733a393a2241394b315234313036223b733a353a227072696365223b643a39303030303b733a333a22717479223b643a333b733a333a22676272223b733a33363a2261646430323634303765313934376238633961343065373335396465323161382e6a7067223b733a353a22726f776964223b733a33323a223337363933636663373438303439653435643837623863376438623961616364223b733a383a22737562746f74616c223b643a3237303030303b7d733a33323a223166663164653737343030356638646131336634323934333838316336353566223b613a373a7b733a323a226964223b733a323a223234223b733a343a226e616d65223b733a31323a22455a43315230304833313030223b733a353a227072696365223b643a3238303030303b733a333a22717479223b643a323b733a333a22676272223b733a33363a2261646430323634303765313934376238633961343065373335396465323161382e6a7067223b733a353a22726f776964223b733a33323a223166663164653737343030356638646131336634323934333838316336353566223b733a383a22737562746f74616c223b643a3536303030303b7d733a33323a226236643736376432663865643564323161343462306535383836363830636239223b613a373a7b733a323a226964223b733a323a223232223b733a343a226e616d65223b733a31303a2244463242524e30323030223b733a353a227072696365223b643a38393939393b733a333a22717479223b643a333b733a333a22676272223b733a33363a2261646430323634303765313934376238633961343065373335396465323161382e6a7067223b733a353a22726f776964223b733a33323a226236643736376432663865643564323161343462306535383836363830636239223b733a383a22737562746f74616c223b643a3236393939373b7d733a33323a223363353964633034386538383530323433626538303739613563373464303739223b613a373a7b733a323a226964223b733a323a223231223b733a343a226e616d65223b733a393a224c43314446524b4d37223b733a353a227072696365223b643a383030303030303b733a333a22717479223b643a323b733a333a22676272223b733a33363a2261646430323634303765313934376238633961343065373335396465323161382e6a7067223b733a353a22726f776964223b733a33323a223363353964633034386538383530323433626538303739613563373464303739223b733a383a22737562746f74616c223b643a31363030303030303b7d733a33323a223938663133373038323130313934633437353638376265363130366133623834223b613a373a7b733a323a226964223b733a323a223230223b733a343a226e616d65223b733a31313a22584750353052302d564143223b733a353a227072696365223b643a343030303b733a333a22717479223b643a313b733a333a22676272223b733a33363a2261646430323634303765313934376238633961343065373335396465323161382e6a7067223b733a353a22726f776964223b733a33323a223938663133373038323130313934633437353638376265363130366133623834223b733a383a22737562746f74616c223b643a343030303b7d733a33323a223865323936613036376133373536333337306465643035663561336266336563223b613a373a7b733a323a226964223b733a323a223235223b733a343a226e616d65223b733a373a224c41444e523232223b733a353a227072696365223b643a38303030303b733a333a22717479223b643a313b733a333a22676272223b733a33363a2261646430323634303765313934376238633961343065373335396465323161382e6a7067223b733a353a22726f776964223b733a33323a223865323936613036376133373536333337306465643035663561336266336563223b733a383a22737562746f74616c223b643a38303030303b7d7d),
('j3p23d3un8s2qu04r738defubqji53d4', '::1', 1536225728, 0x5f5f63695f6c6173745f726567656e65726174657c693a313533363232353732383b69647c4e3b6e616d615f757365727c733a31343a2241726468692052616d616468616e223b656d61696c5f757365727c733a31343a2272616d6140676d61696c2e636f6d223b6c6f67696e5f73657373696f6e7c733a373a22616c6c6f776564223b746573745f73657373696f6e7c733a31353a224164612053657373696f6e204b6f6b223b6c6576656c7c733a323a223130223b70686f746f7c733a33363a2239356165383035626530613938303863356137383830356534373733373233322e6a7067223b636172745f636f6e74656e74737c613a383a7b733a31303a22636172745f746f74616c223b643a31373138333939373b733a31313a22746f74616c5f6974656d73223b643a31323b733a33323a223337363933636663373438303439653435643837623863376438623961616364223b613a373a7b733a323a226964223b733a323a223233223b733a343a226e616d65223b733a393a2241394b315234313036223b733a353a227072696365223b643a39303030303b733a333a22717479223b643a333b733a333a22676272223b733a33363a2261646430323634303765313934376238633961343065373335396465323161382e6a7067223b733a353a22726f776964223b733a33323a223337363933636663373438303439653435643837623863376438623961616364223b733a383a22737562746f74616c223b643a3237303030303b7d733a33323a223166663164653737343030356638646131336634323934333838316336353566223b613a373a7b733a323a226964223b733a323a223234223b733a343a226e616d65223b733a31323a22455a43315230304833313030223b733a353a227072696365223b643a3238303030303b733a333a22717479223b643a323b733a333a22676272223b733a33363a2261646430323634303765313934376238633961343065373335396465323161382e6a7067223b733a353a22726f776964223b733a33323a223166663164653737343030356638646131336634323934333838316336353566223b733a383a22737562746f74616c223b643a3536303030303b7d733a33323a226236643736376432663865643564323161343462306535383836363830636239223b613a373a7b733a323a226964223b733a323a223232223b733a343a226e616d65223b733a31303a2244463242524e30323030223b733a353a227072696365223b643a38393939393b733a333a22717479223b643a333b733a333a22676272223b733a33363a2261646430323634303765313934376238633961343065373335396465323161382e6a7067223b733a353a22726f776964223b733a33323a226236643736376432663865643564323161343462306535383836363830636239223b733a383a22737562746f74616c223b643a3236393939373b7d733a33323a223363353964633034386538383530323433626538303739613563373464303739223b613a373a7b733a323a226964223b733a323a223231223b733a343a226e616d65223b733a393a224c43314446524b4d37223b733a353a227072696365223b643a383030303030303b733a333a22717479223b643a323b733a333a22676272223b733a33363a2261646430323634303765313934376238633961343065373335396465323161382e6a7067223b733a353a22726f776964223b733a33323a223363353964633034386538383530323433626538303739613563373464303739223b733a383a22737562746f74616c223b643a31363030303030303b7d733a33323a223938663133373038323130313934633437353638376265363130366133623834223b613a373a7b733a323a226964223b733a323a223230223b733a343a226e616d65223b733a31313a22584750353052302d564143223b733a353a227072696365223b643a343030303b733a333a22717479223b643a313b733a333a22676272223b733a33363a2261646430323634303765313934376238633961343065373335396465323161382e6a7067223b733a353a22726f776964223b733a33323a223938663133373038323130313934633437353638376265363130366133623834223b733a383a22737562746f74616c223b643a343030303b7d733a33323a223865323936613036376133373536333337306465643035663561336266336563223b613a373a7b733a323a226964223b733a323a223235223b733a343a226e616d65223b733a373a224c41444e523232223b733a353a227072696365223b643a38303030303b733a333a22717479223b643a313b733a333a22676272223b733a33363a2261646430323634303765313934376238633961343065373335396465323161382e6a7067223b733a353a22726f776964223b733a33323a223865323936613036376133373536333337306465643035663561336266336563223b733a383a22737562746f74616c223b643a38303030303b7d7d),
('j8nio9unkt0d3bh14k7f78158pumie6l', '::1', 1536229956, 0x5f5f63695f6c6173745f726567656e65726174657c693a313533363232393935363b69647c4e3b6e616d615f757365727c733a31343a2241726468692052616d616468616e223b656d61696c5f757365727c733a31343a2272616d6140676d61696c2e636f6d223b6c6f67696e5f73657373696f6e7c733a373a22616c6c6f776564223b746573745f73657373696f6e7c733a31353a224164612053657373696f6e204b6f6b223b6c6576656c7c733a323a223130223b70686f746f7c733a33363a2239356165383035626530613938303863356137383830356534373733373233322e6a7067223b636172745f636f6e74656e74737c613a383a7b733a31303a22636172745f746f74616c223b643a31373138333939373b733a31313a22746f74616c5f6974656d73223b643a31323b733a33323a223337363933636663373438303439653435643837623863376438623961616364223b613a373a7b733a323a226964223b733a323a223233223b733a343a226e616d65223b733a393a2241394b315234313036223b733a353a227072696365223b643a39303030303b733a333a22717479223b643a333b733a333a22676272223b733a33363a2261646430323634303765313934376238633961343065373335396465323161382e6a7067223b733a353a22726f776964223b733a33323a223337363933636663373438303439653435643837623863376438623961616364223b733a383a22737562746f74616c223b643a3237303030303b7d733a33323a223166663164653737343030356638646131336634323934333838316336353566223b613a373a7b733a323a226964223b733a323a223234223b733a343a226e616d65223b733a31323a22455a43315230304833313030223b733a353a227072696365223b643a3238303030303b733a333a22717479223b643a323b733a333a22676272223b733a33363a2261646430323634303765313934376238633961343065373335396465323161382e6a7067223b733a353a22726f776964223b733a33323a223166663164653737343030356638646131336634323934333838316336353566223b733a383a22737562746f74616c223b643a3536303030303b7d733a33323a226236643736376432663865643564323161343462306535383836363830636239223b613a373a7b733a323a226964223b733a323a223232223b733a343a226e616d65223b733a31303a2244463242524e30323030223b733a353a227072696365223b643a38393939393b733a333a22717479223b643a333b733a333a22676272223b733a33363a2261646430323634303765313934376238633961343065373335396465323161382e6a7067223b733a353a22726f776964223b733a33323a226236643736376432663865643564323161343462306535383836363830636239223b733a383a22737562746f74616c223b643a3236393939373b7d733a33323a223363353964633034386538383530323433626538303739613563373464303739223b613a373a7b733a323a226964223b733a323a223231223b733a343a226e616d65223b733a393a224c43314446524b4d37223b733a353a227072696365223b643a383030303030303b733a333a22717479223b643a323b733a333a22676272223b733a33363a2261646430323634303765313934376238633961343065373335396465323161382e6a7067223b733a353a22726f776964223b733a33323a223363353964633034386538383530323433626538303739613563373464303739223b733a383a22737562746f74616c223b643a31363030303030303b7d733a33323a223938663133373038323130313934633437353638376265363130366133623834223b613a373a7b733a323a226964223b733a323a223230223b733a343a226e616d65223b733a31313a22584750353052302d564143223b733a353a227072696365223b643a343030303b733a333a22717479223b643a313b733a333a22676272223b733a33363a2261646430323634303765313934376238633961343065373335396465323161382e6a7067223b733a353a22726f776964223b733a33323a223938663133373038323130313934633437353638376265363130366133623834223b733a383a22737562746f74616c223b643a343030303b7d733a33323a223865323936613036376133373536333337306465643035663561336266336563223b613a373a7b733a323a226964223b733a323a223235223b733a343a226e616d65223b733a373a224c41444e523232223b733a353a227072696365223b643a38303030303b733a333a22717479223b643a313b733a333a22676272223b733a33363a2261646430323634303765313934376238633961343065373335396465323161382e6a7067223b733a353a22726f776964223b733a33323a223865323936613036376133373536333337306465643035663561336266336563223b733a383a22737562746f74616c223b643a38303030303b7d7d),
('jgns4r98b6cfpse3o9st8amln7uk9q8e', '::1', 1536257706, 0x5f5f63695f6c6173745f726567656e65726174657c693a313533363235373730363b636172745f636f6e74656e74737c613a353a7b733a31303a22636172745f746f74616c223b643a31363039373939393b733a31313a22746f74616c5f6974656d73223b643a353b733a33323a223166306533646164393939303833343566373433396638666661626466666334223b613a373a7b733a323a226964223b733a323a223139223b733a343a226e616d65223b733a31323a22444f4d313133523431534e49223b733a353a227072696365223b643a383030303030303b733a333a22717479223b643a323b733a333a22676272223b733a33363a2261646430323634303765313934376238633961343065373335396465323161382e6a7067223b733a353a22726f776964223b733a33323a223166306533646164393939303833343566373433396638666661626466666334223b733a383a22737562746f74616c223b643a31363030303030303b7d733a33323a223938663133373038323130313934633437353638376265363130366133623834223b613a373a7b733a323a226964223b733a323a223230223b733a343a226e616d65223b733a31313a22584750353052302d564143223b733a353a227072696365223b643a343030303b733a333a22717479223b643a323b733a333a22676272223b733a33363a2261646430323634303765313934376238633961343065373335396465323161382e6a7067223b733a353a22726f776964223b733a33323a223938663133373038323130313934633437353638376265363130366133623834223b733a383a22737562746f74616c223b643a383030303b7d733a33323a226236643736376432663865643564323161343462306535383836363830636239223b613a373a7b733a323a226964223b733a323a223232223b733a343a226e616d65223b733a31303a2244463242524e30323030223b733a353a227072696365223b643a38393939393b733a333a22717479223b643a313b733a333a22676272223b733a33363a2261646430323634303765313934376238633961343065373335396465323161382e6a7067223b733a353a22726f776964223b733a33323a226236643736376432663865643564323161343462306535383836363830636239223b733a383a22737562746f74616c223b643a38393939393b7d7d69647c4e3b6e616d615f757365727c733a31343a2241726468692052616d616468616e223b656d61696c5f757365727c733a31343a2272616d6140676d61696c2e636f6d223b6c6f67696e5f73657373696f6e7c733a373a22616c6c6f776564223b746573745f73657373696f6e7c733a31353a224164612053657373696f6e204b6f6b223b6c6576656c7c733a323a223130223b70686f746f7c733a33363a2239356165383035626530613938303863356137383830356534373733373233322e6a7067223b),
('k5gkepub9ptp2h7fvr0ij9qbp9v565l1', '::1', 1536259165, 0x5f5f63695f6c6173745f726567656e65726174657c693a313533363235393136353b636172745f636f6e74656e74737c613a353a7b733a31303a22636172745f746f74616c223b643a31363039373939393b733a31313a22746f74616c5f6974656d73223b643a353b733a33323a223166306533646164393939303833343566373433396638666661626466666334223b613a373a7b733a323a226964223b733a323a223139223b733a343a226e616d65223b733a31323a22444f4d313133523431534e49223b733a353a227072696365223b643a383030303030303b733a333a22717479223b643a323b733a333a22676272223b733a33363a2261646430323634303765313934376238633961343065373335396465323161382e6a7067223b733a353a22726f776964223b733a33323a223166306533646164393939303833343566373433396638666661626466666334223b733a383a22737562746f74616c223b643a31363030303030303b7d733a33323a223938663133373038323130313934633437353638376265363130366133623834223b613a373a7b733a323a226964223b733a323a223230223b733a343a226e616d65223b733a31313a22584750353052302d564143223b733a353a227072696365223b643a343030303b733a333a22717479223b643a323b733a333a22676272223b733a33363a2261646430323634303765313934376238633961343065373335396465323161382e6a7067223b733a353a22726f776964223b733a33323a223938663133373038323130313934633437353638376265363130366133623834223b733a383a22737562746f74616c223b643a383030303b7d733a33323a226236643736376432663865643564323161343462306535383836363830636239223b613a373a7b733a323a226964223b733a323a223232223b733a343a226e616d65223b733a31303a2244463242524e30323030223b733a353a227072696365223b643a38393939393b733a333a22717479223b643a313b733a333a22676272223b733a33363a2261646430323634303765313934376238633961343065373335396465323161382e6a7067223b733a353a22726f776964223b733a33323a226236643736376432663865643564323161343462306535383836363830636239223b733a383a22737562746f74616c223b643a38393939393b7d7d69647c4e3b6e616d615f757365727c733a31343a2241726468692052616d616468616e223b656d61696c5f757365727c733a31343a2272616d6140676d61696c2e636f6d223b6c6f67696e5f73657373696f6e7c733a373a22616c6c6f776564223b746573745f73657373696f6e7c733a31353a224164612053657373696f6e204b6f6b223b6c6576656c7c733a323a223130223b70686f746f7c733a33363a2239356165383035626530613938303863356137383830356534373733373233322e6a7067223b),
('kh477f2im7c3q2en2f3l0mipucp3p9vr', '::1', 1536222936, 0x5f5f63695f6c6173745f726567656e65726174657c693a313533363232323933363b69647c4e3b6e616d615f757365727c733a31343a2241726468692052616d616468616e223b656d61696c5f757365727c733a31343a2272616d6140676d61696c2e636f6d223b6c6f67696e5f73657373696f6e7c733a373a22616c6c6f776564223b746573745f73657373696f6e7c733a31353a224164612053657373696f6e204b6f6b223b6c6576656c7c733a323a223130223b70686f746f7c733a33363a2239356165383035626530613938303863356137383830356534373733373233322e6a7067223b636172745f636f6e74656e74737c613a383a7b733a31303a22636172745f746f74616c223b643a31373138333939373b733a31313a22746f74616c5f6974656d73223b643a31323b733a33323a223337363933636663373438303439653435643837623863376438623961616364223b613a373a7b733a323a226964223b733a323a223233223b733a343a226e616d65223b733a393a2241394b315234313036223b733a353a227072696365223b643a39303030303b733a333a22717479223b643a333b733a333a22676272223b733a33363a2261646430323634303765313934376238633961343065373335396465323161382e6a7067223b733a353a22726f776964223b733a33323a223337363933636663373438303439653435643837623863376438623961616364223b733a383a22737562746f74616c223b643a3237303030303b7d733a33323a223166663164653737343030356638646131336634323934333838316336353566223b613a373a7b733a323a226964223b733a323a223234223b733a343a226e616d65223b733a31323a22455a43315230304833313030223b733a353a227072696365223b643a3238303030303b733a333a22717479223b643a323b733a333a22676272223b733a33363a2261646430323634303765313934376238633961343065373335396465323161382e6a7067223b733a353a22726f776964223b733a33323a223166663164653737343030356638646131336634323934333838316336353566223b733a383a22737562746f74616c223b643a3536303030303b7d733a33323a226236643736376432663865643564323161343462306535383836363830636239223b613a373a7b733a323a226964223b733a323a223232223b733a343a226e616d65223b733a31303a2244463242524e30323030223b733a353a227072696365223b643a38393939393b733a333a22717479223b643a333b733a333a22676272223b733a33363a2261646430323634303765313934376238633961343065373335396465323161382e6a7067223b733a353a22726f776964223b733a33323a226236643736376432663865643564323161343462306535383836363830636239223b733a383a22737562746f74616c223b643a3236393939373b7d733a33323a223363353964633034386538383530323433626538303739613563373464303739223b613a373a7b733a323a226964223b733a323a223231223b733a343a226e616d65223b733a393a224c43314446524b4d37223b733a353a227072696365223b643a383030303030303b733a333a22717479223b643a323b733a333a22676272223b733a33363a2261646430323634303765313934376238633961343065373335396465323161382e6a7067223b733a353a22726f776964223b733a33323a223363353964633034386538383530323433626538303739613563373464303739223b733a383a22737562746f74616c223b643a31363030303030303b7d733a33323a223938663133373038323130313934633437353638376265363130366133623834223b613a373a7b733a323a226964223b733a323a223230223b733a343a226e616d65223b733a31313a22584750353052302d564143223b733a353a227072696365223b643a343030303b733a333a22717479223b643a313b733a333a22676272223b733a33363a2261646430323634303765313934376238633961343065373335396465323161382e6a7067223b733a353a22726f776964223b733a33323a223938663133373038323130313934633437353638376265363130366133623834223b733a383a22737562746f74616c223b643a343030303b7d733a33323a223865323936613036376133373536333337306465643035663561336266336563223b613a373a7b733a323a226964223b733a323a223235223b733a343a226e616d65223b733a373a224c41444e523232223b733a353a227072696365223b643a38303030303b733a333a22717479223b643a313b733a333a22676272223b733a33363a2261646430323634303765313934376238633961343065373335396465323161382e6a7067223b733a353a22726f776964223b733a33323a223865323936613036376133373536333337306465643035663561336266336563223b733a383a22737562746f74616c223b643a38303030303b7d7d),
('mb0s4141urjqqjhoomuf0kqnk5dtmk5t', '::1', 1536231326, 0x5f5f63695f6c6173745f726567656e65726174657c693a313533363233313332363b69647c4e3b6e616d615f757365727c733a31343a2241726468692052616d616468616e223b656d61696c5f757365727c733a31343a2272616d6140676d61696c2e636f6d223b6c6f67696e5f73657373696f6e7c733a373a22616c6c6f776564223b746573745f73657373696f6e7c733a31353a224164612053657373696f6e204b6f6b223b6c6576656c7c733a323a223130223b70686f746f7c733a33363a2239356165383035626530613938303863356137383830356534373733373233322e6a7067223b636172745f636f6e74656e74737c613a383a7b733a31303a22636172745f746f74616c223b643a31373138333939373b733a31313a22746f74616c5f6974656d73223b643a31323b733a33323a223337363933636663373438303439653435643837623863376438623961616364223b613a373a7b733a323a226964223b733a323a223233223b733a343a226e616d65223b733a393a2241394b315234313036223b733a353a227072696365223b643a39303030303b733a333a22717479223b643a333b733a333a22676272223b733a33363a2261646430323634303765313934376238633961343065373335396465323161382e6a7067223b733a353a22726f776964223b733a33323a223337363933636663373438303439653435643837623863376438623961616364223b733a383a22737562746f74616c223b643a3237303030303b7d733a33323a223166663164653737343030356638646131336634323934333838316336353566223b613a373a7b733a323a226964223b733a323a223234223b733a343a226e616d65223b733a31323a22455a43315230304833313030223b733a353a227072696365223b643a3238303030303b733a333a22717479223b643a323b733a333a22676272223b733a33363a2261646430323634303765313934376238633961343065373335396465323161382e6a7067223b733a353a22726f776964223b733a33323a223166663164653737343030356638646131336634323934333838316336353566223b733a383a22737562746f74616c223b643a3536303030303b7d733a33323a226236643736376432663865643564323161343462306535383836363830636239223b613a373a7b733a323a226964223b733a323a223232223b733a343a226e616d65223b733a31303a2244463242524e30323030223b733a353a227072696365223b643a38393939393b733a333a22717479223b643a333b733a333a22676272223b733a33363a2261646430323634303765313934376238633961343065373335396465323161382e6a7067223b733a353a22726f776964223b733a33323a226236643736376432663865643564323161343462306535383836363830636239223b733a383a22737562746f74616c223b643a3236393939373b7d733a33323a223363353964633034386538383530323433626538303739613563373464303739223b613a373a7b733a323a226964223b733a323a223231223b733a343a226e616d65223b733a393a224c43314446524b4d37223b733a353a227072696365223b643a383030303030303b733a333a22717479223b643a323b733a333a22676272223b733a33363a2261646430323634303765313934376238633961343065373335396465323161382e6a7067223b733a353a22726f776964223b733a33323a223363353964633034386538383530323433626538303739613563373464303739223b733a383a22737562746f74616c223b643a31363030303030303b7d733a33323a223938663133373038323130313934633437353638376265363130366133623834223b613a373a7b733a323a226964223b733a323a223230223b733a343a226e616d65223b733a31313a22584750353052302d564143223b733a353a227072696365223b643a343030303b733a333a22717479223b643a313b733a333a22676272223b733a33363a2261646430323634303765313934376238633961343065373335396465323161382e6a7067223b733a353a22726f776964223b733a33323a223938663133373038323130313934633437353638376265363130366133623834223b733a383a22737562746f74616c223b643a343030303b7d733a33323a223865323936613036376133373536333337306465643035663561336266336563223b613a373a7b733a323a226964223b733a323a223235223b733a343a226e616d65223b733a373a224c41444e523232223b733a353a227072696365223b643a38303030303b733a333a22717479223b643a313b733a333a22676272223b733a33363a2261646430323634303765313934376238633961343065373335396465323161382e6a7067223b733a353a22726f776964223b733a33323a223865323936613036376133373536333337306465643035663561336266336563223b733a383a22737562746f74616c223b643a38303030303b7d7d),
('mikj10ketkrlrmqiuddp5ln1mruku1as', '::1', 1536260712, 0x5f5f63695f6c6173745f726567656e65726174657c693a313533363236303537313b636172745f636f6e74656e74737c613a353a7b733a31303a22636172745f746f74616c223b643a31363039373939393b733a31313a22746f74616c5f6974656d73223b643a353b733a33323a223166306533646164393939303833343566373433396638666661626466666334223b613a373a7b733a323a226964223b733a323a223139223b733a343a226e616d65223b733a31323a22444f4d313133523431534e49223b733a353a227072696365223b643a383030303030303b733a333a22717479223b643a323b733a333a22676272223b733a33363a2261646430323634303765313934376238633961343065373335396465323161382e6a7067223b733a353a22726f776964223b733a33323a223166306533646164393939303833343566373433396638666661626466666334223b733a383a22737562746f74616c223b643a31363030303030303b7d733a33323a223938663133373038323130313934633437353638376265363130366133623834223b613a373a7b733a323a226964223b733a323a223230223b733a343a226e616d65223b733a31313a22584750353052302d564143223b733a353a227072696365223b643a343030303b733a333a22717479223b643a323b733a333a22676272223b733a33363a2261646430323634303765313934376238633961343065373335396465323161382e6a7067223b733a353a22726f776964223b733a33323a223938663133373038323130313934633437353638376265363130366133623834223b733a383a22737562746f74616c223b643a383030303b7d733a33323a226236643736376432663865643564323161343462306535383836363830636239223b613a373a7b733a323a226964223b733a323a223232223b733a343a226e616d65223b733a31303a2244463242524e30323030223b733a353a227072696365223b643a38393939393b733a333a22717479223b643a313b733a333a22676272223b733a33363a2261646430323634303765313934376238633961343065373335396465323161382e6a7067223b733a353a22726f776964223b733a33323a226236643736376432663865643564323161343462306535383836363830636239223b733a383a22737562746f74616c223b643a38393939393b7d7d69647c4e3b6e616d615f757365727c733a31343a2241726468692052616d616468616e223b656d61696c5f757365727c733a31343a2272616d6140676d61696c2e636f6d223b6c6f67696e5f73657373696f6e7c733a373a22616c6c6f776564223b746573745f73657373696f6e7c733a31353a224164612053657373696f6e204b6f6b223b6c6576656c7c733a323a223130223b70686f746f7c733a33363a2239356165383035626530613938303863356137383830356534373733373233322e6a7067223b);
INSERT INTO `ci_sessions` (`id`, `ip_address`, `timestamp`, `data`) VALUES
('pj4s6pfin6b7hn242urg3q5nvulthald', '::1', 1536246854, 0x5f5f63695f6c6173745f726567656e65726174657c693a313533363234363835343b636172745f636f6e74656e74737c613a353a7b733a31303a22636172745f746f74616c223b643a32343030343030303b733a31313a22746f74616c5f6974656d73223b643a343b733a33323a223363353964633034386538383530323433626538303739613563373464303739223b613a373a7b733a323a226964223b733a323a223231223b733a343a226e616d65223b733a393a224c43314446524b4d37223b733a353a227072696365223b643a383030303030303b733a333a22717479223b643a313b733a333a22676272223b733a33363a2261646430323634303765313934376238633961343065373335396465323161382e6a7067223b733a353a22726f776964223b733a33323a223363353964633034386538383530323433626538303739613563373464303739223b733a383a22737562746f74616c223b643a383030303030303b7d733a33323a223166306533646164393939303833343566373433396638666661626466666334223b613a373a7b733a323a226964223b733a323a223139223b733a343a226e616d65223b733a31323a22444f4d313133523431534e49223b733a353a227072696365223b643a383030303030303b733a333a22717479223b643a323b733a333a22676272223b733a33363a2261646430323634303765313934376238633961343065373335396465323161382e6a7067223b733a353a22726f776964223b733a33323a223166306533646164393939303833343566373433396638666661626466666334223b733a383a22737562746f74616c223b643a31363030303030303b7d733a33323a223938663133373038323130313934633437353638376265363130366133623834223b613a373a7b733a323a226964223b733a323a223230223b733a343a226e616d65223b733a31313a22584750353052302d564143223b733a353a227072696365223b643a343030303b733a333a22717479223b643a313b733a333a22676272223b733a33363a2261646430323634303765313934376238633961343065373335396465323161382e6a7067223b733a353a22726f776964223b733a33323a223938663133373038323130313934633437353638376265363130366133623834223b733a383a22737562746f74616c223b643a343030303b7d7d),
('sd8hqrcn68hh3fcambfnuu2hep6edsru', '::1', 1536224646, 0x5f5f63695f6c6173745f726567656e65726174657c693a313533363232343634363b69647c4e3b6e616d615f757365727c733a31343a2241726468692052616d616468616e223b656d61696c5f757365727c733a31343a2272616d6140676d61696c2e636f6d223b6c6f67696e5f73657373696f6e7c733a373a22616c6c6f776564223b746573745f73657373696f6e7c733a31353a224164612053657373696f6e204b6f6b223b6c6576656c7c733a323a223130223b70686f746f7c733a33363a2239356165383035626530613938303863356137383830356534373733373233322e6a7067223b636172745f636f6e74656e74737c613a383a7b733a31303a22636172745f746f74616c223b643a31373138333939373b733a31313a22746f74616c5f6974656d73223b643a31323b733a33323a223337363933636663373438303439653435643837623863376438623961616364223b613a373a7b733a323a226964223b733a323a223233223b733a343a226e616d65223b733a393a2241394b315234313036223b733a353a227072696365223b643a39303030303b733a333a22717479223b643a333b733a333a22676272223b733a33363a2261646430323634303765313934376238633961343065373335396465323161382e6a7067223b733a353a22726f776964223b733a33323a223337363933636663373438303439653435643837623863376438623961616364223b733a383a22737562746f74616c223b643a3237303030303b7d733a33323a223166663164653737343030356638646131336634323934333838316336353566223b613a373a7b733a323a226964223b733a323a223234223b733a343a226e616d65223b733a31323a22455a43315230304833313030223b733a353a227072696365223b643a3238303030303b733a333a22717479223b643a323b733a333a22676272223b733a33363a2261646430323634303765313934376238633961343065373335396465323161382e6a7067223b733a353a22726f776964223b733a33323a223166663164653737343030356638646131336634323934333838316336353566223b733a383a22737562746f74616c223b643a3536303030303b7d733a33323a226236643736376432663865643564323161343462306535383836363830636239223b613a373a7b733a323a226964223b733a323a223232223b733a343a226e616d65223b733a31303a2244463242524e30323030223b733a353a227072696365223b643a38393939393b733a333a22717479223b643a333b733a333a22676272223b733a33363a2261646430323634303765313934376238633961343065373335396465323161382e6a7067223b733a353a22726f776964223b733a33323a226236643736376432663865643564323161343462306535383836363830636239223b733a383a22737562746f74616c223b643a3236393939373b7d733a33323a223363353964633034386538383530323433626538303739613563373464303739223b613a373a7b733a323a226964223b733a323a223231223b733a343a226e616d65223b733a393a224c43314446524b4d37223b733a353a227072696365223b643a383030303030303b733a333a22717479223b643a323b733a333a22676272223b733a33363a2261646430323634303765313934376238633961343065373335396465323161382e6a7067223b733a353a22726f776964223b733a33323a223363353964633034386538383530323433626538303739613563373464303739223b733a383a22737562746f74616c223b643a31363030303030303b7d733a33323a223938663133373038323130313934633437353638376265363130366133623834223b613a373a7b733a323a226964223b733a323a223230223b733a343a226e616d65223b733a31313a22584750353052302d564143223b733a353a227072696365223b643a343030303b733a333a22717479223b643a313b733a333a22676272223b733a33363a2261646430323634303765313934376238633961343065373335396465323161382e6a7067223b733a353a22726f776964223b733a33323a223938663133373038323130313934633437353638376265363130366133623834223b733a383a22737562746f74616c223b643a343030303b7d733a33323a223865323936613036376133373536333337306465643035663561336266336563223b613a373a7b733a323a226964223b733a323a223235223b733a343a226e616d65223b733a373a224c41444e523232223b733a353a227072696365223b643a38303030303b733a333a22717479223b643a313b733a333a22676272223b733a33363a2261646430323634303765313934376238633961343065373335396465323161382e6a7067223b733a353a22726f776964223b733a33323a223865323936613036376133373536333337306465643035663561336266336563223b733a383a22737562746f74616c223b643a38303030303b7d7d7374617475735f616374696f6e7c733a363a22757064617465223b5f5f63695f766172737c613a313a7b733a31333a227374617475735f616374696f6e223b733a333a226f6c64223b7d),
('tcpcot4uh1mvm882gq6kl8lc8o394l17', '::1', 1536227624, 0x5f5f63695f6c6173745f726567656e65726174657c693a313533363232373632343b69647c4e3b6e616d615f757365727c733a31343a2241726468692052616d616468616e223b656d61696c5f757365727c733a31343a2272616d6140676d61696c2e636f6d223b6c6f67696e5f73657373696f6e7c733a373a22616c6c6f776564223b746573745f73657373696f6e7c733a31353a224164612053657373696f6e204b6f6b223b6c6576656c7c733a323a223130223b70686f746f7c733a33363a2239356165383035626530613938303863356137383830356534373733373233322e6a7067223b636172745f636f6e74656e74737c613a383a7b733a31303a22636172745f746f74616c223b643a31373138333939373b733a31313a22746f74616c5f6974656d73223b643a31323b733a33323a223337363933636663373438303439653435643837623863376438623961616364223b613a373a7b733a323a226964223b733a323a223233223b733a343a226e616d65223b733a393a2241394b315234313036223b733a353a227072696365223b643a39303030303b733a333a22717479223b643a333b733a333a22676272223b733a33363a2261646430323634303765313934376238633961343065373335396465323161382e6a7067223b733a353a22726f776964223b733a33323a223337363933636663373438303439653435643837623863376438623961616364223b733a383a22737562746f74616c223b643a3237303030303b7d733a33323a223166663164653737343030356638646131336634323934333838316336353566223b613a373a7b733a323a226964223b733a323a223234223b733a343a226e616d65223b733a31323a22455a43315230304833313030223b733a353a227072696365223b643a3238303030303b733a333a22717479223b643a323b733a333a22676272223b733a33363a2261646430323634303765313934376238633961343065373335396465323161382e6a7067223b733a353a22726f776964223b733a33323a223166663164653737343030356638646131336634323934333838316336353566223b733a383a22737562746f74616c223b643a3536303030303b7d733a33323a226236643736376432663865643564323161343462306535383836363830636239223b613a373a7b733a323a226964223b733a323a223232223b733a343a226e616d65223b733a31303a2244463242524e30323030223b733a353a227072696365223b643a38393939393b733a333a22717479223b643a333b733a333a22676272223b733a33363a2261646430323634303765313934376238633961343065373335396465323161382e6a7067223b733a353a22726f776964223b733a33323a226236643736376432663865643564323161343462306535383836363830636239223b733a383a22737562746f74616c223b643a3236393939373b7d733a33323a223363353964633034386538383530323433626538303739613563373464303739223b613a373a7b733a323a226964223b733a323a223231223b733a343a226e616d65223b733a393a224c43314446524b4d37223b733a353a227072696365223b643a383030303030303b733a333a22717479223b643a323b733a333a22676272223b733a33363a2261646430323634303765313934376238633961343065373335396465323161382e6a7067223b733a353a22726f776964223b733a33323a223363353964633034386538383530323433626538303739613563373464303739223b733a383a22737562746f74616c223b643a31363030303030303b7d733a33323a223938663133373038323130313934633437353638376265363130366133623834223b613a373a7b733a323a226964223b733a323a223230223b733a343a226e616d65223b733a31313a22584750353052302d564143223b733a353a227072696365223b643a343030303b733a333a22717479223b643a313b733a333a22676272223b733a33363a2261646430323634303765313934376238633961343065373335396465323161382e6a7067223b733a353a22726f776964223b733a33323a223938663133373038323130313934633437353638376265363130366133623834223b733a383a22737562746f74616c223b643a343030303b7d733a33323a223865323936613036376133373536333337306465643035663561336266336563223b613a373a7b733a323a226964223b733a323a223235223b733a343a226e616d65223b733a373a224c41444e523232223b733a353a227072696365223b643a38303030303b733a333a22717479223b643a313b733a333a22676272223b733a33363a2261646430323634303765313934376238633961343065373335396465323161382e6a7067223b733a353a22726f776964223b733a33323a223865323936613036376133373536333337306465643035663561336266336563223b733a383a22737562746f74616c223b643a38303030303b7d7d),
('tklkm82pfivkg0nd2h5999jkfmr4m5f8', '::1', 1536256279, 0x5f5f63695f6c6173745f726567656e65726174657c693a313533363235363237393b636172745f636f6e74656e74737c613a353a7b733a31303a22636172745f746f74616c223b643a31363039373939393b733a31313a22746f74616c5f6974656d73223b643a353b733a33323a223166306533646164393939303833343566373433396638666661626466666334223b613a373a7b733a323a226964223b733a323a223139223b733a343a226e616d65223b733a31323a22444f4d313133523431534e49223b733a353a227072696365223b643a383030303030303b733a333a22717479223b643a323b733a333a22676272223b733a33363a2261646430323634303765313934376238633961343065373335396465323161382e6a7067223b733a353a22726f776964223b733a33323a223166306533646164393939303833343566373433396638666661626466666334223b733a383a22737562746f74616c223b643a31363030303030303b7d733a33323a223938663133373038323130313934633437353638376265363130366133623834223b613a373a7b733a323a226964223b733a323a223230223b733a343a226e616d65223b733a31313a22584750353052302d564143223b733a353a227072696365223b643a343030303b733a333a22717479223b643a323b733a333a22676272223b733a33363a2261646430323634303765313934376238633961343065373335396465323161382e6a7067223b733a353a22726f776964223b733a33323a223938663133373038323130313934633437353638376265363130366133623834223b733a383a22737562746f74616c223b643a383030303b7d733a33323a226236643736376432663865643564323161343462306535383836363830636239223b613a373a7b733a323a226964223b733a323a223232223b733a343a226e616d65223b733a31303a2244463242524e30323030223b733a353a227072696365223b643a38393939393b733a333a22717479223b643a313b733a333a22676272223b733a33363a2261646430323634303765313934376238633961343065373335396465323161382e6a7067223b733a353a22726f776964223b733a33323a226236643736376432663865643564323161343462306535383836363830636239223b733a383a22737562746f74616c223b643a38393939393b7d7d69647c4e3b6e616d615f757365727c733a31343a2241726468692052616d616468616e223b656d61696c5f757365727c733a31343a2272616d6140676d61696c2e636f6d223b6c6f67696e5f73657373696f6e7c733a373a22616c6c6f776564223b746573745f73657373696f6e7c733a31353a224164612053657373696f6e204b6f6b223b6c6576656c7c733a323a223130223b70686f746f7c733a33363a2239356165383035626530613938303863356137383830356534373733373233322e6a7067223b),
('tm4bq5hvmt2kpaicpip3od1n9omun170', '::1', 1536260571, 0x5f5f63695f6c6173745f726567656e65726174657c693a313533363236303537313b636172745f636f6e74656e74737c613a353a7b733a31303a22636172745f746f74616c223b643a31363039373939393b733a31313a22746f74616c5f6974656d73223b643a353b733a33323a223166306533646164393939303833343566373433396638666661626466666334223b613a373a7b733a323a226964223b733a323a223139223b733a343a226e616d65223b733a31323a22444f4d313133523431534e49223b733a353a227072696365223b643a383030303030303b733a333a22717479223b643a323b733a333a22676272223b733a33363a2261646430323634303765313934376238633961343065373335396465323161382e6a7067223b733a353a22726f776964223b733a33323a223166306533646164393939303833343566373433396638666661626466666334223b733a383a22737562746f74616c223b643a31363030303030303b7d733a33323a223938663133373038323130313934633437353638376265363130366133623834223b613a373a7b733a323a226964223b733a323a223230223b733a343a226e616d65223b733a31313a22584750353052302d564143223b733a353a227072696365223b643a343030303b733a333a22717479223b643a323b733a333a22676272223b733a33363a2261646430323634303765313934376238633961343065373335396465323161382e6a7067223b733a353a22726f776964223b733a33323a223938663133373038323130313934633437353638376265363130366133623834223b733a383a22737562746f74616c223b643a383030303b7d733a33323a226236643736376432663865643564323161343462306535383836363830636239223b613a373a7b733a323a226964223b733a323a223232223b733a343a226e616d65223b733a31303a2244463242524e30323030223b733a353a227072696365223b643a38393939393b733a333a22717479223b643a313b733a333a22676272223b733a33363a2261646430323634303765313934376238633961343065373335396465323161382e6a7067223b733a353a22726f776964223b733a33323a226236643736376432663865643564323161343462306535383836363830636239223b733a383a22737562746f74616c223b643a38393939393b7d7d69647c4e3b6e616d615f757365727c733a31343a2241726468692052616d616468616e223b656d61696c5f757365727c733a31343a2272616d6140676d61696c2e636f6d223b6c6f67696e5f73657373696f6e7c733a373a22616c6c6f776564223b746573745f73657373696f6e7c733a31353a224164612053657373696f6e204b6f6b223b6c6576656c7c733a323a223130223b70686f746f7c733a33363a2239356165383035626530613938303863356137383830356534373733373233322e6a7067223b),
('tvirmom6ecscaem5gsmi9t3mavedpgf0', '::1', 1536227227, 0x5f5f63695f6c6173745f726567656e65726174657c693a313533363232373232373b69647c4e3b6e616d615f757365727c733a31343a2241726468692052616d616468616e223b656d61696c5f757365727c733a31343a2272616d6140676d61696c2e636f6d223b6c6f67696e5f73657373696f6e7c733a373a22616c6c6f776564223b746573745f73657373696f6e7c733a31353a224164612053657373696f6e204b6f6b223b6c6576656c7c733a323a223130223b70686f746f7c733a33363a2239356165383035626530613938303863356137383830356534373733373233322e6a7067223b636172745f636f6e74656e74737c613a383a7b733a31303a22636172745f746f74616c223b643a31373138333939373b733a31313a22746f74616c5f6974656d73223b643a31323b733a33323a223337363933636663373438303439653435643837623863376438623961616364223b613a373a7b733a323a226964223b733a323a223233223b733a343a226e616d65223b733a393a2241394b315234313036223b733a353a227072696365223b643a39303030303b733a333a22717479223b643a333b733a333a22676272223b733a33363a2261646430323634303765313934376238633961343065373335396465323161382e6a7067223b733a353a22726f776964223b733a33323a223337363933636663373438303439653435643837623863376438623961616364223b733a383a22737562746f74616c223b643a3237303030303b7d733a33323a223166663164653737343030356638646131336634323934333838316336353566223b613a373a7b733a323a226964223b733a323a223234223b733a343a226e616d65223b733a31323a22455a43315230304833313030223b733a353a227072696365223b643a3238303030303b733a333a22717479223b643a323b733a333a22676272223b733a33363a2261646430323634303765313934376238633961343065373335396465323161382e6a7067223b733a353a22726f776964223b733a33323a223166663164653737343030356638646131336634323934333838316336353566223b733a383a22737562746f74616c223b643a3536303030303b7d733a33323a226236643736376432663865643564323161343462306535383836363830636239223b613a373a7b733a323a226964223b733a323a223232223b733a343a226e616d65223b733a31303a2244463242524e30323030223b733a353a227072696365223b643a38393939393b733a333a22717479223b643a333b733a333a22676272223b733a33363a2261646430323634303765313934376238633961343065373335396465323161382e6a7067223b733a353a22726f776964223b733a33323a226236643736376432663865643564323161343462306535383836363830636239223b733a383a22737562746f74616c223b643a3236393939373b7d733a33323a223363353964633034386538383530323433626538303739613563373464303739223b613a373a7b733a323a226964223b733a323a223231223b733a343a226e616d65223b733a393a224c43314446524b4d37223b733a353a227072696365223b643a383030303030303b733a333a22717479223b643a323b733a333a22676272223b733a33363a2261646430323634303765313934376238633961343065373335396465323161382e6a7067223b733a353a22726f776964223b733a33323a223363353964633034386538383530323433626538303739613563373464303739223b733a383a22737562746f74616c223b643a31363030303030303b7d733a33323a223938663133373038323130313934633437353638376265363130366133623834223b613a373a7b733a323a226964223b733a323a223230223b733a343a226e616d65223b733a31313a22584750353052302d564143223b733a353a227072696365223b643a343030303b733a333a22717479223b643a313b733a333a22676272223b733a33363a2261646430323634303765313934376238633961343065373335396465323161382e6a7067223b733a353a22726f776964223b733a33323a223938663133373038323130313934633437353638376265363130366133623834223b733a383a22737562746f74616c223b643a343030303b7d733a33323a223865323936613036376133373536333337306465643035663561336266336563223b613a373a7b733a323a226964223b733a323a223235223b733a343a226e616d65223b733a373a224c41444e523232223b733a353a227072696365223b643a38303030303b733a333a22717479223b643a313b733a333a22676272223b733a33363a2261646430323634303765313934376238633961343065373335396465323161382e6a7067223b733a353a22726f776964223b733a33323a223865323936613036376133373536333337306465643035663561336266336563223b733a383a22737562746f74616c223b643a38303030303b7d7d),
('ubpuasdbogft0a6t2o2m3gfv2jvdnhj7', '::1', 1536259466, 0x5f5f63695f6c6173745f726567656e65726174657c693a313533363235393436363b636172745f636f6e74656e74737c613a353a7b733a31303a22636172745f746f74616c223b643a31363039373939393b733a31313a22746f74616c5f6974656d73223b643a353b733a33323a223166306533646164393939303833343566373433396638666661626466666334223b613a373a7b733a323a226964223b733a323a223139223b733a343a226e616d65223b733a31323a22444f4d313133523431534e49223b733a353a227072696365223b643a383030303030303b733a333a22717479223b643a323b733a333a22676272223b733a33363a2261646430323634303765313934376238633961343065373335396465323161382e6a7067223b733a353a22726f776964223b733a33323a223166306533646164393939303833343566373433396638666661626466666334223b733a383a22737562746f74616c223b643a31363030303030303b7d733a33323a223938663133373038323130313934633437353638376265363130366133623834223b613a373a7b733a323a226964223b733a323a223230223b733a343a226e616d65223b733a31313a22584750353052302d564143223b733a353a227072696365223b643a343030303b733a333a22717479223b643a323b733a333a22676272223b733a33363a2261646430323634303765313934376238633961343065373335396465323161382e6a7067223b733a353a22726f776964223b733a33323a223938663133373038323130313934633437353638376265363130366133623834223b733a383a22737562746f74616c223b643a383030303b7d733a33323a226236643736376432663865643564323161343462306535383836363830636239223b613a373a7b733a323a226964223b733a323a223232223b733a343a226e616d65223b733a31303a2244463242524e30323030223b733a353a227072696365223b643a38393939393b733a333a22717479223b643a313b733a333a22676272223b733a33363a2261646430323634303765313934376238633961343065373335396465323161382e6a7067223b733a353a22726f776964223b733a33323a226236643736376432663865643564323161343462306535383836363830636239223b733a383a22737562746f74616c223b643a38393939393b7d7d69647c4e3b6e616d615f757365727c733a31343a2241726468692052616d616468616e223b656d61696c5f757365727c733a31343a2272616d6140676d61696c2e636f6d223b6c6f67696e5f73657373696f6e7c733a373a22616c6c6f776564223b746573745f73657373696f6e7c733a31353a224164612053657373696f6e204b6f6b223b6c6576656c7c733a323a223130223b70686f746f7c733a33363a2239356165383035626530613938303863356137383830356534373733373233322e6a7067223b),
('v5jc66t813kbntrjn7ib2j7aljbg2pdb', '::1', 1536230896, 0x5f5f63695f6c6173745f726567656e65726174657c693a313533363233303839363b69647c4e3b6e616d615f757365727c733a31343a2241726468692052616d616468616e223b656d61696c5f757365727c733a31343a2272616d6140676d61696c2e636f6d223b6c6f67696e5f73657373696f6e7c733a373a22616c6c6f776564223b746573745f73657373696f6e7c733a31353a224164612053657373696f6e204b6f6b223b6c6576656c7c733a323a223130223b70686f746f7c733a33363a2239356165383035626530613938303863356137383830356534373733373233322e6a7067223b636172745f636f6e74656e74737c613a383a7b733a31303a22636172745f746f74616c223b643a31373138333939373b733a31313a22746f74616c5f6974656d73223b643a31323b733a33323a223337363933636663373438303439653435643837623863376438623961616364223b613a373a7b733a323a226964223b733a323a223233223b733a343a226e616d65223b733a393a2241394b315234313036223b733a353a227072696365223b643a39303030303b733a333a22717479223b643a333b733a333a22676272223b733a33363a2261646430323634303765313934376238633961343065373335396465323161382e6a7067223b733a353a22726f776964223b733a33323a223337363933636663373438303439653435643837623863376438623961616364223b733a383a22737562746f74616c223b643a3237303030303b7d733a33323a223166663164653737343030356638646131336634323934333838316336353566223b613a373a7b733a323a226964223b733a323a223234223b733a343a226e616d65223b733a31323a22455a43315230304833313030223b733a353a227072696365223b643a3238303030303b733a333a22717479223b643a323b733a333a22676272223b733a33363a2261646430323634303765313934376238633961343065373335396465323161382e6a7067223b733a353a22726f776964223b733a33323a223166663164653737343030356638646131336634323934333838316336353566223b733a383a22737562746f74616c223b643a3536303030303b7d733a33323a226236643736376432663865643564323161343462306535383836363830636239223b613a373a7b733a323a226964223b733a323a223232223b733a343a226e616d65223b733a31303a2244463242524e30323030223b733a353a227072696365223b643a38393939393b733a333a22717479223b643a333b733a333a22676272223b733a33363a2261646430323634303765313934376238633961343065373335396465323161382e6a7067223b733a353a22726f776964223b733a33323a226236643736376432663865643564323161343462306535383836363830636239223b733a383a22737562746f74616c223b643a3236393939373b7d733a33323a223363353964633034386538383530323433626538303739613563373464303739223b613a373a7b733a323a226964223b733a323a223231223b733a343a226e616d65223b733a393a224c43314446524b4d37223b733a353a227072696365223b643a383030303030303b733a333a22717479223b643a323b733a333a22676272223b733a33363a2261646430323634303765313934376238633961343065373335396465323161382e6a7067223b733a353a22726f776964223b733a33323a223363353964633034386538383530323433626538303739613563373464303739223b733a383a22737562746f74616c223b643a31363030303030303b7d733a33323a223938663133373038323130313934633437353638376265363130366133623834223b613a373a7b733a323a226964223b733a323a223230223b733a343a226e616d65223b733a31313a22584750353052302d564143223b733a353a227072696365223b643a343030303b733a333a22717479223b643a313b733a333a22676272223b733a33363a2261646430323634303765313934376238633961343065373335396465323161382e6a7067223b733a353a22726f776964223b733a33323a223938663133373038323130313934633437353638376265363130366133623834223b733a383a22737562746f74616c223b643a343030303b7d733a33323a223865323936613036376133373536333337306465643035663561336266336563223b613a373a7b733a323a226964223b733a323a223235223b733a343a226e616d65223b733a373a224c41444e523232223b733a353a227072696365223b643a38303030303b733a333a22717479223b643a313b733a333a22676272223b733a33363a2261646430323634303765313934376238633961343065373335396465323161382e6a7067223b733a353a22726f776964223b733a33323a223865323936613036376133373536333337306465643035663561336266336563223b733a383a22737562746f74616c223b643a38303030303b7d7d),
('v65l8qkemrrosl65rrknen5bt1t5ffb6', '::1', 1536258117, 0x5f5f63695f6c6173745f726567656e65726174657c693a313533363235383131373b636172745f636f6e74656e74737c613a353a7b733a31303a22636172745f746f74616c223b643a31363039373939393b733a31313a22746f74616c5f6974656d73223b643a353b733a33323a223166306533646164393939303833343566373433396638666661626466666334223b613a373a7b733a323a226964223b733a323a223139223b733a343a226e616d65223b733a31323a22444f4d313133523431534e49223b733a353a227072696365223b643a383030303030303b733a333a22717479223b643a323b733a333a22676272223b733a33363a2261646430323634303765313934376238633961343065373335396465323161382e6a7067223b733a353a22726f776964223b733a33323a223166306533646164393939303833343566373433396638666661626466666334223b733a383a22737562746f74616c223b643a31363030303030303b7d733a33323a223938663133373038323130313934633437353638376265363130366133623834223b613a373a7b733a323a226964223b733a323a223230223b733a343a226e616d65223b733a31313a22584750353052302d564143223b733a353a227072696365223b643a343030303b733a333a22717479223b643a323b733a333a22676272223b733a33363a2261646430323634303765313934376238633961343065373335396465323161382e6a7067223b733a353a22726f776964223b733a33323a223938663133373038323130313934633437353638376265363130366133623834223b733a383a22737562746f74616c223b643a383030303b7d733a33323a226236643736376432663865643564323161343462306535383836363830636239223b613a373a7b733a323a226964223b733a323a223232223b733a343a226e616d65223b733a31303a2244463242524e30323030223b733a353a227072696365223b643a38393939393b733a333a22717479223b643a313b733a333a22676272223b733a33363a2261646430323634303765313934376238633961343065373335396465323161382e6a7067223b733a353a22726f776964223b733a33323a226236643736376432663865643564323161343462306535383836363830636239223b733a383a22737562746f74616c223b643a38393939393b7d7d69647c4e3b6e616d615f757365727c733a31343a2241726468692052616d616468616e223b656d61696c5f757365727c733a31343a2272616d6140676d61696c2e636f6d223b6c6f67696e5f73657373696f6e7c733a373a22616c6c6f776564223b746573745f73657373696f6e7c733a31353a224164612053657373696f6e204b6f6b223b6c6576656c7c733a323a223130223b70686f746f7c733a33363a2239356165383035626530613938303863356137383830356534373733373233322e6a7067223b),
('vjg6b9504jet9uc3aa2ar92e0f0a7598', '::1', 1536257325, 0x5f5f63695f6c6173745f726567656e65726174657c693a313533363235373332353b636172745f636f6e74656e74737c613a353a7b733a31303a22636172745f746f74616c223b643a31363039373939393b733a31313a22746f74616c5f6974656d73223b643a353b733a33323a223166306533646164393939303833343566373433396638666661626466666334223b613a373a7b733a323a226964223b733a323a223139223b733a343a226e616d65223b733a31323a22444f4d313133523431534e49223b733a353a227072696365223b643a383030303030303b733a333a22717479223b643a323b733a333a22676272223b733a33363a2261646430323634303765313934376238633961343065373335396465323161382e6a7067223b733a353a22726f776964223b733a33323a223166306533646164393939303833343566373433396638666661626466666334223b733a383a22737562746f74616c223b643a31363030303030303b7d733a33323a223938663133373038323130313934633437353638376265363130366133623834223b613a373a7b733a323a226964223b733a323a223230223b733a343a226e616d65223b733a31313a22584750353052302d564143223b733a353a227072696365223b643a343030303b733a333a22717479223b643a323b733a333a22676272223b733a33363a2261646430323634303765313934376238633961343065373335396465323161382e6a7067223b733a353a22726f776964223b733a33323a223938663133373038323130313934633437353638376265363130366133623834223b733a383a22737562746f74616c223b643a383030303b7d733a33323a226236643736376432663865643564323161343462306535383836363830636239223b613a373a7b733a323a226964223b733a323a223232223b733a343a226e616d65223b733a31303a2244463242524e30323030223b733a353a227072696365223b643a38393939393b733a333a22717479223b643a313b733a333a22676272223b733a33363a2261646430323634303765313934376238633961343065373335396465323161382e6a7067223b733a353a22726f776964223b733a33323a226236643736376432663865643564323161343462306535383836363830636239223b733a383a22737562746f74616c223b643a38393939393b7d7d69647c4e3b6e616d615f757365727c733a31343a2241726468692052616d616468616e223b656d61696c5f757365727c733a31343a2272616d6140676d61696c2e636f6d223b6c6f67696e5f73657373696f6e7c733a373a22616c6c6f776564223b746573745f73657373696f6e7c733a31353a224164612053657373696f6e204b6f6b223b6c6576656c7c733a323a223130223b70686f746f7c733a33363a2239356165383035626530613938303863356137383830356534373733373233322e6a7067223b);

-- --------------------------------------------------------

--
-- Struktur dari tabel `t_admin`
--

CREATE TABLE `t_admin` (
  `id_admin` int(11) NOT NULL,
  `nama` varchar(100) NOT NULL,
  `email` varchar(60) NOT NULL,
  `password` varchar(255) NOT NULL,
  `status` varchar(50) NOT NULL,
  `type` varchar(100) NOT NULL,
  `photo` varchar(255) NOT NULL
) ENGINE=InnoDB DEFAULT CHARSET=latin1;

--
-- Dumping data untuk tabel `t_admin`
--

INSERT INTO `t_admin` (`id_admin`, `nama`, `email`, `password`, `status`, `type`, `photo`) VALUES
(61, 'Ardhi Ramadhan', 'rama@gmail.com', '21232f297a57a5a743894a0e4a801fc3', '1', '10', '95ae805be0a9808c5a78805e47737232.jpg'),
(62, 'Agustinu Pristya Putra', 'putra@gmail.com', '21232f297a57a5a743894a0e4a801fc3', '1', '10', 'a2bc1348d5cc09953c3ba4cbf3139cb7.jpg'),
(63, 'Brian Adi Kusumo', 'brian@gmail.com', '21232f297a57a5a743894a0e4a801fc3', '1', '10', '332119f1ccf23a98ad9616d5d0bbcdac.jpg'),
(73, 'Faiz', 'faiz@gmail.com', 'dbcddd2b55ec5b104a2a1a64b8707d4a', '1', '10', 'c2a99c92f0688edb21ee0ec473211c43.jpg');

-- --------------------------------------------------------

--
-- Struktur dari tabel `t_brand`
--

CREATE TABLE `t_brand` (
  `id` int(11) NOT NULL,
  `nama_brand` varchar(200) NOT NULL,
  `logo` varchar(255) NOT NULL,
  `website` varchar(255) NOT NULL
) ENGINE=InnoDB DEFAULT CHARSET=latin1;

--
-- Dumping data untuk tabel `t_brand`
--

INSERT INTO `t_brand` (`id`, `nama_brand`, `logo`, `website`) VALUES
(1, 'Philips', 'schneider.png', 'Philips.com'),
(2, 'Scheniders', '299f0da36b38f635ce6af2d584ebb1cc.png', 'asas.co'),
(10, 'Philips', '596f59b52dd44fdfe5dd03435b6b7b4a.png', 'phil.co.id');

-- --------------------------------------------------------

--
-- Struktur dari tabel `t_customer`
--

CREATE TABLE `t_customer` (
  `id` int(11) NOT NULL,
  `nama` varchar(150) NOT NULL,
  `email` varchar(150) NOT NULL,
  `password` varchar(255) NOT NULL,
  `perusahaan` varchar(150) NOT NULL,
  `photo` varchar(255) NOT NULL,
  `level` int(11) NOT NULL,
  `status` int(11) NOT NULL COMMENT '1==Aktif , 0 == Nonaktif',
  `media_sosial` varchar(200) NOT NULL,
  `alamat` varchar(255) NOT NULL,
  `no_telp` varchar(15) NOT NULL,
  `jenis_kelamin` varchar(50) NOT NULL
) ENGINE=InnoDB DEFAULT CHARSET=latin1;

--
-- Dumping data untuk tabel `t_customer`
--

INSERT INTO `t_customer` (`id`, `nama`, `email`, `password`, `perusahaan`, `photo`, `level`, `status`, `media_sosial`, `alamat`, `no_telp`, `jenis_kelamin`) VALUES
(1, 'Faiz', 'faiz@gmail.co', '', 'Grooth Company', 'dummy.jpg', 1, 1, 'Instagram', 'Rawa Lumbu', '0828892882', 'L'),
(7, 'rama', 'rama@gmail.com', 'e04f28cc33cb20274dd3ff44e600a923', 'Mayoones', '49714163b0177999ccf702edd4b134e8.jpg', 2, 1, 'ardhir10', 'Perumahan Mutiara Gading', '08266272626', 'L');

-- --------------------------------------------------------

--
-- Struktur dari tabel `t_kategori`
--

CREATE TABLE `t_kategori` (
  `id` int(11) NOT NULL,
  `nama_kategori` varchar(50) NOT NULL,
  `id_parent` int(11) NOT NULL,
  `posisi` int(11) NOT NULL,
  `status` int(11) NOT NULL COMMENT '1=aktif,0=nonaktif'
) ENGINE=InnoDB DEFAULT CHARSET=latin1;

--
-- Dumping data untuk tabel `t_kategori`
--

INSERT INTO `t_kategori` (`id`, `nama_kategori`, `id_parent`, `posisi`, `status`) VALUES
(1, 'Handphone', 0, 1, 0),
(2, 'Laptop', 0, 0, 0),
(3, 'Mesin', 1, 1, 1),
(6, 'Mesin Uang', 1, 2, 1),
(7, 'X8809', 6, 0, 0),
(8, 'V02', 7, 0, 0),
(9, 'Acer', 2, 0, 0),
(10, 'Asus', 2, 0, 0),
(11, 'Core i3', 10, 0, 0),
(12, 'Core i5', 10, 0, 0),
(13, 'Type A455L', 11, 0, 0);

-- --------------------------------------------------------

--
-- Struktur dari tabel `t_produk`
--

CREATE TABLE `t_produk` (
  `id` int(11) NOT NULL,
  `gambar_produk` varchar(255) NOT NULL,
  `nama_produk` varchar(1000) NOT NULL,
  `short_deskripsi` text NOT NULL,
  `id_kategori` varchar(1000) NOT NULL,
  `id_brand` int(11) NOT NULL,
  `harga` int(11) NOT NULL,
  `detail` varchar(1000) NOT NULL,
  `jumlah` int(11) NOT NULL,
  `featured` int(11) NOT NULL,
  `tags` varchar(255) NOT NULL
) ENGINE=InnoDB DEFAULT CHARSET=latin1;

--
-- Dumping data untuk tabel `t_produk`
--

INSERT INTO `t_produk` (`id`, `gambar_produk`, `nama_produk`, `short_deskripsi`, `id_kategori`, `id_brand`, `harga`, `detail`, `jumlah`, `featured`, `tags`) VALUES
(1, 'add026407e1947b8c9a40e7359de21a8.jpg', 'LCD09M7R', 'Magnetic contactor - Schneider Electric (TeSys D) - DOL (Direct On Line) - 3 poles (3P) - Rated power (380-400Vac; AC-3) 7.5kW - Rated current (440vac; AC-3) 18A - Control coil voltage (50/60Hz) 220Vac - 1NO+1NC auxiliary contacts - Screw-clamp terminalsPhilips Luxeon K2 OBL LED, with superior packaging and low thermal resistance -100-240 V AC - 5W - Red light - 50,000 hours (70% lumen maintenance)', '1', 0, 3000000, 'hp android asus', 20, 1, 'MESIN,ENGINE,MACHINE'),
(6, 'add026407e1947b8c9a40e7359de21a8.jpg', 'LCD0R999', 'Magnetic contactor - Schneider Electric (TeSys D) - DOL (Direct On Line) - 3 poles (3P) - Rated power (380-415Vac; AC-3) 4kW - Rated current (440vac; AC-3) 9A - Control coil voltage (50/60Hz) 220Vac - 1NO+1NC auxiliary contacts - Screw-clamp terminals', '1', 0, 900000, '', 12, 1, 'SPATEPART,MATERIAL,SOFTWARE'),
(17, 'add026407e1947b8c9a40e7359de21a8.jpg', 'LCDR09567', 'Miniature Circuit Breaker (MCB) - Schneider Electric (Domae) - Rated current 63A - 1 pole (1P) - C-curve - Short circuit breaking capacity (Icn) 4.5kA / 4500A - 1 module - DIN rail mounting', '2', 0, 250000, '', 20, 0, 'SECURITY,HOME,LIVING,SOFTWARE'),
(18, 'add026407e1947b8c9a40e7359de21a8.jpg', 'GV2RP14', 'Philips Luxeon K2 OBL LED, with superior packaging and low thermal resistance -100-240 V AC - 5W - Red light - 50,000 hours (70% lumen maintenance)', '1', 2, 4000, 'cicak goreng', 12, 1, 'hewan'),
(19, 'add026407e1947b8c9a40e7359de21a8.jpg', 'DOM113R41SNI', 'Moulded Case Circuit Breaker (MCCB) - Schneider Electric (EasyPact EZC) - EZC100H 3P 100A - 3 poles (3P3d) - Rated current 100A - Short circuit breaking capacity (Icu) (400-415Vac) 30kA - Thermal-Magnetic (fixed) trip unit (TMD) - Lug terminals', '1', 1, 8000000, 'hewan', 12, 1, 'hewani'),
(20, 'add026407e1947b8c9a40e7359de21a8.jpg', 'XGP50R0-VAC', 'Auxiliary contact block - Schneider Electric (TeSys D) - 2NO+2NC auxiliary contacts - Screw-clamp terminals - for LC1D', '2', 2, 4000, 'cicak goreng', 12, 1, 'hewan'),
(21, 'add026407e1947b8c9a40e7359de21a8.jpg', 'LC1DFRKM7', 'Thermal-Magnetic Motor Protection Circuit Breaker (MPCB) / Manual Motor Starter - Schneider Electric (TeSys GV2P) - 3 poles (3P3d) - Rated current 6A - 10A - Short circuit breaking capacity (Icu) (400-415Vac) 100kA - Rotary knob operation - Screw-clamp terminals', '1', 1, 8000000, 'hewan', 12, 1, 'hewani'),
(22, 'add026407e1947b8c9a40e7359de21a8.jpg', 'DF2BRN0200', 'Moulded Case Circuit Breaker (MCCB) - Schneider Electric (EasyPact EZC) - EZC100H 3P 100A - 3 poles (3P3d) - Rated current 100A - Short circuit breaking capacity (Icu) (400-415Vac) 30kA - Thermal-Magnetic (fixed) trip unit (TMD) - Lug terminals', '1', 2, 89999, 'qurban', 99, 1, 'hewan,qurban'),
(23, 'add026407e1947b8c9a40e7359de21a8.jpg', 'A9K1R4106', 'Auxiliary contact block - Schneider Electric (TeSys D) - 2NO+2NC auxiliary contacts - Screw-clamp terminals - for LC1D', '2', 2, 90000, 'sapi ', 2, 1, 'test,sapi'),
(24, 'add026407e1947b8c9a40e7359de21a8.jpg', 'EZC1R00H3100', 'Philips Luxeon K2 OBL LED, with superior packaging and low thermal resistance -100-240 V AC - 5W - Red light - 50,000 hours (70% lumen maintenance)', '1', 2, 280000, 'beruang coklat', 2, 2, 'kutub'),
(25, 'add026407e1947b8c9a40e7359de21a8.jpg', 'LADNR22', 'Thermal-Magnetic Motor Protection Circuit Breaker (MPCB) / Manual Motor Starter - Schneider Electric (TeSys GV2P) - 3 poles (3P3d) - Rated current 6A - 10A - Short circuit breaking capacity (Icu) (400-415Vac) 100kA - Rotary knob operation - Screw-clamp terminals', '1', 2, 80000, 'hero mobilejen', 2, 1, 'ggwp');

-- --------------------------------------------------------

--
-- Struktur dari tabel `t_type_admin`
--

CREATE TABLE `t_type_admin` (
  `id` int(11) NOT NULL,
  `type` varchar(150) NOT NULL
) ENGINE=InnoDB DEFAULT CHARSET=latin1;

--
-- Dumping data untuk tabel `t_type_admin`
--

INSERT INTO `t_type_admin` (`id`, `type`) VALUES
(9, 'Admin'),
(10, 'Superuser');

-- --------------------------------------------------------

--
-- Struktur dari tabel `t_type_customer`
--

CREATE TABLE `t_type_customer` (
  `id` int(11) NOT NULL,
  `nama_type` varchar(50) NOT NULL,
  `discount` int(11) NOT NULL,
  `keterangan` varchar(200) NOT NULL
) ENGINE=InnoDB DEFAULT CHARSET=latin1;

--
-- Dumping data untuk tabel `t_type_customer`
--

INSERT INTO `t_type_customer` (`id`, `nama_type`, `discount`, `keterangan`) VALUES
(1, 'Type A', 20, 'Discount 20% untuk all Item'),
(2, 'Type B', 10, 'Discount 10% untuk all Item'),
(3, 'Type C', 5, 'Disc 5% all item'),
(4, 'Type D', 40, 'Mendapat discount 40% disemua'),
(5, 'Type E', 50, '50% Untuk Kategori Mesin');

-- --------------------------------------------------------

--
-- Struktur dari tabel `t_video`
--

CREATE TABLE `t_video` (
  `id` int(11) NOT NULL,
  `judul` varchar(150) NOT NULL,
  `link` varchar(255) NOT NULL
) ENGINE=InnoDB DEFAULT CHARSET=latin1;

--
-- Dumping data untuk tabel `t_video`
--

INSERT INTO `t_video` (`id`, `judul`, `link`) VALUES
(1, 'President 2019', '<iframe class="embed-responsive-item" width="500" height="315" src="https://www.youtube.com/embed/AybX-OtH4t4" frameborder="0" allow="autoplay; encrypted-media" allowfullscreen></iframe>'),
(2, 'Young Blood', '<iframe class="embed-responsive-item" width="500" height="315" src="https://www.youtube.com/embed/-RJSbO8UZVY" frameborder="0" allow="autoplay; encrypted-media" allowfullscreen></iframe>');

-- --------------------------------------------------------

--
-- Struktur dari tabel `user`
--

CREATE TABLE `user` (
  `id` int(11) NOT NULL,
  `nama` varchar(50) NOT NULL,
  `alamat` text NOT NULL,
  `pekerjaan` varchar(50) NOT NULL
) ENGINE=InnoDB DEFAULT CHARSET=latin1;

--
-- Dumping data untuk tabel `user`
--

INSERT INTO `user` (`id`, `nama`, `alamat`, `pekerjaan`) VALUES
(1, 'Andi', 'Surabaya', 'web programmer'),
(2, 'Santoso', 'Jakarta', 'Web Designer'),
(6, 'Samsul', 'Sumedang', 'Pegawai'),
(7, 'Bob', 'jakarta', 'penyanyi'),
(8, 'marley', 'afrika', 'penyanyi'),
(9, 'Bob', 'jakarta', 'penyanyi'),
(10, 'Bob', 'jakarta', 'penyanyi'),
(11, 'Bob', 'jakarta', 'penyanyi'),
(12, 'Bob', 'jakarta', 'penyanyi'),
(13, 'Bob', 'jakarta', 'penyanyi'),
(14, 'Bob', 'jakarta', 'penyanyi'),
(15, 'Bob', 'jakarta', 'penyanyi'),
(16, 'Bob', 'jakarta', 'penyanyi'),
(17, 'Bob', 'jakarta', 'penyanyi'),
(18, 'marley', 'afrika', 'penyanyi'),
(19, 'Bob', 'jakarta', 'penyanyi'),
(20, 'Bob', 'jakarta', 'penyanyi'),
(21, 'Bob', 'jakarta', 'penyanyi'),
(22, 'Bob', 'jakarta', 'penyanyi'),
(23, 'Bob', 'jakarta', 'penyanyi'),
(24, 'Bob', 'jakarta', 'penyanyi'),
(25, 'Bob', 'jakarta', 'penyanyi'),
(26, 'Bob', 'jakarta', 'penyanyi'),
(27, 'Bob', 'jakarta', 'penyanyi'),
(28, 'Bob', 'jakarta', 'penyanyi'),
(29, 'Bob', 'jakarta', 'penyanyi'),
(30, 'Bob', 'jakarta', 'penyanyi'),
(31, 'Bob', 'jakarta', 'penyanyi'),
(32, 'marley', 'afrika', 'penyanyi'),
(33, 'Bob', 'jakarta', 'penyanyi'),
(34, 'Bob', 'jakarta', 'penyanyi'),
(35, 'Bob', 'jakarta', 'penyanyi'),
(36, 'Bob', 'jakarta', 'penyanyi'),
(37, 'Bob', 'jakarta', 'penyanyi'),
(38, 'Bob', 'jakarta', 'penyanyi'),
(39, 'Bob', 'jakarta', 'penyanyi'),
(40, 'Bob', 'jakarta', 'penyanyi'),
(41, 'Bob', 'jakarta', 'penyanyi'),
(42, 'Bob', 'jakarta', 'penyanyi'),
(43, 'Bob', 'jakarta', 'penyanyi'),
(44, 'Bob', 'jakarta', 'penyanyi'),
(45, 'Bob', 'jakarta', 'penyanyi'),
(46, 'Bob', 'jakarta', 'penyanyi'),
(47, 'marley', 'afrika', 'penyanyi'),
(48, 'Bob', 'jakarta', 'penyanyi'),
(49, 'Bob', 'jakarta', 'penyanyi'),
(50, 'Bob', 'jakarta', 'penyanyi'),
(51, 'Bob', 'jakarta', 'penyanyi'),
(52, 'Bob', 'jakarta', 'penyanyi'),
(53, 'Bob', 'jakarta', 'penyanyi'),
(54, 'Bob', 'jakarta', 'penyanyi'),
(55, 'Bob', 'jakarta', 'penyanyi'),
(56, 'Bob', 'jakarta', 'penyanyi'),
(57, 'Bob', 'jakarta', 'penyanyi'),
(58, 'Bob', 'jakarta', 'penyanyi');

--
-- Indexes for dumped tables
--

--
-- Indexes for table `ci_sessions`
--
ALTER TABLE `ci_sessions`
  ADD PRIMARY KEY (`id`),
  ADD KEY `ci_sessions_timestamp` (`timestamp`);

--
-- Indexes for table `t_admin`
--
ALTER TABLE `t_admin`
  ADD PRIMARY KEY (`id_admin`),
  ADD UNIQUE KEY `email` (`email`);

--
-- Indexes for table `t_brand`
--
ALTER TABLE `t_brand`
  ADD PRIMARY KEY (`id`);

--
-- Indexes for table `t_customer`
--
ALTER TABLE `t_customer`
  ADD PRIMARY KEY (`id`);

--
-- Indexes for table `t_kategori`
--
ALTER TABLE `t_kategori`
  ADD PRIMARY KEY (`id`);

--
-- Indexes for table `t_produk`
--
ALTER TABLE `t_produk`
  ADD PRIMARY KEY (`id`);

--
-- Indexes for table `t_type_admin`
--
ALTER TABLE `t_type_admin`
  ADD PRIMARY KEY (`id`);

--
-- Indexes for table `t_type_customer`
--
ALTER TABLE `t_type_customer`
  ADD PRIMARY KEY (`id`);

--
-- Indexes for table `t_video`
--
ALTER TABLE `t_video`
  ADD PRIMARY KEY (`id`);

--
-- Indexes for table `user`
--
ALTER TABLE `user`
  ADD PRIMARY KEY (`id`);

--
-- AUTO_INCREMENT for dumped tables
--

--
-- AUTO_INCREMENT for table `t_admin`
--
ALTER TABLE `t_admin`
  MODIFY `id_admin` int(11) NOT NULL AUTO_INCREMENT, AUTO_INCREMENT=77;
--
-- AUTO_INCREMENT for table `t_brand`
--
ALTER TABLE `t_brand`
  MODIFY `id` int(11) NOT NULL AUTO_INCREMENT, AUTO_INCREMENT=11;
--
-- AUTO_INCREMENT for table `t_customer`
--
ALTER TABLE `t_customer`
  MODIFY `id` int(11) NOT NULL AUTO_INCREMENT, AUTO_INCREMENT=9;
--
-- AUTO_INCREMENT for table `t_kategori`
--
ALTER TABLE `t_kategori`
  MODIFY `id` int(11) NOT NULL AUTO_INCREMENT, AUTO_INCREMENT=14;
--
-- AUTO_INCREMENT for table `t_produk`
--
ALTER TABLE `t_produk`
  MODIFY `id` int(11) NOT NULL AUTO_INCREMENT, AUTO_INCREMENT=26;
--
-- AUTO_INCREMENT for table `t_type_admin`
--
ALTER TABLE `t_type_admin`
  MODIFY `id` int(11) NOT NULL AUTO_INCREMENT, AUTO_INCREMENT=11;
--
-- AUTO_INCREMENT for table `t_type_customer`
--
ALTER TABLE `t_type_customer`
  MODIFY `id` int(11) NOT NULL AUTO_INCREMENT, AUTO_INCREMENT=6;
--
-- AUTO_INCREMENT for table `t_video`
--
ALTER TABLE `t_video`
  MODIFY `id` int(11) NOT NULL AUTO_INCREMENT, AUTO_INCREMENT=3;
--
-- AUTO_INCREMENT for table `user`
--
ALTER TABLE `user`
  MODIFY `id` int(11) NOT NULL AUTO_INCREMENT, AUTO_INCREMENT=59;
/*!40101 SET CHARACTER_SET_CLIENT=@OLD_CHARACTER_SET_CLIENT */;
/*!40101 SET CHARACTER_SET_RESULTS=@OLD_CHARACTER_SET_RESULTS */;
/*!40101 SET COLLATION_CONNECTION=@OLD_COLLATION_CONNECTION */;
