-- phpMyAdmin SQL Dump
-- version 4.5.1
-- http://www.phpmyadmin.net
--
-- Host: 127.0.0.1
-- Generation Time: 06 Sep 2018 pada 09.00
-- Versi Server: 10.1.10-MariaDB
-- PHP Version: 7.0.3

SET SQL_MODE = "NO_AUTO_VALUE_ON_ZERO";
SET time_zone = "+00:00";


/*!40101 SET @OLD_CHARACTER_SET_CLIENT=@@CHARACTER_SET_CLIENT */;
/*!40101 SET @OLD_CHARACTER_SET_RESULTS=@@CHARACTER_SET_RESULTS */;
/*!40101 SET @OLD_COLLATION_CONNECTION=@@COLLATION_CONNECTION */;
/*!40101 SET NAMES utf8mb4 */;

--
-- Database: `theklakklik`
--

-- --------------------------------------------------------

--
-- Struktur dari tabel `ci_sessions`
--

CREATE TABLE `ci_sessions` (
  `id` varchar(40) NOT NULL,
  `ip_address` varchar(45) NOT NULL,
  `timestamp` int(10) UNSIGNED NOT NULL DEFAULT '0',
  `data` blob NOT NULL
) ENGINE=InnoDB DEFAULT CHARSET=latin1;

--
-- Dumping data untuk tabel `ci_sessions`
--

INSERT INTO `ci_sessions` (`id`, `ip_address`, `timestamp`, `data`) VALUES
('06jd0je5obfgn05s1ff1fn4geirv2ops', '::1', 1536198306, 0x5f5f63695f6c6173745f726567656e65726174657c693a313533363139383330363b636172745f636f6e74656e74737c613a333a7b733a31303a22636172745f746f74616c223b643a383030303b733a31313a22746f74616c5f6974656d73223b643a323b733a33323a223938663133373038323130313934633437353638376265363130366133623834223b613a373a7b733a323a226964223b733a323a223230223b733a343a226e616d65223b733a31313a22584750353052302d564143223b733a353a227072696365223b643a343030303b733a333a22717479223b643a323b733a333a22676272223b733a33363a2261646430323634303765313934376238633961343065373335396465323161382e6a7067223b733a353a22726f776964223b733a33323a223938663133373038323130313934633437353638376265363130366133623834223b733a383a22737562746f74616c223b643a383030303b7d7d),
('0h3rc3bicaeie5dn0sh29mhv4e08jvgu', '::1', 1536201836, 0x5f5f63695f6c6173745f726567656e65726174657c693a313533363230313833363b636172745f636f6e74656e74737c613a333a7b733a31303a22636172745f746f74616c223b643a383030303b733a31313a22746f74616c5f6974656d73223b643a323b733a33323a223938663133373038323130313934633437353638376265363130366133623834223b613a373a7b733a323a226964223b733a323a223230223b733a343a226e616d65223b733a31313a22584750353052302d564143223b733a353a227072696365223b643a343030303b733a333a22717479223b643a323b733a333a22676272223b733a33363a2261646430323634303765313934376238633961343065373335396465323161382e6a7067223b733a353a22726f776964223b733a33323a223938663133373038323130313934633437353638376265363130366133623834223b733a383a22737562746f74616c223b643a383030303b7d7d),
('1e1m3eq0b96lv5rl8lr1j085kfhpitni', '::1', 1536205959, 0x5f5f63695f6c6173745f726567656e65726174657c693a313533363230353935393b636172745f636f6e74656e74737c613a333a7b733a31303a22636172745f746f74616c223b643a383030303b733a31313a22746f74616c5f6974656d73223b643a323b733a33323a223938663133373038323130313934633437353638376265363130366133623834223b613a373a7b733a323a226964223b733a323a223230223b733a343a226e616d65223b733a31313a22584750353052302d564143223b733a353a227072696365223b643a343030303b733a333a22717479223b643a323b733a333a22676272223b733a33363a2261646430323634303765313934376238633961343065373335396465323161382e6a7067223b733a353a22726f776964223b733a33323a223938663133373038323130313934633437353638376265363130366133623834223b733a383a22737562746f74616c223b643a383030303b7d7d),
('4t1vuda4ga5oi4v1b81p4k263q6u6qe8', '::1', 1536206861, 0x5f5f63695f6c6173745f726567656e65726174657c693a313533363230363836313b636172745f636f6e74656e74737c613a333a7b733a31303a22636172745f746f74616c223b643a383030303b733a31313a22746f74616c5f6974656d73223b643a323b733a33323a223938663133373038323130313934633437353638376265363130366133623834223b613a373a7b733a323a226964223b733a323a223230223b733a343a226e616d65223b733a31313a22584750353052302d564143223b733a353a227072696365223b643a343030303b733a333a22717479223b643a323b733a333a22676272223b733a33363a2261646430323634303765313934376238633961343065373335396465323161382e6a7067223b733a353a22726f776964223b733a33323a223938663133373038323130313934633437353638376265363130366133623834223b733a383a22737562746f74616c223b643a383030303b7d7d),
('677753rueco3jmvssud4a90aj8gg1139', '::1', 1536199351, 0x5f5f63695f6c6173745f726567656e65726174657c693a313533363139393335313b636172745f636f6e74656e74737c613a333a7b733a31303a22636172745f746f74616c223b643a383030303b733a31313a22746f74616c5f6974656d73223b643a323b733a33323a223938663133373038323130313934633437353638376265363130366133623834223b613a373a7b733a323a226964223b733a323a223230223b733a343a226e616d65223b733a31313a22584750353052302d564143223b733a353a227072696365223b643a343030303b733a333a22717479223b643a323b733a333a22676272223b733a33363a2261646430323634303765313934376238633961343065373335396465323161382e6a7067223b733a353a22726f776964223b733a33323a223938663133373038323130313934633437353638376265363130366133623834223b733a383a22737562746f74616c223b643a383030303b7d7d),
('7lffh263nssku3tfnvrp7rmfis16s4q4', '::1', 1536209797, 0x5f5f63695f6c6173745f726567656e65726174657c693a313533363230393739373b636172745f636f6e74656e74737c613a343a7b733a31303a22636172745f746f74616c223b643a3138373939383b733a31313a22746f74616c5f6974656d73223b643a343b733a33323a223938663133373038323130313934633437353638376265363130366133623834223b613a373a7b733a323a226964223b733a323a223230223b733a343a226e616d65223b733a31313a22584750353052302d564143223b733a353a227072696365223b643a343030303b733a333a22717479223b643a323b733a333a22676272223b733a33363a2261646430323634303765313934376238633961343065373335396465323161382e6a7067223b733a353a22726f776964223b733a33323a223938663133373038323130313934633437353638376265363130366133623834223b733a383a22737562746f74616c223b643a383030303b7d733a33323a226236643736376432663865643564323161343462306535383836363830636239223b613a373a7b733a323a226964223b733a323a223232223b733a343a226e616d65223b733a31303a2244463242524e30323030223b733a353a227072696365223b643a38393939393b733a333a22717479223b643a323b733a333a22676272223b733a33363a2261646430323634303765313934376238633961343065373335396465323161382e6a7067223b733a353a22726f776964223b733a33323a226236643736376432663865643564323161343462306535383836363830636239223b733a383a22737562746f74616c223b643a3137393939383b7d7d69647c4e3b6e616d615f757365727c733a31343a2241726468692052616d616468616e223b656d61696c5f757365727c733a31343a2272616d6140676d61696c2e636f6d223b6c6f67696e5f73657373696f6e7c733a373a22616c6c6f776564223b746573745f73657373696f6e7c733a31353a224164612053657373696f6e204b6f6b223b6c6576656c7c733a323a223130223b70686f746f7c733a33363a2239356165383035626530613938303863356137383830356534373733373233322e6a7067223b),
('822cidbsvp3ab1hj7srf52a62gl04fu7', '::1', 1536206497, 0x5f5f63695f6c6173745f726567656e65726174657c693a313533363230363439373b636172745f636f6e74656e74737c613a333a7b733a31303a22636172745f746f74616c223b643a383030303b733a31313a22746f74616c5f6974656d73223b643a323b733a33323a223938663133373038323130313934633437353638376265363130366133623834223b613a373a7b733a323a226964223b733a323a223230223b733a343a226e616d65223b733a31313a22584750353052302d564143223b733a353a227072696365223b643a343030303b733a333a22717479223b643a323b733a333a22676272223b733a33363a2261646430323634303765313934376238633961343065373335396465323161382e6a7067223b733a353a22726f776964223b733a33323a223938663133373038323130313934633437353638376265363130366133623834223b733a383a22737562746f74616c223b643a383030303b7d7d),
('bapeovqm7s5qne7l4bhlb76aknj3mbfo', '::1', 1536196119, 0x5f5f63695f6c6173745f726567656e65726174657c693a313533363139363131393b),
('e9lsd3277m4a3n8oc6h2kkr2rin8blrs', '::1', 1536199676, 0x5f5f63695f6c6173745f726567656e65726174657c693a313533363139393637363b636172745f636f6e74656e74737c613a333a7b733a31303a22636172745f746f74616c223b643a383030303b733a31313a22746f74616c5f6974656d73223b643a323b733a33323a223938663133373038323130313934633437353638376265363130366133623834223b613a373a7b733a323a226964223b733a323a223230223b733a343a226e616d65223b733a31313a22584750353052302d564143223b733a353a227072696365223b643a343030303b733a333a22717479223b643a323b733a333a22676272223b733a33363a2261646430323634303765313934376238633961343065373335396465323161382e6a7067223b733a353a22726f776964223b733a33323a223938663133373038323130313934633437353638376265363130366133623834223b733a383a22737562746f74616c223b643a383030303b7d7d),
('f077bnokqjb90lubv98hsq7ceeetvb3s', '::1', 1536202177, 0x5f5f63695f6c6173745f726567656e65726174657c693a313533363230323137373b636172745f636f6e74656e74737c613a333a7b733a31303a22636172745f746f74616c223b643a383030303b733a31313a22746f74616c5f6974656d73223b643a323b733a33323a223938663133373038323130313934633437353638376265363130366133623834223b613a373a7b733a323a226964223b733a323a223230223b733a343a226e616d65223b733a31313a22584750353052302d564143223b733a353a227072696365223b643a343030303b733a333a22717479223b643a323b733a333a22676272223b733a33363a2261646430323634303765313934376238633961343065373335396465323161382e6a7067223b733a353a22726f776964223b733a33323a223938663133373038323130313934633437353638376265363130366133623834223b733a383a22737562746f74616c223b643a383030303b7d7d),
('fi8bbo068bsu380pla8nabi3hra5l173', '::1', 1536195765, 0x5f5f63695f6c6173745f726567656e65726174657c693a313533363139353736353b),
('h5rmrnmkh4a0rmfn28pllc0fbmtljllo', '::1', 1536199049, 0x5f5f63695f6c6173745f726567656e65726174657c693a313533363139393034393b636172745f636f6e74656e74737c613a333a7b733a31303a22636172745f746f74616c223b643a383030303b733a31313a22746f74616c5f6974656d73223b643a323b733a33323a223938663133373038323130313934633437353638376265363130366133623834223b613a373a7b733a323a226964223b733a323a223230223b733a343a226e616d65223b733a31313a22584750353052302d564143223b733a353a227072696365223b643a343030303b733a333a22717479223b643a323b733a333a22676272223b733a33363a2261646430323634303765313934376238633961343065373335396465323161382e6a7067223b733a353a22726f776964223b733a33323a223938663133373038323130313934633437353638376265363130366133623834223b733a383a22737562746f74616c223b643a383030303b7d7d),
('hd9tna9ht3ia2snf9ksfd1701cps691u', '::1', 1536199979, 0x5f5f63695f6c6173745f726567656e65726174657c693a313533363139393937393b636172745f636f6e74656e74737c613a333a7b733a31303a22636172745f746f74616c223b643a383030303b733a31313a22746f74616c5f6974656d73223b643a323b733a33323a223938663133373038323130313934633437353638376265363130366133623834223b613a373a7b733a323a226964223b733a323a223230223b733a343a226e616d65223b733a31313a22584750353052302d564143223b733a353a227072696365223b643a343030303b733a333a22717479223b643a323b733a333a22676272223b733a33363a2261646430323634303765313934376238633961343065373335396465323161382e6a7067223b733a353a22726f776964223b733a33323a223938663133373038323130313934633437353638376265363130366133623834223b733a383a22737562746f74616c223b643a383030303b7d7d),
('jjs22b7ggb8cln9c6t4ift4fmu7sh6nk', '::1', 1536201159, 0x5f5f63695f6c6173745f726567656e65726174657c693a313533363230313135393b636172745f636f6e74656e74737c613a333a7b733a31303a22636172745f746f74616c223b643a383030303b733a31313a22746f74616c5f6974656d73223b643a323b733a33323a223938663133373038323130313934633437353638376265363130366133623834223b613a373a7b733a323a226964223b733a323a223230223b733a343a226e616d65223b733a31313a22584750353052302d564143223b733a353a227072696365223b643a343030303b733a333a22717479223b643a323b733a333a22676272223b733a33363a2261646430323634303765313934376238633961343065373335396465323161382e6a7067223b733a353a22726f776964223b733a33323a223938663133373038323130313934633437353638376265363130366133623834223b733a383a22737562746f74616c223b643a383030303b7d7d),
('kei7tjb98hdtcd1l4ir5ttap8gmbpgvf', '::1', 1536209048, 0x5f5f63695f6c6173745f726567656e65726174657c693a313533363230393034383b636172745f636f6e74656e74737c613a333a7b733a31303a22636172745f746f74616c223b643a383030303b733a31313a22746f74616c5f6974656d73223b643a323b733a33323a223938663133373038323130313934633437353638376265363130366133623834223b613a373a7b733a323a226964223b733a323a223230223b733a343a226e616d65223b733a31313a22584750353052302d564143223b733a353a227072696365223b643a343030303b733a333a22717479223b643a323b733a333a22676272223b733a33363a2261646430323634303765313934376238633961343065373335396465323161382e6a7067223b733a353a22726f776964223b733a33323a223938663133373038323130313934633437353638376265363130366133623834223b733a383a22737562746f74616c223b643a383030303b7d7d),
('nca4l22r9lfjolj2fjvbpjnin68vois7', '::1', 1536201460, 0x5f5f63695f6c6173745f726567656e65726174657c693a313533363230313436303b636172745f636f6e74656e74737c613a333a7b733a31303a22636172745f746f74616c223b643a383030303b733a31313a22746f74616c5f6974656d73223b643a323b733a33323a223938663133373038323130313934633437353638376265363130366133623834223b613a373a7b733a323a226964223b733a323a223230223b733a343a226e616d65223b733a31313a22584750353052302d564143223b733a353a227072696365223b643a343030303b733a333a22717479223b643a323b733a333a22676272223b733a33363a2261646430323634303765313934376238633961343065373335396465323161382e6a7067223b733a353a22726f776964223b733a33323a223938663133373038323130313934633437353638376265363130366133623834223b733a383a22737562746f74616c223b643a383030303b7d7d),
('obu7p7seulkqmeudhcg52og6gkf620fl', '::1', 1536217195, 0x5f5f63695f6c6173745f726567656e65726174657c693a313533363231373138363b),
('rn3bo5qsp79ibv27hg5m4p9jufgjnd7t', '::1', 1536196473, 0x5f5f63695f6c6173745f726567656e65726174657c693a313533363139363437333b),
('s5mnkq8p6pr7b4fg3nlud3d2l0m7r9qj', '::1', 1536198699, 0x5f5f63695f6c6173745f726567656e65726174657c693a313533363139383639393b636172745f636f6e74656e74737c613a333a7b733a31303a22636172745f746f74616c223b643a383030303b733a31313a22746f74616c5f6974656d73223b643a323b733a33323a223938663133373038323130313934633437353638376265363130366133623834223b613a373a7b733a323a226964223b733a323a223230223b733a343a226e616d65223b733a31313a22584750353052302d564143223b733a353a227072696365223b643a343030303b733a333a22717479223b643a323b733a333a22676272223b733a33363a2261646430323634303765313934376238633961343065373335396465323161382e6a7067223b733a353a22726f776964223b733a33323a223938663133373038323130313934633437353638376265363130366133623834223b733a383a22737562746f74616c223b643a383030303b7d7d),
('sgi16fp72ek7bi2752rvrch09d0u2jg8', '::1', 1536197597, 0x5f5f63695f6c6173745f726567656e65726174657c693a313533363139373539373b636172745f636f6e74656e74737c613a333a7b733a31303a22636172745f746f74616c223b643a383030303b733a31313a22746f74616c5f6974656d73223b643a323b733a33323a223938663133373038323130313934633437353638376265363130366133623834223b613a373a7b733a323a226964223b733a323a223230223b733a343a226e616d65223b733a31313a22584750353052302d564143223b733a353a227072696365223b643a343030303b733a333a22717479223b643a323b733a333a22676272223b733a33363a2261646430323634303765313934376238633961343065373335396465323161382e6a7067223b733a353a22726f776964223b733a33323a223938663133373038323130313934633437353638376265363130366133623834223b733a383a22737562746f74616c223b643a383030303b7d7d),
('vmgfbb6lsqet3vfrekjfcndvb7gl48ba', '::1', 1536198005, 0x5f5f63695f6c6173745f726567656e65726174657c693a313533363139383030353b636172745f636f6e74656e74737c613a333a7b733a31303a22636172745f746f74616c223b643a383030303b733a31313a22746f74616c5f6974656d73223b643a323b733a33323a223938663133373038323130313934633437353638376265363130366133623834223b613a373a7b733a323a226964223b733a323a223230223b733a343a226e616d65223b733a31313a22584750353052302d564143223b733a353a227072696365223b643a343030303b733a333a22717479223b643a323b733a333a22676272223b733a33363a2261646430323634303765313934376238633961343065373335396465323161382e6a7067223b733a353a22726f776964223b733a33323a223938663133373038323130313934633437353638376265363130366133623834223b733a383a22737562746f74616c223b643a383030303b7d7d),
('vslklcaeklnshgujhkvofd3q91323tus', '::1', 1536210087, 0x5f5f63695f6c6173745f726567656e65726174657c693a313533363230393739373b636172745f636f6e74656e74737c613a343a7b733a31303a22636172745f746f74616c223b643a3138373939383b733a31313a22746f74616c5f6974656d73223b643a343b733a33323a223938663133373038323130313934633437353638376265363130366133623834223b613a373a7b733a323a226964223b733a323a223230223b733a343a226e616d65223b733a31313a22584750353052302d564143223b733a353a227072696365223b643a343030303b733a333a22717479223b643a323b733a333a22676272223b733a33363a2261646430323634303765313934376238633961343065373335396465323161382e6a7067223b733a353a22726f776964223b733a33323a223938663133373038323130313934633437353638376265363130366133623834223b733a383a22737562746f74616c223b643a383030303b7d733a33323a226236643736376432663865643564323161343462306535383836363830636239223b613a373a7b733a323a226964223b733a323a223232223b733a343a226e616d65223b733a31303a2244463242524e30323030223b733a353a227072696365223b643a38393939393b733a333a22717479223b643a323b733a333a22676272223b733a33363a2261646430323634303765313934376238633961343065373335396465323161382e6a7067223b733a353a22726f776964223b733a33323a226236643736376432663865643564323161343462306535383836363830636239223b733a383a22737562746f74616c223b643a3137393939383b7d7d69647c4e3b6e616d615f757365727c733a31343a2241726468692052616d616468616e223b656d61696c5f757365727c733a31343a2272616d6140676d61696c2e636f6d223b6c6f67696e5f73657373696f6e7c733a373a22616c6c6f776564223b746573745f73657373696f6e7c733a31353a224164612053657373696f6e204b6f6b223b6c6576656c7c733a323a223130223b70686f746f7c733a33363a2239356165383035626530613938303863356137383830356534373733373233322e6a7067223b),
('vu56oap3q4905s8ajvjmkjhk6v91pc5a', '::1', 1536209425, 0x5f5f63695f6c6173745f726567656e65726174657c693a313533363230393432353b636172745f636f6e74656e74737c613a343a7b733a31303a22636172745f746f74616c223b643a3138373939383b733a31313a22746f74616c5f6974656d73223b643a343b733a33323a223938663133373038323130313934633437353638376265363130366133623834223b613a373a7b733a323a226964223b733a323a223230223b733a343a226e616d65223b733a31313a22584750353052302d564143223b733a353a227072696365223b643a343030303b733a333a22717479223b643a323b733a333a22676272223b733a33363a2261646430323634303765313934376238633961343065373335396465323161382e6a7067223b733a353a22726f776964223b733a33323a223938663133373038323130313934633437353638376265363130366133623834223b733a383a22737562746f74616c223b643a383030303b7d733a33323a226236643736376432663865643564323161343462306535383836363830636239223b613a373a7b733a323a226964223b733a323a223232223b733a343a226e616d65223b733a31303a2244463242524e30323030223b733a353a227072696365223b643a38393939393b733a333a22717479223b643a323b733a333a22676272223b733a33363a2261646430323634303765313934376238633961343065373335396465323161382e6a7067223b733a353a22726f776964223b733a33323a226236643736376432663865643564323161343462306535383836363830636239223b733a383a22737562746f74616c223b643a3137393939383b7d7d69647c4e3b6e616d615f757365727c733a31343a2241726468692052616d616468616e223b656d61696c5f757365727c733a31343a2272616d6140676d61696c2e636f6d223b6c6f67696e5f73657373696f6e7c733a373a22616c6c6f776564223b746573745f73657373696f6e7c733a31353a224164612053657373696f6e204b6f6b223b6c6576656c7c733a323a223130223b70686f746f7c733a33363a2239356165383035626530613938303863356137383830356534373733373233322e6a7067223b);

-- --------------------------------------------------------

--
-- Struktur dari tabel `t_admin`
--

CREATE TABLE `t_admin` (
  `id_admin` int(11) NOT NULL,
  `nama` varchar(100) NOT NULL,
  `email` varchar(60) NOT NULL,
  `password` varchar(255) NOT NULL,
  `status` varchar(50) NOT NULL,
  `type` varchar(100) NOT NULL,
  `photo` varchar(255) NOT NULL
) ENGINE=InnoDB DEFAULT CHARSET=latin1;

--
-- Dumping data untuk tabel `t_admin`
--

INSERT INTO `t_admin` (`id_admin`, `nama`, `email`, `password`, `status`, `type`, `photo`) VALUES
(61, 'Ardhi Ramadhan', 'rama@gmail.com', '21232f297a57a5a743894a0e4a801fc3', '1', '10', '95ae805be0a9808c5a78805e47737232.jpg'),
(62, 'Agustinu Pristya Putra', 'putra@gmail.com', '21232f297a57a5a743894a0e4a801fc3', '1', '10', 'a2bc1348d5cc09953c3ba4cbf3139cb7.jpg'),
(63, 'Brian Adi Kusumo', 'brian@gmail.com', '21232f297a57a5a743894a0e4a801fc3', '1', '10', '332119f1ccf23a98ad9616d5d0bbcdac.jpg'),
(73, 'Faiz', 'faiz@gmail.com', 'dbcddd2b55ec5b104a2a1a64b8707d4a', '1', '10', 'c2a99c92f0688edb21ee0ec473211c43.jpg');

-- --------------------------------------------------------

--
-- Struktur dari tabel `t_brand`
--

CREATE TABLE `t_brand` (
  `id` int(11) NOT NULL,
  `nama_brand` varchar(200) NOT NULL,
  `logo` varchar(255) NOT NULL,
  `website` varchar(255) NOT NULL
) ENGINE=InnoDB DEFAULT CHARSET=latin1;

--
-- Dumping data untuk tabel `t_brand`
--

INSERT INTO `t_brand` (`id`, `nama_brand`, `logo`, `website`) VALUES
(1, 'Philips', 'schneider.png', 'Philips.com'),
(2, 'Scheniders', '299f0da36b38f635ce6af2d584ebb1cc.png', 'asas.co'),
(10, 'Philips', '596f59b52dd44fdfe5dd03435b6b7b4a.png', 'phil.co.id');

-- --------------------------------------------------------

--
-- Struktur dari tabel `t_customer`
--

CREATE TABLE `t_customer` (
  `id` int(11) NOT NULL,
  `nama` varchar(150) NOT NULL,
  `email` varchar(150) NOT NULL,
  `perusahaan` varchar(150) NOT NULL,
  `photo` varchar(255) NOT NULL,
  `level` int(11) NOT NULL,
  `media_sosial` varchar(200) NOT NULL,
  `alamat` varchar(255) NOT NULL,
  `no_telp` varchar(15) NOT NULL,
  `jenis_kelamin` varchar(50) NOT NULL
) ENGINE=InnoDB DEFAULT CHARSET=latin1;

--
-- Dumping data untuk tabel `t_customer`
--

INSERT INTO `t_customer` (`id`, `nama`, `email`, `perusahaan`, `photo`, `level`, `media_sosial`, `alamat`, `no_telp`, `jenis_kelamin`) VALUES
(1, 'Faiz', 'faiz@gmail.co', 'Grooth Company', 'dummy', 1, 'Instagram', 'Rawa Lumbu', '0828892882', 'L');

-- --------------------------------------------------------

--
-- Struktur dari tabel `t_kategori`
--

CREATE TABLE `t_kategori` (
  `id` int(11) NOT NULL,
  `nama_kategori` varchar(50) NOT NULL,
  `id_parent` int(11) NOT NULL,
  `posisi` int(11) NOT NULL,
  `status` int(11) NOT NULL COMMENT '1=aktif,0=nonaktif'
) ENGINE=InnoDB DEFAULT CHARSET=latin1;

--
-- Dumping data untuk tabel `t_kategori`
--

INSERT INTO `t_kategori` (`id`, `nama_kategori`, `id_parent`, `posisi`, `status`) VALUES
(1, 'Handphone', 0, 1, 0),
(2, 'Laptop', 0, 0, 0),
(3, 'Mesin', 1, 1, 1),
(6, 'Mesin Uang', 1, 2, 1),
(7, 'X8809', 6, 0, 0),
(8, 'V02', 7, 0, 0),
(9, 'Acer', 2, 0, 0),
(10, 'Asus', 2, 0, 0),
(11, 'Core i3', 10, 0, 0),
(12, 'Core i5', 10, 0, 0),
(13, 'Type A455L', 11, 0, 0);

-- --------------------------------------------------------

--
-- Struktur dari tabel `t_produk`
--

CREATE TABLE `t_produk` (
  `id` int(11) NOT NULL,
  `gambar_produk` varchar(255) NOT NULL,
  `nama_produk` varchar(1000) NOT NULL,
  `short_deskripsi` text NOT NULL,
  `id_kategori` varchar(1000) NOT NULL,
  `id_brand` int(11) NOT NULL,
  `harga` int(11) NOT NULL,
  `detail` varchar(1000) NOT NULL,
  `jumlah` int(11) NOT NULL,
  `featured` int(11) NOT NULL,
  `tags` varchar(255) NOT NULL
) ENGINE=InnoDB DEFAULT CHARSET=latin1;

--
-- Dumping data untuk tabel `t_produk`
--

INSERT INTO `t_produk` (`id`, `gambar_produk`, `nama_produk`, `short_deskripsi`, `id_kategori`, `id_brand`, `harga`, `detail`, `jumlah`, `featured`, `tags`) VALUES
(1, 'add026407e1947b8c9a40e7359de21a8.jpg', 'LCD09M7R', 'Magnetic contactor - Schneider Electric (TeSys D) - DOL (Direct On Line) - 3 poles (3P) - Rated power (380-400Vac; AC-3) 7.5kW - Rated current (440vac; AC-3) 18A - Control coil voltage (50/60Hz) 220Vac - 1NO+1NC auxiliary contacts - Screw-clamp terminalsPhilips Luxeon® K2 OBL LED, with superior packaging and low thermal resistance -100-240 V AC - 5W - Red light - 50,000 hours (70% lumen maintenance)', '1', 0, 3000000, 'hp android asus', 20, 1, 'MESIN,ENGINE,MACHINE'),
(6, 'add026407e1947b8c9a40e7359de21a8.jpg', 'LCD0R999', 'Magnetic contactor - Schneider Electric (TeSys D) - DOL (Direct On Line) - 3 poles (3P) - Rated power (380-415Vac; AC-3) 4kW - Rated current (440vac; AC-3) 9A - Control coil voltage (50/60Hz) 220Vac - 1NO+1NC auxiliary contacts - Screw-clamp terminals', '1', 0, 900000, '', 12, 1, 'SPATEPART,MATERIAL,SOFTWARE'),
(17, 'add026407e1947b8c9a40e7359de21a8.jpg', 'LCDR09567', 'Miniature Circuit Breaker (MCB) - Schneider Electric (Domae) - Rated current 63A - 1 pole (1P) - C-curve - Short circuit breaking capacity (Icn) 4.5kA / 4500A - 1 module - DIN rail mounting', '2', 0, 250000, '', 20, 0, 'SECURITY,HOME,LIVING,SOFTWARE'),
(18, 'add026407e1947b8c9a40e7359de21a8.jpg', 'GV2RP14', 'Philips Luxeon® K2 OBL LED, with superior packaging and low thermal resistance -100-240 V AC - 5W - Red light - 50,000 hours (70% lumen maintenance)', '1', 2, 4000, 'cicak goreng', 12, 1, 'hewan'),
(19, 'add026407e1947b8c9a40e7359de21a8.jpg', 'DOM113R41SNI', 'Moulded Case Circuit Breaker (MCCB) - Schneider Electric (EasyPact EZC) - EZC100H 3P 100A - 3 poles (3P3d) - Rated current 100A - Short circuit breaking capacity (Icu) (400-415Vac) 30kA - Thermal-Magnetic (fixed) trip unit (TMD) - Lug terminals', '1', 1, 8000000, 'hewan', 12, 1, 'hewani'),
(20, 'add026407e1947b8c9a40e7359de21a8.jpg', 'XGP50R0-VAC', 'Auxiliary contact block - Schneider Electric (TeSys D) - 2NO+2NC auxiliary contacts - Screw-clamp terminals - for LC1D', '2', 2, 4000, 'cicak goreng', 12, 1, 'hewan'),
(21, 'add026407e1947b8c9a40e7359de21a8.jpg', 'LC1DFRKM7', 'Thermal-Magnetic Motor Protection Circuit Breaker (MPCB) / Manual Motor Starter - Schneider Electric (TeSys GV2P) - 3 poles (3P3d) - Rated current 6A - 10A - Short circuit breaking capacity (Icu) (400-415Vac) 100kA - Rotary knob operation - Screw-clamp terminals', '1', 1, 8000000, 'hewan', 12, 1, 'hewani'),
(22, 'add026407e1947b8c9a40e7359de21a8.jpg', 'DF2BRN0200', 'Moulded Case Circuit Breaker (MCCB) - Schneider Electric (EasyPact EZC) - EZC100H 3P 100A - 3 poles (3P3d) - Rated current 100A - Short circuit breaking capacity (Icu) (400-415Vac) 30kA - Thermal-Magnetic (fixed) trip unit (TMD) - Lug terminals', '1', 2, 89999, 'qurban', 99, 1, 'hewan,qurban'),
(23, 'add026407e1947b8c9a40e7359de21a8.jpg', 'A9K1R4106', 'Auxiliary contact block - Schneider Electric (TeSys D) - 2NO+2NC auxiliary contacts - Screw-clamp terminals - for LC1D', '2', 2, 90000, 'sapi ', 2, 1, 'test,sapi'),
(24, 'add026407e1947b8c9a40e7359de21a8.jpg', 'EZC1R00H3100', 'Philips Luxeon® K2 OBL LED, with superior packaging and low thermal resistance -100-240 V AC - 5W - Red light - 50,000 hours (70% lumen maintenance)', '1', 2, 280000, 'beruang coklat', 2, 2, 'kutub'),
(25, 'add026407e1947b8c9a40e7359de21a8.jpg', 'LADNR22', 'Thermal-Magnetic Motor Protection Circuit Breaker (MPCB) / Manual Motor Starter - Schneider Electric (TeSys GV2P) - 3 poles (3P3d) - Rated current 6A - 10A - Short circuit breaking capacity (Icu) (400-415Vac) 100kA - Rotary knob operation - Screw-clamp terminals', '1', 2, 80000, 'hero mobilejen', 2, 1, 'ggwp');

-- --------------------------------------------------------

--
-- Struktur dari tabel `t_type_admin`
--

CREATE TABLE `t_type_admin` (
  `id` int(11) NOT NULL,
  `type` varchar(150) NOT NULL
) ENGINE=InnoDB DEFAULT CHARSET=latin1;

--
-- Dumping data untuk tabel `t_type_admin`
--

INSERT INTO `t_type_admin` (`id`, `type`) VALUES
(9, 'Admin'),
(10, 'Superuser');

-- --------------------------------------------------------

--
-- Struktur dari tabel `t_video`
--

CREATE TABLE `t_video` (
  `id` int(11) NOT NULL,
  `judul` varchar(150) NOT NULL,
  `link` varchar(255) NOT NULL
) ENGINE=InnoDB DEFAULT CHARSET=latin1;

--
-- Dumping data untuk tabel `t_video`
--

INSERT INTO `t_video` (`id`, `judul`, `link`) VALUES
(1, 'President 2019', '<iframe class="embed-responsive-item" width="500" height="315" src="https://www.youtube.com/embed/AybX-OtH4t4" frameborder="0" allow="autoplay; encrypted-media" allowfullscreen></iframe>'),
(2, 'Young Blood', '<iframe class="embed-responsive-item" width="500" height="315" src="https://www.youtube.com/embed/-RJSbO8UZVY" frameborder="0" allow="autoplay; encrypted-media" allowfullscreen></iframe>');

-- --------------------------------------------------------

--
-- Struktur dari tabel `user`
--

CREATE TABLE `user` (
  `id` int(11) NOT NULL,
  `nama` varchar(50) NOT NULL,
  `alamat` text NOT NULL,
  `pekerjaan` varchar(50) NOT NULL
) ENGINE=InnoDB DEFAULT CHARSET=latin1;

--
-- Dumping data untuk tabel `user`
--

INSERT INTO `user` (`id`, `nama`, `alamat`, `pekerjaan`) VALUES
(1, 'Andi', 'Surabaya', 'web programmer'),
(2, 'Santoso', 'Jakarta', 'Web Designer'),
(6, 'Samsul', 'Sumedang', 'Pegawai'),
(7, 'Bob', 'jakarta', 'penyanyi'),
(8, 'marley', 'afrika', 'penyanyi'),
(9, 'Bob', 'jakarta', 'penyanyi'),
(10, 'Bob', 'jakarta', 'penyanyi'),
(11, 'Bob', 'jakarta', 'penyanyi'),
(12, 'Bob', 'jakarta', 'penyanyi'),
(13, 'Bob', 'jakarta', 'penyanyi'),
(14, 'Bob', 'jakarta', 'penyanyi'),
(15, 'Bob', 'jakarta', 'penyanyi'),
(16, 'Bob', 'jakarta', 'penyanyi'),
(17, 'Bob', 'jakarta', 'penyanyi'),
(18, 'marley', 'afrika', 'penyanyi'),
(19, 'Bob', 'jakarta', 'penyanyi'),
(20, 'Bob', 'jakarta', 'penyanyi'),
(21, 'Bob', 'jakarta', 'penyanyi'),
(22, 'Bob', 'jakarta', 'penyanyi'),
(23, 'Bob', 'jakarta', 'penyanyi'),
(24, 'Bob', 'jakarta', 'penyanyi'),
(25, 'Bob', 'jakarta', 'penyanyi'),
(26, 'Bob', 'jakarta', 'penyanyi'),
(27, 'Bob', 'jakarta', 'penyanyi'),
(28, 'Bob', 'jakarta', 'penyanyi'),
(29, 'Bob', 'jakarta', 'penyanyi'),
(30, 'Bob', 'jakarta', 'penyanyi'),
(31, 'Bob', 'jakarta', 'penyanyi'),
(32, 'marley', 'afrika', 'penyanyi'),
(33, 'Bob', 'jakarta', 'penyanyi'),
(34, 'Bob', 'jakarta', 'penyanyi'),
(35, 'Bob', 'jakarta', 'penyanyi'),
(36, 'Bob', 'jakarta', 'penyanyi'),
(37, 'Bob', 'jakarta', 'penyanyi'),
(38, 'Bob', 'jakarta', 'penyanyi'),
(39, 'Bob', 'jakarta', 'penyanyi'),
(40, 'Bob', 'jakarta', 'penyanyi'),
(41, 'Bob', 'jakarta', 'penyanyi'),
(42, 'Bob', 'jakarta', 'penyanyi'),
(43, 'Bob', 'jakarta', 'penyanyi'),
(44, 'Bob', 'jakarta', 'penyanyi'),
(45, 'Bob', 'jakarta', 'penyanyi'),
(46, 'Bob', 'jakarta', 'penyanyi'),
(47, 'marley', 'afrika', 'penyanyi'),
(48, 'Bob', 'jakarta', 'penyanyi'),
(49, 'Bob', 'jakarta', 'penyanyi'),
(50, 'Bob', 'jakarta', 'penyanyi'),
(51, 'Bob', 'jakarta', 'penyanyi'),
(52, 'Bob', 'jakarta', 'penyanyi'),
(53, 'Bob', 'jakarta', 'penyanyi'),
(54, 'Bob', 'jakarta', 'penyanyi'),
(55, 'Bob', 'jakarta', 'penyanyi'),
(56, 'Bob', 'jakarta', 'penyanyi'),
(57, 'Bob', 'jakarta', 'penyanyi'),
(58, 'Bob', 'jakarta', 'penyanyi');

--
-- Indexes for dumped tables
--

--
-- Indexes for table `ci_sessions`
--
ALTER TABLE `ci_sessions`
  ADD PRIMARY KEY (`id`),
  ADD KEY `ci_sessions_timestamp` (`timestamp`);

--
-- Indexes for table `t_admin`
--
ALTER TABLE `t_admin`
  ADD PRIMARY KEY (`id_admin`),
  ADD UNIQUE KEY `email` (`email`);

--
-- Indexes for table `t_brand`
--
ALTER TABLE `t_brand`
  ADD PRIMARY KEY (`id`);

--
-- Indexes for table `t_customer`
--
ALTER TABLE `t_customer`
  ADD PRIMARY KEY (`id`);

--
-- Indexes for table `t_kategori`
--
ALTER TABLE `t_kategori`
  ADD PRIMARY KEY (`id`);

--
-- Indexes for table `t_produk`
--
ALTER TABLE `t_produk`
  ADD PRIMARY KEY (`id`);

--
-- Indexes for table `t_type_admin`
--
ALTER TABLE `t_type_admin`
  ADD PRIMARY KEY (`id`);

--
-- Indexes for table `t_video`
--
ALTER TABLE `t_video`
  ADD PRIMARY KEY (`id`);

--
-- Indexes for table `user`
--
ALTER TABLE `user`
  ADD PRIMARY KEY (`id`);

--
-- AUTO_INCREMENT for dumped tables
--

--
-- AUTO_INCREMENT for table `t_admin`
--
ALTER TABLE `t_admin`
  MODIFY `id_admin` int(11) NOT NULL AUTO_INCREMENT, AUTO_INCREMENT=74;
--
-- AUTO_INCREMENT for table `t_brand`
--
ALTER TABLE `t_brand`
  MODIFY `id` int(11) NOT NULL AUTO_INCREMENT, AUTO_INCREMENT=11;
--
-- AUTO_INCREMENT for table `t_customer`
--
ALTER TABLE `t_customer`
  MODIFY `id` int(11) NOT NULL AUTO_INCREMENT, AUTO_INCREMENT=2;
--
-- AUTO_INCREMENT for table `t_kategori`
--
ALTER TABLE `t_kategori`
  MODIFY `id` int(11) NOT NULL AUTO_INCREMENT, AUTO_INCREMENT=14;
--
-- AUTO_INCREMENT for table `t_produk`
--
ALTER TABLE `t_produk`
  MODIFY `id` int(11) NOT NULL AUTO_INCREMENT, AUTO_INCREMENT=26;
--
-- AUTO_INCREMENT for table `t_type_admin`
--
ALTER TABLE `t_type_admin`
  MODIFY `id` int(11) NOT NULL AUTO_INCREMENT, AUTO_INCREMENT=11;
--
-- AUTO_INCREMENT for table `t_video`
--
ALTER TABLE `t_video`
  MODIFY `id` int(11) NOT NULL AUTO_INCREMENT, AUTO_INCREMENT=3;
--
-- AUTO_INCREMENT for table `user`
--
ALTER TABLE `user`
  MODIFY `id` int(11) NOT NULL AUTO_INCREMENT, AUTO_INCREMENT=59;
/*!40101 SET CHARACTER_SET_CLIENT=@OLD_CHARACTER_SET_CLIENT */;
/*!40101 SET CHARACTER_SET_RESULTS=@OLD_CHARACTER_SET_RESULTS */;
/*!40101 SET COLLATION_CONNECTION=@OLD_COLLATION_CONNECTION */;
